-- phpMyAdmin SQL Dump
-- version 4.9.5
-- https://www.phpmyadmin.net/
--
-- Host: localhost:3306
-- Generation Time: Jul 14, 2020 at 08:11 AM
-- Server version: 10.3.23-MariaDB-cll-lve
-- PHP Version: 7.3.6

SET SQL_MODE = "NO_AUTO_VALUE_ON_ZERO";
SET AUTOCOMMIT = 0;
START TRANSACTION;
SET time_zone = "+00:00";


/*!40101 SET @OLD_CHARACTER_SET_CLIENT=@@CHARACTER_SET_CLIENT */;
/*!40101 SET @OLD_CHARACTER_SET_RESULTS=@@CHARACTER_SET_RESULTS */;
/*!40101 SET @OLD_COLLATION_CONNECTION=@@COLLATION_CONNECTION */;
/*!40101 SET NAMES utf8mb4 */;

--
-- Database: `temqsbop_aithostelallotment`
--

-- --------------------------------------------------------

--
-- Table structure for table `admins`
--

CREATE TABLE `admins` (
  `id` int(10) UNSIGNED NOT NULL,
  `name` varchar(191) COLLATE utf8mb4_unicode_ci NOT NULL,
  `email` varchar(191) COLLATE utf8mb4_unicode_ci NOT NULL,
  `password` varchar(191) COLLATE utf8mb4_unicode_ci NOT NULL,
  `active` tinyint(1) NOT NULL DEFAULT 0,
  `remember_token` varchar(100) COLLATE utf8mb4_unicode_ci DEFAULT NULL,
  `created_at` timestamp NULL DEFAULT NULL,
  `updated_at` timestamp NULL DEFAULT NULL
) ENGINE=MyISAM DEFAULT CHARSET=utf8mb4 COLLATE=utf8mb4_unicode_ci;

--
-- Dumping data for table `admins`
--

INSERT INTO `admins` (`id`, `name`, `email`, `password`, `active`, `remember_token`, `created_at`, `updated_at`) VALUES
(1, 'Super Admin', 'super@admin.com', '$2y$10$nwWM4KFTQNpRyvbstvLFk.lTnQ0l7vffIdckwhd1OrYKTZN/SkQFK', 1, 'JdeO8gbI5B191rTdHWMhxMmFSGpLiQ21rTo38cZjbNHI48MxzyUSOey1YClq', '2019-05-06 09:25:34', '2019-08-16 03:29:40'),
(2, 'DEEPAK KUMAR YADAV', 'engineerdky@gmail.com', '$2y$10$/TsG1JtAciVc5lK0LGRNIOZrtrdsmaRdhpyNCvZixwKnQkUY7S57S', 1, '1p1B1wGRGDSbVgqsS6gsGye7jMdw2JRnbVASViv4OonNJNkUc86KJSnpZbZV', '2019-05-06 11:40:58', '2019-05-06 11:41:11'),
(3, 'wadiraj', 'wadiraj@gmail.com', '$2y$10$ZcA3u3E9jk5NAaWRggNkpe1A2hxRguVsVjnB01rtOHK9ebu32y5cG', 1, 'Hqrh9cTwta6N2kpHjhvjujPgMvBQ4naQ3qoMuMjFsE9TzlXzZl9NQvmdxPvC', '2019-05-06 11:56:50', '2019-05-06 11:57:29'),
(4, 'Mr Roy', 'roy@gmail.com', '$2y$10$GgEN5uX5M5p/a/6zlPMFluQXPERJ.p2XpstmK0Gg08wXW6s5fdWFe', 1, NULL, '2019-05-08 13:44:12', '2019-05-08 13:44:24'),
(5, 'KS Pillai', 'kspillai16@gmail.com', '$2y$10$/gQ030jAk8RmpYCTWpNHDe1dARSxbkwZfNOBspy0peCZitfLGM6Pi', 1, NULL, '2019-05-10 05:20:16', '2019-05-10 05:20:28');

-- --------------------------------------------------------

--
-- Table structure for table `admin_role`
--

CREATE TABLE `admin_role` (
  `id` int(10) UNSIGNED NOT NULL,
  `role_id` int(10) UNSIGNED NOT NULL,
  `admin_id` int(10) UNSIGNED NOT NULL
) ENGINE=MyISAM DEFAULT CHARSET=utf8mb4 COLLATE=utf8mb4_unicode_ci;

--
-- Dumping data for table `admin_role`
--

INSERT INTO `admin_role` (`id`, `role_id`, `admin_id`) VALUES
(1, 1, 1),
(2, 1, 2),
(3, 3, 3),
(4, 1, 4),
(5, 1, 5);

-- --------------------------------------------------------

--
-- Table structure for table `applications`
--

CREATE TABLE `applications` (
  `id` int(10) UNSIGNED NOT NULL,
  `regno` bigint(20) UNSIGNED NOT NULL,
  `rollno` int(10) UNSIGNED NOT NULL,
  `name` varchar(100) COLLATE utf8mb4_unicode_ci NOT NULL,
  `year` int(11) NOT NULL,
  `branch` int(11) NOT NULL,
  `marks` decimal(5,2) UNSIGNED NOT NULL,
  `accm_for` int(11) NOT NULL,
  `hostel_pref1` int(11) NOT NULL,
  `hostel_pref2` int(11) DEFAULT NULL,
  `hostel_pref3` int(11) DEFAULT NULL,
  `hostel_pref4` int(11) DEFAULT NULL,
  `room_pref1` int(11) NOT NULL,
  `room_pref2` int(11) NOT NULL,
  `room_pref3` int(11) NOT NULL,
  `room_pref4` int(11) NOT NULL,
  `floor_pref1` int(11) NOT NULL,
  `floor_pref2` int(11) NOT NULL,
  `floor_pref3` int(11) NOT NULL,
  `floor_pref4` int(11) NOT NULL,
  `mate1` bigint(20) UNSIGNED DEFAULT NULL,
  `mate2` bigint(20) UNSIGNED DEFAULT NULL,
  `mate3` bigint(20) UNSIGNED DEFAULT NULL,
  `status` int(11) NOT NULL DEFAULT 0,
  `meritin` int(11) NOT NULL DEFAULT 0,
  `created_at` timestamp NULL DEFAULT NULL,
  `updated_at` timestamp NULL DEFAULT NULL
) ENGINE=MyISAM DEFAULT CHARSET=utf8mb4 COLLATE=utf8mb4_unicode_ci;

--
-- Dumping data for table `applications`
--

INSERT INTO `applications` (`id`, `regno`, `rollno`, `name`, `year`, `branch`, `marks`, `accm_for`, `hostel_pref1`, `hostel_pref2`, `hostel_pref3`, `hostel_pref4`, `room_pref1`, `room_pref2`, `room_pref3`, `room_pref4`, `floor_pref1`, `floor_pref2`, `floor_pref3`, `floor_pref4`, `mate1`, `mate2`, `mate3`, `status`, `meritin`, `created_at`, `updated_at`) VALUES
(138, 18376, 4108, 'Aman Singh', 1, 3, 123.29, 2, 6, 7, NULL, NULL, 1, 2, 3, 4, 2, 1, 0, 3, 18487, 18232, NULL, 1, 1, '2019-05-11 13:31:09', '2019-05-12 17:30:09'),
(69, 18179, 7101, 'Akhil J Nair', 1, 6, 192.62, 2, 7, 6, NULL, NULL, 1, 2, 3, 4, 1, 2, 0, 3, 18222, 18593, 18390, 1, 1, '2019-05-11 08:29:29', '2019-05-12 17:30:05'),
(70, 18453, 4150, 'Saurabh Singh Chauhan', 1, 3, 171.46, 2, 6, 7, NULL, NULL, 1, 3, 2, 2, 3, 0, 1, 2, 18206, 18179, 18255, 1, 1, '2019-05-11 08:44:16', '2019-05-12 17:30:08'),
(71, 18655, 2157, 'Mukesh Kumar Hudda', 1, 4, 150.06, 2, 6, 6, NULL, NULL, 3, 2, 1, 4, 2, 1, 3, 0, 18810, NULL, NULL, 0, 1, '2019-05-11 08:49:20', '2019-05-12 17:30:03'),
(72, 18578, 1119, 'Deepak Tiwari', 1, 1, 193.66, 2, 6, 7, NULL, NULL, 2, 1, 3, 4, 2, 1, 3, 0, 18340, NULL, NULL, 1, 1, '2019-05-11 08:50:35', '2019-05-12 17:30:04'),
(73, 18397, 2135, 'Vishal', 1, 4, 194.63, 2, 6, 7, NULL, NULL, 1, 2, 3, 4, 2, 1, 3, 0, NULL, NULL, NULL, 1, 1, '2019-05-11 08:52:42', '2019-05-12 17:30:04'),
(74, 18340, 4128, 'Kunal Khanra', 1, 3, 193.62, 2, 6, 7, NULL, NULL, 2, 1, 3, 4, 2, 1, 3, 0, 18578, NULL, NULL, 1, 1, '2019-05-11 08:55:15', '2019-05-12 17:30:04'),
(75, 18956, 7163, 'Ayush Koul', 1, 6, 130.95, 2, 6, 7, NULL, NULL, 1, 2, 3, 4, 1, 0, 2, 3, 18952, NULL, NULL, 1, 1, '2019-05-11 09:03:33', '2019-05-12 17:30:12'),
(338, 18083, 3163, 'DEEPAK KUMAR UPADHYAY', 1, 5, 172.19, 2, 6, 7, NULL, NULL, 1, 3, 2, 4, 3, 2, 1, 0, 18448, 18512, 18261, 1, 1, '2019-05-11 23:02:54', '2019-05-12 17:30:10'),
(77, 18398, 4130, 'Nabhishek Singh', 1, 3, 121.58, 2, 6, 7, NULL, NULL, 2, 3, 1, 4, 1, 0, 2, 3, 18314, 18202, 18605, 1, 1, '2019-05-11 09:15:33', '2019-05-12 17:30:11'),
(300, 18387, 4103, 'Ajay Bohra', 1, 3, 187.77, 2, 6, 7, NULL, NULL, 1, 1, 2, 3, 2, 1, 3, 0, 18456, 18280, 18326, 1, 1, '2019-05-11 19:26:02', '2019-05-12 17:30:05'),
(79, 18314, 7127, 'Kishan Maharaj', 1, 6, 131.54, 2, 6, 7, NULL, NULL, 2, 3, 1, 4, 1, 0, 2, 3, 18398, 18326, 18202, 1, 1, '2019-05-11 09:25:35', '2019-05-12 17:30:12'),
(80, 18582, 2116, 'Mangesh Shivaji Jadhav', 1, 4, 172.80, 2, 6, 7, NULL, NULL, 1, 3, 2, 4, 2, 1, 3, 0, 18723, 18785, 18728, 1, 1, '2019-05-11 09:28:33', '2019-05-12 17:30:07'),
(81, 18333, 7164, 'Sourav Roy', 1, 6, 175.10, 2, 6, 7, NULL, NULL, 1, 2, 3, 1, 3, 2, 1, 0, 18334, 18453, NULL, 1, 1, '2019-05-11 09:31:32', '2019-05-12 17:30:10'),
(82, 18217, 7137, 'Ritik', 1, 6, 180.30, 2, 6, 7, NULL, NULL, 1, 2, 3, 4, 1, 2, 0, 3, 18205, 18715, 18227, 1, 1, '2019-05-11 09:47:31', '2019-05-12 17:30:07'),
(307, 18184, 7155, 'Vimal Kumar', 1, 6, 124.80, 2, 6, 7, NULL, NULL, 1, 2, 3, 4, 0, 1, 2, 3, 18033, 18046, 18389, 1, 1, '2019-05-11 21:17:19', '2019-05-12 17:30:08'),
(84, 18099, 7150, 'Sohardh Bhandari', 1, 6, 185.79, 2, 6, 7, NULL, NULL, 1, 2, 3, 4, 2, 1, 3, 0, 18072, 18476, 18388, 1, 1, '2019-05-11 10:17:44', '2019-05-12 17:30:07'),
(310, 18437, 4159, 'Vishvajeet Singh Chandrawat', 1, 3, 162.21, 2, 6, 7, NULL, NULL, 1, 2, 3, 4, 2, 3, 1, 0, 18406, 18255, 18444, 1, 1, '2019-05-11 21:23:49', '2019-05-12 17:30:10'),
(305, 18501, 1106, 'Akash', 1, 1, 194.39, 2, 6, 7, NULL, NULL, 1, 2, 3, 4, 1, 2, 0, 3, 18169, 18593, NULL, 1, 1, '2019-05-11 20:28:08', '2019-05-12 17:30:04'),
(302, 18593, 1150, 'Snehasish Pradhan', 1, 1, 190.19, 2, 6, 7, NULL, NULL, 1, 2, 3, 4, 1, 2, 0, 3, 18501, NULL, NULL, 1, 1, '2019-05-11 20:20:41', '2019-05-12 17:30:04'),
(87, 18112, 7128, 'Krishnanunni R S', 1, 6, 190.16, 2, 6, 7, NULL, NULL, 1, 1, 1, 3, 2, 1, 0, 3, 18331, 18206, 18325, 1, 1, '2019-05-11 10:23:00', '2019-05-12 17:30:05'),
(88, 18366, 4125, 'jatin kumar', 1, 3, 170.56, 2, 6, 7, NULL, NULL, 1, 2, 3, 4, 2, 1, 0, 3, 18530, 18774, NULL, 1, 1, '2019-05-11 10:29:21', '2019-05-12 17:30:09'),
(89, 18576, 1118, 'Deepak Bhadoria', 1, 1, 118.63, 2, 6, 7, NULL, NULL, 3, 1, 2, 4, 2, 1, 0, 3, 18774, 18436, 18198, 1, 1, '2019-05-11 10:29:43', '2019-05-12 17:30:10'),
(308, 18270, 3135, 'Pushpendra Kumar', 1, 5, 189.93, 2, 6, 7, NULL, NULL, 1, 2, 3, 4, 2, 1, 0, 3, 18719, 18678, 18273, 1, 1, '2019-05-11 21:20:20', '2019-05-12 17:30:05'),
(91, 18476, 4166, 'Abhishek Kulhari', 1, 3, 169.76, 2, 6, 7, NULL, NULL, 1, 2, 3, 4, 2, 1, 3, 0, 18388, 18099, 18087, 1, 1, '2019-05-11 10:30:57', '2019-05-12 17:30:06'),
(92, 18245, 7105, 'Aman Sharma', 1, 6, 84.16, 2, 6, 7, NULL, NULL, 3, 2, 1, 4, 2, 1, 0, 3, 18774, 18436, NULL, 0, 0, '2019-05-11 10:37:38', '2019-05-12 08:35:18'),
(93, 18565, 2124, 'Pranav Menon', 1, 4, 167.62, 2, 6, 7, NULL, NULL, 3, 1, 2, 4, 2, 1, 0, 3, 18774, 18576, 18436, 1, 1, '2019-05-11 10:45:01', '2019-05-12 17:30:08'),
(94, 18293, 7114, 'Arun', 1, 6, 125.61, 2, 6, 7, NULL, NULL, 2, 3, 1, 4, 3, 2, 1, 0, 18289, 18284, 18537, 1, 1, '2019-05-11 10:50:47', '2019-05-12 17:30:12'),
(95, 18530, 2110, 'Gagan Yadav', 1, 4, 87.90, 2, 6, 7, NULL, NULL, 3, 2, 1, 3, 2, 1, 0, 3, 18366, 18436, 18565, 1, 1, '2019-05-11 10:52:09', '2019-05-12 17:30:09'),
(96, 18715, 2141, 'RISHABH KUMAR', 1, 4, 175.97, 2, 6, 7, NULL, NULL, 1, 3, 2, 4, 1, 2, 3, 0, 18227, 18217, 18428, 1, 1, '2019-05-11 10:53:46', '2019-05-12 17:30:06'),
(97, 18227, 7135, 'Prakarsh Bhardwaj', 1, 6, 150.19, 2, 6, 7, NULL, NULL, 3, 1, 3, 3, 1, 2, 3, 0, 18217, 18715, 18429, 1, 1, '2019-05-11 10:57:56', '2019-05-12 17:30:12'),
(98, 18353, 2128, 'Sandeep Kumar Gurjar', 1, 4, 114.46, 2, 6, 7, NULL, NULL, 3, 2, 1, 4, 2, 1, 3, 0, 18644, 18810, 18810, 1, 1, '2019-05-11 11:05:56', '2019-05-12 17:30:11'),
(100, 18728, 2148, 'Hemant Singh', 1, 4, 175.63, 2, 6, 7, NULL, NULL, 2, 1, 3, 4, 1, 0, 2, 3, 18785, 18805, 18727, 1, 1, '2019-05-11 11:39:04', '2019-05-12 17:30:07'),
(101, 18601, 2105, 'Aniket', 1, 4, 120.40, 2, 6, 7, NULL, NULL, 1, 2, 3, 4, 3, 2, 1, 3, 18206, 18453, 18582, 1, 1, '2019-05-11 11:41:31', '2019-05-12 17:30:11'),
(102, 18805, 2168, 'M Deepak Kumar', 1, 4, 133.17, 2, 6, 7, NULL, NULL, 2, 1, 3, 4, 1, 0, 2, 3, 18727, 18728, 18690, 1, 1, '2019-05-11 11:43:45', '2019-05-12 17:30:10'),
(137, 18207, 7111, 'Anurag Rawat', 1, 6, 187.63, 2, 6, 7, NULL, NULL, 2, 2, 1, 3, 1, 2, 0, 3, 18277, 18278, 18221, 1, 1, '2019-05-11 13:29:40', '2019-05-12 17:30:06'),
(104, 18506, 2106, 'Bhrigu Sharma', 1, 4, 171.05, 2, 6, 7, NULL, NULL, 3, 2, 1, 4, 2, 1, 3, 0, 18323, 18625, 18376, 1, 1, '2019-05-11 11:44:45', '2019-05-12 17:30:08'),
(106, 18531, 1122, 'Dipesh Kumar Singh', 1, 1, 167.27, 2, 6, 7, NULL, NULL, 3, 2, 1, 4, 2, 1, 3, 0, 18296, 18594, 18640, 1, 1, '2019-05-11 12:06:17', '2019-05-12 17:30:07'),
(107, 18344, 4153, 'Shivam Kumar Rai', 1, 3, 173.14, 2, 6, 7, NULL, NULL, 1, 3, 2, 4, 1, 2, 0, 3, 18359, 18428, 18429, 1, 1, '2019-05-11 12:11:18', '2019-05-12 17:30:08'),
(108, 18640, 2101, 'Abhishek Shukla', 1, 4, 85.39, 2, 6, 7, NULL, NULL, 1, 2, 3, 4, 0, 1, 2, 3, 18786, 18594, NULL, 0, 0, '2019-05-11 12:13:29', '2019-05-12 08:35:18'),
(109, 18627, 2140, 'Pravendra Rana', 1, 4, 164.15, 2, 6, 7, NULL, NULL, 1, 2, 3, 4, 0, 1, 2, 3, 18289, 18767, 18537, 1, 1, '2019-05-11 12:16:28', '2019-05-12 17:30:09'),
(110, 18447, 4109, 'Anand Kumar Pandey', 1, 3, 132.48, 2, 6, 7, NULL, NULL, 1, 2, 3, 4, 3, 2, 1, 0, 18072, 18414, 18540, 1, 1, '2019-05-11 12:16:35', '2019-05-12 17:30:08'),
(264, 18143, 7160, 'Zaid Khan', 1, 6, 183.62, 2, 6, 7, NULL, NULL, 1, 3, 2, 4, 3, 2, 1, 0, 18331, 18271, 18220, 1, 1, '2019-05-11 18:20:06', '2019-05-12 17:30:07'),
(136, 18487, 4168, 'Shubham Kumar', 1, 3, 169.83, 2, 6, 7, NULL, NULL, 1, 2, 3, 4, 2, 1, 0, 3, 18376, 18158, 18323, 1, 1, '2019-05-11 13:28:58', '2019-05-12 17:30:09'),
(113, 18289, 7143, 'Sanjay Rawat', 1, 6, 187.86, 2, 6, 7, NULL, NULL, 1, 2, 3, 4, 0, 1, 2, 3, 18627, 18284, 18767, 1, 1, '2019-05-11 12:23:02', '2019-05-12 17:30:06'),
(188, 18273, 3127, 'Krunal Ramesh Patil', 1, 5, 183.21, 2, 6, 7, NULL, NULL, 2, 1, 3, 4, 2, 1, 0, 3, 18275, 18312, NULL, 1, 1, '2019-05-11 14:42:54', '2019-05-12 17:30:07'),
(115, 18767, 2121, 'Naveen Gaur', 1, 4, 94.59, 2, 7, 6, NULL, NULL, 1, 3, 2, 3, 3, 2, 1, 0, 18687, 18289, 18627, 1, 1, '2019-05-11 12:24:33', '2019-05-12 17:30:07'),
(116, 18090, 7124, 'Hariom', 1, 6, 131.37, 2, 6, 7, NULL, NULL, 3, 3, 2, 2, 2, 1, 3, 0, 18195, 18132, 18149, 1, 1, '2019-05-11 12:25:51', '2019-05-12 17:30:09'),
(117, 18195, 7154, 'Vikas Singh', 1, 6, 177.92, 2, 6, 7, NULL, NULL, 1, 3, 3, 3, 2, 1, 2, 1, 18090, 18132, 18150, 1, 1, '2019-05-11 12:27:25', '2019-05-12 17:30:09'),
(118, 18150, 7126, 'Jasbir Singh', 1, 6, 189.97, 2, 6, 7, NULL, NULL, 1, 1, 3, 2, 2, 1, 3, 0, 18132, 18195, NULL, 1, 1, '2019-05-11 12:28:40', '2019-05-12 17:30:05'),
(345, 18564, 1133, 'Mukesh Saran', 1, 1, 93.35, 2, 6, 7, NULL, NULL, 2, 1, 3, 4, 1, 0, 2, 3, 18186, 18390, 18209, 1, 1, '2019-05-12 00:13:47', '2019-05-12 17:30:07'),
(120, 18334, 7165, 'Rahul Kumar Ojha', 1, 6, 177.22, 2, 6, 7, NULL, NULL, 3, 1, 4, 2, 3, 2, 1, 0, 18333, 18453, 18143, 1, 1, '2019-05-11 12:30:46', '2019-05-12 17:30:06'),
(121, 18473, 4162, 'Alok Jhajhria', 1, 3, 181.57, 2, 6, 7, NULL, NULL, 1, 2, 3, 4, 1, 0, 2, 3, 18172, 18363, 18443, 1, 1, '2019-05-11 12:33:51', '2019-05-12 17:30:05'),
(122, 18254, 7119, 'Bijay Singh', 1, 6, 125.99, 2, 6, 7, NULL, NULL, 3, 3, 3, 3, 2, 3, 1, 0, 18592, 18563, 18267, 1, 1, '2019-05-11 12:37:14', '2019-05-12 17:30:04'),
(124, 18592, 2122, 'Noel Sovy', 1, 4, 185.31, 2, 6, 6, NULL, NULL, 3, 3, 3, 3, 2, 2, 2, 2, 18254, 18563, 18267, 1, 1, '2019-05-11 12:38:15', '2019-05-12 17:30:04'),
(125, 18491, 1115, 'Arnab Singha Roy', 1, 1, 114.95, 2, 6, 7, NULL, NULL, 1, 2, 3, 4, 0, 2, 3, 1, NULL, NULL, NULL, 1, 1, '2019-05-11 12:43:47', '2019-05-12 17:30:10'),
(134, 18558, 1123, 'Gaurav Mishra', 1, 1, 180.57, 2, 7, 6, NULL, NULL, 1, 1, 1, 3, 1, 3, 2, 3, 18394, 18249, NULL, 1, 1, '2019-05-11 13:14:54', '2019-05-12 17:30:05'),
(127, 18677, 1170, 'Abhishek Joshi', 1, 1, 172.63, 2, 6, 7, NULL, NULL, 1, 3, 4, 2, 1, 2, 3, 0, NULL, NULL, NULL, 1, 1, '2019-05-11 12:47:49', '2019-05-12 17:30:06'),
(128, 18539, 2129, 'Shailesh Kumar', 1, 4, 180.18, 2, 6, 7, NULL, NULL, 1, 3, 4, 2, 1, 2, 3, 0, NULL, NULL, NULL, 1, 1, '2019-05-11 12:49:59', '2019-05-12 17:30:05'),
(129, 18359, 4105, 'Alam Kathat', 1, 3, 155.21, 2, 6, 7, NULL, NULL, 3, 2, 1, 4, 1, 2, 0, 3, 18344, 18428, 18429, 1, 1, '2019-05-11 12:50:32', '2019-05-12 17:30:08'),
(130, 18428, 4107, 'Aman Gupta', 1, 3, 132.59, 2, 6, 7, NULL, NULL, 3, 1, 2, 4, 1, 2, 0, 3, 18359, 18344, 18429, 1, 1, '2019-05-11 12:50:38', '2019-05-12 17:30:11'),
(131, 18394, 4121, 'Gaurav Kumar Singh', 1, 3, 178.17, 2, 7, 6, NULL, NULL, 3, 1, 2, 4, 1, 0, 2, 3, 18249, 18558, NULL, 1, 1, '2019-05-11 12:58:26', '2019-05-12 17:30:07'),
(132, 18033, 7158, 'Yashwant Singh Chauhan', 1, 6, 119.25, 2, 6, 7, NULL, NULL, 1, 2, 3, 4, 1, 3, 2, 0, 18046, 18184, 18183, 1, 1, '2019-05-11 12:59:17', '2019-05-12 17:30:11'),
(133, 18425, 4116, 'ashish mishra', 1, 3, 180.79, 2, 6, 7, NULL, NULL, 1, 2, 3, 4, 1, 2, 0, 3, 18205, 18394, 18429, 1, 1, '2019-05-11 13:03:40', '2019-05-12 17:30:06'),
(139, 18345, 4104, 'Akash Bhati', 1, 3, 184.49, 2, 6, 7, NULL, NULL, 1, 2, 3, 4, 1, 2, 0, 3, 18341, 18257, 18393, 1, 1, '2019-05-11 13:32:46', '2019-05-12 17:30:05'),
(140, 18393, 4148, 'Saurabh Rai', 1, 3, 174.18, 2, 6, 7, NULL, NULL, 1, 2, 3, 4, 1, 2, 0, 3, 18257, 18196, 18345, 1, 1, '2019-05-11 13:32:48', '2019-05-12 17:30:07'),
(141, 18257, 4157, 'SUMIT KUMAR', 1, 3, 189.78, 2, 6, 7, NULL, NULL, 1, 2, 3, 4, 1, 2, 0, 3, 18393, 18345, 18341, 1, 1, '2019-05-11 13:39:52', '2019-05-12 17:30:04'),
(142, 18833, 2171, 'Chetan Bhal', 1, 4, 106.36, 2, 6, 7, NULL, NULL, 1, 2, 3, 4, 0, 1, 2, 3, 18413, 18727, 18566, 1, 1, '2019-05-11 13:42:36', '2019-05-12 17:30:12'),
(143, 18413, 2125, 'Prateek Shukla', 1, 4, 182.32, 2, 6, 7, NULL, NULL, 1, 1, 1, 2, 1, 2, 0, 3, 18833, 18727, 18566, 1, 1, '2019-05-11 13:42:48', '2019-05-12 17:30:05'),
(178, 18339, 4126, 'Karamvir Singh', 1, 3, 179.22, 2, 7, 6, NULL, NULL, 2, 1, 3, 4, 2, 0, 1, 3, 18379, 18472, 18462, 1, 1, '2019-05-11 14:27:42', '2019-05-12 17:30:06'),
(145, 18198, 7125, 'Harritik Sharma', 1, 6, 111.26, 2, 6, 7, NULL, NULL, 1, 2, 3, 4, 2, 2, 3, 1, 18774, 18576, 18263, 1, 0, '2019-05-11 13:44:06', '2019-05-12 17:30:12'),
(146, 18249, 3157, 'Vimaleshwar Karuppiah Krishnamurthy', 1, 5, 129.14, 2, 7, 6, NULL, NULL, 3, 2, 1, 4, 0, 1, 2, 3, 18394, 18558, NULL, 1, 1, '2019-05-11 13:44:33', '2019-05-12 17:30:07'),
(272, 18704, 1171, 'Guduru Sai Kumar Reddy', 1, 1, 169.45, 2, 7, 6, NULL, NULL, 2, 3, 1, 4, 2, 3, 1, 0, 18528, 18568, NULL, 1, 1, '2019-05-11 18:26:12', '2019-05-12 17:30:06'),
(306, 18228, 3129, 'Mujammil Khan', 1, 5, 162.50, 2, 6, 7, NULL, NULL, 3, 2, 1, 1, 1, 2, 3, 0, 18429, 18227, 18715, 1, 1, '2019-05-11 20:28:35', '2019-05-12 17:30:11'),
(149, 18013, 7146, 'Shaikh Naeem', 1, 6, 177.23, 2, 6, 7, NULL, NULL, 3, 3, 3, 2, 1, 2, 0, 3, 18011, NULL, NULL, 1, 1, '2019-05-11 13:49:21', '2019-05-12 17:30:09'),
(150, 18092, 3132, 'Pranay Mishra', 1, 5, 186.14, 2, 6, 7, NULL, NULL, 1, 2, 3, 4, 1, 2, 0, 3, 18091, 18211, 18388, 1, 1, '2019-05-11 13:50:20', '2019-05-12 17:30:06'),
(151, 18388, 4102, 'Abhinandan Singh', 1, 3, 181.22, 2, 6, 7, NULL, NULL, 3, 1, 2, 4, 2, 1, 3, 0, 18476, 18087, 18396, 1, 1, '2019-05-11 13:53:06', '2019-05-12 17:30:05'),
(152, 18341, 4114, 'Arun', 1, 3, 188.55, 2, 6, 7, NULL, NULL, 1, 2, 3, 4, 1, 2, 0, 3, 18345, 18447, 18376, 1, 1, '2019-05-11 13:53:35', '2019-05-12 17:30:05'),
(153, 18379, 4111, 'Anuj Kumar Bugalia', 1, 3, 129.28, 2, 6, 7, NULL, NULL, 1, 2, 3, 4, 1, 2, 0, 3, 18353, 18644, 18339, 1, 1, '2019-05-11 13:53:40', '2019-05-12 17:30:06'),
(341, 18512, 1111, 'Amit Kumar Bhuyan', 1, 1, 98.92, 2, 6, 7, NULL, NULL, 3, 2, 1, 4, 3, 2, 1, 0, 18448, 18083, NULL, 1, 1, '2019-05-11 23:24:57', '2019-05-12 17:30:10'),
(155, 18418, 4112, 'Arman', 1, 3, 165.25, 2, 6, 7, NULL, NULL, 1, 2, 3, 4, 2, 1, 0, 3, 18389, 18263, 18379, 1, 1, '2019-05-11 13:56:36', '2019-05-12 17:30:10'),
(156, 18296, 3149, 'Srikant Pani', 1, 5, 171.13, 2, 6, 7, NULL, NULL, 3, 2, 1, 4, 2, 1, 3, 0, 18531, 18594, 18531, 1, 1, '2019-05-11 13:56:52', '2019-05-12 17:30:07'),
(157, 18594, 1159, 'Vishal Subhash Solanke', 1, 1, 158.34, 2, 6, 7, NULL, NULL, 3, 2, 1, 4, 2, 1, 3, 0, 18531, 18296, 18296, 1, 1, '2019-05-11 14:00:07', '2019-05-12 17:30:07'),
(158, 18444, 4145, 'Rohit Sangwan', 1, 3, 180.46, 2, 7, 6, NULL, NULL, 1, 2, 3, 3, 1, 0, 2, 3, 18332, 18394, 18249, 1, 1, '2019-05-11 14:02:22', '2019-05-12 17:30:06'),
(159, 18222, 3101, 'Aashish Ramesh Koshti', 1, 5, 192.52, 2, 7, 6, NULL, NULL, 1, 1, 2, 3, 1, 2, 3, 0, 18179, NULL, NULL, 1, 1, '2019-05-11 14:03:06', '2019-05-12 17:30:05'),
(160, 18178, 3143, 'Satya Prakash', 1, 5, 175.46, 2, 6, 7, NULL, NULL, 1, 3, 2, 4, 1, 2, 0, 3, 18352, 18443, 18202, 1, 1, '2019-05-11 14:07:22', '2019-05-12 17:30:09'),
(309, 18537, 2137, 'Amit Kumar', 1, 1, 169.00, 2, 6, 7, NULL, NULL, 1, 3, 2, 4, 3, 2, 1, 0, 18615, 18799, 18792, 1, 1, '2019-05-11 21:22:06', '2019-05-12 17:30:07'),
(162, 18581, 1113, 'Ankit Singh', 1, 1, 174.21, 2, 6, 7, NULL, NULL, 3, 1, 2, 4, 2, 1, 2, 0, 18291, 18633, 18531, 1, 1, '2019-05-11 14:11:53', '2019-05-12 17:30:05'),
(163, 18272, 7148, 'Shubham Raghav', 1, 6, 127.83, 2, 6, 7, NULL, NULL, 1, 2, 3, 4, 3, 2, 1, 0, 18447, 18414, 18099, 1, 1, '2019-05-11 14:12:30', '2019-05-12 17:30:08'),
(164, 18309, 3137, 'Rishav Sharma', 1, 5, 186.73, 2, 6, 7, NULL, NULL, 1, 2, 3, 4, 1, 2, 3, 0, 18202, NULL, 18178, 1, 1, '2019-05-11 14:13:06', '2019-05-12 17:30:06'),
(165, 18202, 7140, 'S Suryanarayanan', 1, 6, 175.51, 2, 6, 7, NULL, NULL, 1, 3, 2, 4, 2, 1, 0, 3, 18605, NULL, NULL, 1, 1, '2019-05-11 14:13:25', '2019-05-12 17:30:10'),
(166, 18583, 2131, 'Shravan Kumar Veloori', 1, 4, 132.28, 2, 6, 7, NULL, NULL, 1, 2, 3, 4, 2, 1, 3, 0, 18263, 18728, 18805, 1, 1, '2019-05-11 14:13:39', '2019-05-12 17:30:10'),
(167, 18291, 3159, 'Vivek Negi', 1, 5, 171.28, 2, 6, 7, NULL, NULL, 3, 1, 3, 4, 2, 1, 2, 3, 18581, 18633, 18581, 1, 1, '2019-05-11 14:15:46', '2019-05-12 17:30:05'),
(168, 18786, 2160, 'Sushant Kumar', 1, 4, 104.71, 2, 7, 6, NULL, NULL, 1, 2, 3, 4, 2, 1, 3, 0, 18718, 18799, 18607, 1, 1, '2019-05-11 14:15:51', '2019-05-12 17:30:12'),
(169, 18633, 1101, 'Abhishek Jha', 1, 1, 172.36, 2, 6, 7, NULL, NULL, 3, 1, 2, 4, 2, 1, 3, 0, 18581, 18291, 18581, 1, 1, '2019-05-11 14:15:53', '2019-05-12 17:30:05'),
(170, 18687, 2165, 'Kapil Dev Sharma', 1, 4, 172.81, 2, 7, 6, NULL, NULL, 1, 3, 2, 3, 3, 2, 1, 0, 18767, 18528, 18615, 1, 1, '2019-05-11 14:16:38', '2019-05-12 17:30:07'),
(171, 18352, 4146, 'Roshan Rai', 1, 3, 183.82, 2, 6, 7, NULL, NULL, 1, 1, 3, 1, 1, 2, 0, 3, 18178, 18443, 18365, 1, 1, '2019-05-11 14:17:15', '2019-05-12 17:30:05'),
(172, 18429, 4117, 'Atul Kumar Tiwari', 1, 3, 170.29, 2, 6, 7, NULL, NULL, 1, 3, 2, 4, 1, 2, 0, 3, 18394, 18228, 18227, 1, 1, '2019-05-11 14:18:50', '2019-05-12 17:30:08'),
(173, 18130, 3131, 'Pawan Kumar Dixit', 1, 5, 184.10, 2, 6, 7, NULL, NULL, 2, 1, 3, 3, 3, 2, 1, 0, 18152, 18263, 18271, 1, 1, '2019-05-11 14:20:00', '2019-05-12 17:30:07'),
(175, 18229, 4137, 'Prantik Mahapatra', 1, 3, 121.21, 2, 6, 7, NULL, NULL, 3, 2, 1, 4, 1, 2, 0, 3, 18430, 18232, 18375, 1, 1, '2019-05-11 14:22:12', '2019-05-12 17:30:10'),
(176, 18414, 1127, 'Kedar Krishnarao Joshi', 1, 1, 172.25, 2, 6, 7, NULL, NULL, 1, 2, 3, 3, 3, 3, 2, 2, 18072, 18447, 18272, 1, 1, '2019-05-11 14:23:42', '2019-05-12 17:30:06'),
(177, 18378, 4106, 'Aman', 1, 3, 171.04, 2, 6, 7, NULL, NULL, 3, 1, 2, 4, 0, 1, 2, 3, 18162, 18251, 18378, 1, 1, '2019-05-11 14:24:20', '2019-05-12 17:30:08'),
(179, 18162, 3134, 'Pudi Siva Raj', 1, 5, 89.59, 2, 6, 7, NULL, NULL, 3, 1, 2, 4, 0, 1, 2, 3, 18378, 18251, 18162, 0, 0, '2019-05-11 14:29:51', '2019-05-12 08:35:18'),
(180, 18389, 4120, 'Gaurav Kumar Malik', 1, 3, 172.40, 2, 6, 7, NULL, NULL, 1, 2, 3, 4, 2, 1, 3, 0, 18452, 18184, 18375, 1, 1, '2019-05-11 14:32:34', '2019-05-12 17:30:08'),
(181, 18210, 7151, 'Subham Jena', 1, 6, 183.60, 2, 6, 6, NULL, NULL, 1, 2, 3, 3, 3, 2, 1, 0, 18272, 18447, NULL, 1, 1, '2019-05-11 14:34:33', '2019-05-12 17:30:07'),
(182, 18718, 2120, 'Mohd Asif Farhan', 1, 4, 98.09, 2, 7, 6, NULL, NULL, 1, 2, 3, 4, 2, 2, 1, 3, 18786, 18799, 18607, 1, 1, '2019-05-11 14:35:11', '2019-05-12 17:30:12'),
(183, 18205, 7141, 'Sachin Keshav', 1, 6, 187.46, 2, 6, 7, NULL, NULL, 2, 1, 3, 4, 2, 1, 3, 0, 18425, 18217, 18202, 1, 1, '2019-05-11 14:36:14', '2019-05-12 17:30:07'),
(184, 18072, 3156, 'Vijender', 1, 5, 176.66, 2, 6, 7, NULL, NULL, 3, 1, 2, 4, 2, 1, 3, 0, 18447, 18414, 18099, 1, 1, '2019-05-11 14:36:16', '2019-05-12 17:30:08'),
(185, 18952, 3162, 'SHUBAM PARIHAR', 1, 5, 132.76, 2, 6, 7, NULL, NULL, 1, 2, 3, 4, 1, 0, 2, 3, 18956, NULL, NULL, 1, 1, '2019-05-11 14:37:43', '2019-05-12 17:30:11'),
(186, 18452, 1120, 'Deepak Kumar', 1, 1, 107.90, 2, 6, 7, NULL, NULL, 1, 2, 3, 4, 2, 1, 3, 0, 18389, 18184, 18375, 1, 1, '2019-05-11 14:38:02', '2019-05-12 17:30:08'),
(304, 18152, 7110, 'Anil Kumar', 1, 6, 188.71, 2, 6, 7, NULL, NULL, 1, 2, 3, 4, 3, 2, 1, 0, 18130, 18263, 18220, 1, 1, '2019-05-11 20:27:00', '2019-05-12 17:30:05'),
(263, 18208, 2118, 'Manish Kumar', 1, 4, 177.84, 2, 7, 6, NULL, NULL, 3, 1, 2, 4, 1, 0, 2, 3, 18307, 18145, NULL, 1, 1, '2019-05-11 17:58:11', '2019-05-12 17:30:06'),
(210, 18540, 1148, 'Shuvam Kumar', 1, 1, 167.88, 2, 6, 7, NULL, NULL, 1, 2, 3, 4, 3, 2, 1, 0, 18400, 18414, 18447, 1, 1, '2019-05-11 15:30:56', '2019-05-12 17:30:05'),
(192, 18220, 3125, 'Himanshu Shekhar Padhi', 1, 5, 174.34, 2, 6, 7, NULL, NULL, 3, 1, 2, 4, 3, 2, 1, 0, 18305, 18211, 18334, 1, 1, '2019-05-11 14:47:19', '2019-05-12 17:30:07'),
(193, 18535, 1128, 'Khushwant Singh', 1, 1, 128.44, 2, 7, 6, NULL, NULL, 1, 2, 3, 4, 1, 2, 0, 3, 18186, 18605, 18547, 1, 1, '2019-05-11 14:48:42', '2019-05-12 17:30:09'),
(194, 18509, 1103, 'Additya Anand', 1, 1, 92.43, 2, 6, 7, NULL, NULL, 1, 3, 2, 3, 3, 1, 2, 0, 18064, 18182, 18489, 0, 0, '2019-05-11 14:49:44', '2019-05-12 08:35:18'),
(195, 18182, 3145, 'Shardul Palhania', 1, 5, 116.73, 2, 6, 7, NULL, NULL, 3, 2, 1, 4, 3, 1, 2, 0, 18064, 18509, 18489, 1, 1, '2019-05-11 14:49:45', '2019-05-12 17:30:12'),
(196, 18064, 3153, 'Vanshraj Seth', 1, 5, 185.48, 2, 6, 7, NULL, NULL, 1, 3, 2, 4, 3, 1, 2, 0, 18509, 18182, 18489, 1, 1, '2019-05-11 14:49:47', '2019-05-12 17:30:06'),
(262, 18614, 1157, 'Vijay Pandey', 1, 1, 183.28, 2, 6, 7, NULL, NULL, 1, 2, 3, 4, 2, 3, 1, 0, 18535, NULL, NULL, 1, 1, '2019-05-11 17:57:32', '2019-05-12 17:30:04'),
(198, 18430, 4138, 'Prashant Kumar Sharma', 1, 3, 165.76, 2, 6, 7, NULL, NULL, 1, 3, 2, 4, 1, 2, 0, 3, 18229, 18232, 18375, 1, 1, '2019-05-11 14:49:57', '2019-05-12 17:30:10'),
(199, 18331, 7162, 'Vamsi Krishna Shahukaru', 1, 6, 172.70, 2, 6, 7, NULL, NULL, 3, 1, 2, 4, 3, 2, 1, 0, 18143, 18271, 18251, 1, 1, '2019-05-11 14:51:52', '2019-05-12 17:30:08'),
(200, 18305, 3138, 'Rohan Thakur', 1, 5, 188.06, 2, 6, 7, NULL, NULL, 3, 1, 4, 2, 3, 2, 1, 0, 18220, 18211, 18334, 1, 1, '2019-05-11 14:52:09', '2019-05-12 17:30:06'),
(201, 18772, 2146, 'Pranjal Singh', 1, 4, 177.43, 2, 6, 7, NULL, NULL, 1, 2, 3, 4, 2, 1, 3, 0, 18601, NULL, NULL, 1, 1, '2019-05-11 14:54:27', '2019-05-12 17:30:06'),
(202, 18203, 3152, 'Udit Chaudhary', 1, 5, 184.97, 2, 6, 7, NULL, NULL, 2, 1, 3, 4, 1, 3, 0, 2, 18136, NULL, NULL, 1, 1, '2019-05-11 14:54:32', '2019-05-12 17:30:04'),
(203, 18232, 7149, 'Siddharth Singh', 1, 6, 176.04, 2, 6, 7, NULL, NULL, 1, 2, 3, 4, 1, 2, 0, 3, 18229, 18430, 18011, 1, 1, '2019-05-11 14:55:20', '2019-05-12 17:30:10'),
(204, 18211, 3124, 'Himanshu Guleria', 1, 5, 178.21, 2, 6, 7, NULL, NULL, 3, 1, 2, 4, 3, 2, 1, 0, 18220, 18305, 18334, 1, 1, '2019-05-11 14:55:32', '2019-05-12 17:30:06'),
(205, 18136, 3109, 'Akash Singh', 1, 5, 197.26, 2, 6, 7, NULL, NULL, 2, 1, 3, 4, 1, 2, 0, 3, 18203, NULL, NULL, 1, 1, '2019-05-11 14:57:56', '2019-05-12 17:30:04'),
(206, 18455, 4154, 'Shubham Anand', 1, 3, 171.61, 2, 6, 7, NULL, NULL, 1, 3, 2, 4, 2, 3, 1, 0, 18449, 18456, 18341, 1, 1, '2019-05-11 15:03:18', '2019-05-12 17:30:06'),
(207, 18288, 3126, 'Kapil Daulat', 1, 5, 175.96, 2, 7, 6, NULL, NULL, 2, 3, 2, 1, 3, 2, 3, 2, 18580, 18687, 18530, 1, 1, '2019-05-11 15:04:16', '2019-05-12 17:30:09'),
(208, 18183, 7123, 'Diwaker Singh', 1, 6, 194.94, 2, 6, 7, NULL, NULL, 1, 2, 3, 4, 1, 0, 2, 3, 18046, 18033, 18365, 1, 1, '2019-05-11 15:15:10', '2019-05-12 17:30:04'),
(209, 18312, 3144, 'Shaik Aftab', 1, 5, 183.68, 2, 6, 7, NULL, NULL, 1, 3, 2, 3, 2, 1, 2, 3, 18273, 18275, NULL, 1, 1, '2019-05-11 15:21:13', '2019-05-12 17:30:07'),
(211, 18234, 7156, 'Yash Chaudhary', 1, 6, 177.09, 2, 6, 7, NULL, NULL, 1, 3, 2, 4, 3, 1, 2, 0, 18064, 18509, 18323, 1, 1, '2019-05-11 15:32:28', '2019-05-12 17:30:10'),
(212, 18443, 4124, 'HARSH CHAUHAN', 1, 3, 170.47, 2, 6, 7, NULL, NULL, 3, 2, 1, 4, 1, 2, 3, 0, 18352, 18178, 18309, 1, 1, '2019-05-11 15:33:48', '2019-05-12 17:30:09'),
(213, 18054, 7107, 'Aman Kumar Ojha', 1, 6, 187.76, 2, 6, 7, NULL, NULL, 1, 2, 3, 4, 1, 2, 3, 0, 18284, 18178, 18044, 1, 1, '2019-05-11 15:36:35', '2019-05-12 17:30:06'),
(214, 18365, 4135, 'P L V Sai Pawan Kumar', 1, 3, 192.28, 2, 6, 7, NULL, NULL, 1, 2, 3, 4, 1, 0, 2, 3, 18183, 18352, 18625, 1, 1, '2019-05-11 15:36:45', '2019-05-12 17:30:04'),
(215, 18625, 2143, 'Rahul', 1, 4, 171.35, 2, 6, 7, NULL, NULL, 1, 2, 3, 4, 1, 0, 2, 3, 18278, 18506, 18365, 1, 1, '2019-05-11 15:46:36', '2019-05-12 17:30:08'),
(216, 18538, 1139, 'Rohan Dalal', 1, 1, 99.54, 2, 6, 7, NULL, NULL, 2, 3, 3, 1, 2, 2, 3, 1, 18625, 18362, 18267, 1, 1, '2019-05-11 15:48:48', '2019-05-12 17:30:11'),
(217, 18197, 3108, 'Ajay Kumar Dangi', 1, 5, 195.24, 2, 6, 7, NULL, NULL, 1, 2, 3, 4, 2, 1, 3, 0, NULL, NULL, NULL, 1, 1, '2019-05-11 16:01:26', '2019-05-12 17:30:04'),
(218, 18605, 1140, 'Rudra Pratap Singh', 1, 1, 156.96, 2, 7, 6, NULL, NULL, 1, 2, 3, 4, 2, 1, 3, 0, 18535, 18202, 18186, 1, 1, '2019-05-11 16:01:58', '2019-05-12 17:30:08'),
(219, 18580, 1165, 'Sangam Poonia', 1, 1, 108.95, 2, 7, 6, NULL, NULL, 2, 3, 2, 3, 3, 2, 3, 2, 18288, 18687, 18530, 1, 1, '2019-05-11 16:02:19', '2019-05-12 17:30:09'),
(220, 18326, 7104, 'Akshit Mamgain', 1, 6, 198.03, 2, 6, 7, NULL, NULL, 1, 2, 3, 4, 1, 2, 3, 0, 18387, 18314, 18152, 1, 1, '2019-05-11 16:03:54', '2019-05-12 17:30:04'),
(221, 18955, 2162, 'Tajinderpal singh', 1, 4, 136.40, 2, 6, NULL, NULL, NULL, 1, 1, 2, 2, 0, 0, 1, 1, NULL, NULL, NULL, 0, 1, '2019-05-11 16:13:06', '2019-05-12 17:30:03'),
(222, 18087, 3110, 'Aman Semwal', 1, 5, 186.61, 2, 6, 7, NULL, NULL, 3, 1, 2, 4, 2, 1, 3, 0, 18388, 18476, 18325, 1, 1, '2019-05-11 16:14:07', '2019-05-12 17:30:06'),
(223, 18644, 2133, 'Surya Prakash', 1, 4, 115.34, 2, 6, 7, NULL, NULL, 1, 2, 3, 4, 1, 2, 0, 3, 18353, 18379, 18339, 1, 1, '2019-05-11 16:19:40', '2019-05-12 17:30:11'),
(224, 18449, 4115, 'Ashish Singh', 1, 3, 181.22, 2, 6, 7, NULL, NULL, 3, 1, 2, 4, 3, 2, 1, 0, 18455, 18050, 18341, 1, 1, '2019-05-11 16:21:06', '2019-05-12 17:30:06'),
(225, 18171, 3133, 'Pranay Pandurang Gaikwad', 1, 5, 184.87, 2, 6, 7, NULL, NULL, 1, 3, 2, 4, 1, 0, 2, 3, 18158, 18322, NULL, 1, 1, '2019-05-11 16:25:12', '2019-05-12 17:30:07'),
(226, 18158, 3103, 'Abhishek Kumar', 1, 5, 179.99, 2, 6, 7, NULL, NULL, 1, 3, 2, 4, 1, 0, 2, 3, 18171, 18322, NULL, 1, 1, '2019-05-11 16:25:33', '2019-05-12 17:30:07'),
(227, 18325, 3111, 'Amandeep Rawat', 1, 5, 171.36, 2, 6, 7, NULL, NULL, 2, 1, 3, 4, 2, 1, 3, 0, 18396, 18089, NULL, 1, 1, '2019-05-11 16:37:24', '2019-05-12 17:30:10'),
(228, 18275, 3151, 'Swapnil Singh', 1, 5, 118.95, 2, 6, 7, NULL, NULL, 2, 3, 1, 4, 2, 1, 0, 3, 18273, 18312, 18958, 1, 1, '2019-05-11 16:38:38', '2019-05-12 17:30:07'),
(229, 18647, 1138, 'Rajdip Akhuli', 1, 1, 159.56, 2, 7, 6, NULL, NULL, 2, 1, 3, 3, 1, 2, 0, 3, 18792, 18604, 18799, 1, 1, '2019-05-11 16:40:52', '2019-05-12 17:30:09'),
(230, 18799, 2155, 'Kashi Nath Singh', 1, 4, 126.03, 2, 7, 6, NULL, NULL, 2, 1, 3, 4, 2, 1, 0, 3, 18607, 18647, 18792, 1, 1, '2019-05-11 16:48:53', '2019-05-12 17:30:09'),
(231, 18604, 1136, 'Prijwal Singh Kushwah', 1, 1, 119.07, 2, 6, 7, NULL, NULL, 3, 2, 1, 4, 2, 1, 0, 3, 18634, 18647, NULL, 1, 1, '2019-05-11 16:49:55', '2019-05-12 17:30:09'),
(232, 18719, 2142, 'Raj Shekhar Singh', 1, 4, 182.23, 2, 6, 7, NULL, NULL, 1, 2, 3, 4, 1, 2, 0, 3, 18270, 18280, 18678, 1, 1, '2019-05-11 16:52:01', '2019-05-12 17:30:05'),
(233, 18607, 2139, 'Kanchu Tarun', 1, 4, 168.43, 2, 7, 6, NULL, NULL, 1, 2, 3, 4, 0, 1, 2, 3, NULL, NULL, NULL, 1, 1, '2019-05-11 16:56:09', '2019-05-12 17:30:08'),
(234, 18277, 7122, 'Diwakar Singh', 1, 6, 184.50, 2, 6, 7, NULL, NULL, 2, 1, 3, 4, 1, 2, 0, 3, 18207, 18678, 18763, 1, 1, '2019-05-11 17:01:18', '2019-05-12 17:30:06'),
(235, 18615, 2136, 'Vivek Singh', 1, 1, 164.77, 2, 6, 6, NULL, NULL, 3, 3, 2, 2, 3, 3, 2, 2, 18607, 18687, NULL, 1, 1, '2019-05-11 17:03:54', '2019-05-12 17:30:07'),
(236, 18050, 3160, 'Vivek Kumar Mishra', 1, 5, 181.73, 2, 6, 7, NULL, NULL, 3, 1, 2, 2, 3, 1, 2, 0, 18449, 18523, 18040, 1, 1, '2019-05-11 17:05:41', '2019-05-12 17:30:06'),
(237, 18763, 2154, 'Amit Kumar Jha', 1, 4, 128.94, 2, 7, 6, NULL, NULL, 1, 2, 3, 4, 2, 3, 1, 0, 18682, 18277, 18687, 1, 1, '2019-05-11 17:07:48', '2019-05-12 17:30:10'),
(238, 18682, 2158, 'Nikhil Tiwari', 1, 4, 126.49, 2, 7, 6, NULL, NULL, 1, 2, 3, 4, 2, 3, 1, 0, 18678, 18763, 18661, 1, 1, '2019-05-11 17:11:46', '2019-05-12 17:30:07'),
(239, 18678, 1154, 'Sunny Bhandari', 1, 1, 168.72, 2, 6, 7, NULL, NULL, 1, 2, 3, 4, 1, 2, 0, 3, 18719, 18277, 18682, 1, 1, '2019-05-11 17:13:50', '2019-05-12 17:30:07'),
(240, 18144, 3107, 'Ajay Kahlan', 1, 5, 180.67, 2, 6, 7, NULL, NULL, 1, 3, 2, 4, 3, 2, 1, 0, 18271, 18017, 18331, 1, 1, '2019-05-11 17:14:36', '2019-05-12 17:30:08'),
(241, 18295, 7142, 'Sagar', 1, 6, 165.19, 2, 6, 7, NULL, NULL, 2, 2, 3, 3, 2, 1, 3, 0, 18294, 18280, 18526, 1, 1, '2019-05-11 17:18:17', '2019-05-12 17:30:09'),
(242, 18598, 1145, 'Saurav Singh', 1, 1, 176.28, 2, 6, 7, NULL, NULL, 1, 2, 3, 4, 0, 1, 2, 3, NULL, NULL, NULL, 1, 1, '2019-05-11 17:22:30', '2019-05-12 17:30:05'),
(243, 18690, 2145, 'Bhagat Singh Bisht', 1, 4, 134.22, 2, 6, 7, NULL, NULL, 3, 2, 1, 4, 1, 2, 0, 3, 18727, 18728, 18805, 1, 1, '2019-05-11 17:24:26', '2019-05-12 17:30:10'),
(244, 18462, 4140, 'R Sankalp Shukla', 1, 3, 163.81, 2, 6, 7, NULL, NULL, 1, 2, 3, 4, 1, 2, 3, 0, 18468, 18339, 18395, 1, 1, '2019-05-11 17:25:35', '2019-05-12 17:30:05'),
(245, 18503, 1156, 'Vijay Kumar', 1, 1, 114.71, 2, 6, 7, NULL, NULL, 1, 3, 2, 4, 1, 0, 2, 3, 18547, 18406, NULL, 1, 1, '2019-05-11 17:29:18', '2019-05-12 17:30:08'),
(246, 18396, 4110, 'Ankit Kumar', 1, 3, 191.34, 2, 6, 7, NULL, NULL, 1, 2, 3, 4, 2, 1, 3, 0, 18325, 18388, 18476, 1, 1, '2019-05-11 17:34:08', '2019-05-12 17:30:04'),
(247, 18547, 1142, 'Sahil Sharma', 1, 1, 165.59, 2, 6, 7, NULL, NULL, 1, 3, 2, 4, 0, 1, 2, 3, 18503, 18406, NULL, 1, 1, '2019-05-11 17:35:25', '2019-05-12 17:30:08'),
(248, 18954, 2152, 'SHIVA CHARAK', 1, 4, 181.81, 2, 7, 6, NULL, NULL, 1, 1, 2, 3, 1, 0, 2, 3, 18568, 18661, NULL, 1, 1, '2019-05-11 17:36:48', '2019-05-12 17:30:05'),
(249, 18206, 3114, 'Aravind', 1, 5, 179.33, 2, 6, 7, NULL, NULL, 3, 2, 4, 1, 3, 1, 2, 0, 18453, 18179, 18255, 1, 1, '2019-05-11 17:39:39', '2019-05-12 17:30:08'),
(250, 18456, 4151, 'Saurav Chauhan', 1, 3, 184.74, 2, 6, 7, NULL, NULL, 2, 1, 3, 4, 1, 2, 0, 3, 18280, 18387, 18304, 1, 1, '2019-05-11 17:40:54', '2019-05-12 17:30:05'),
(251, 18468, 1141, 'S Hussain Ali', 1, 1, 181.64, 2, 6, 7, NULL, NULL, 2, 3, 1, 4, 1, 0, 2, 3, 18462, NULL, NULL, 1, 1, '2019-05-11 17:41:22', '2019-05-12 17:30:05'),
(252, 18201, 3123, 'Devansh Sharma', 1, 5, 194.11, 2, 6, 7, NULL, NULL, 1, 2, 3, 4, 3, 2, 1, 0, 18449, 18523, 18050, 1, 1, '2019-05-11 17:42:35', '2019-05-12 17:30:05'),
(253, 18464, 4101, 'Abhilash Kumar Trivedi', 1, 3, 176.32, 2, 6, 7, NULL, NULL, 1, 2, 3, 4, 3, 2, 1, 0, 18466, 18347, 18414, 1, 1, '2019-05-11 17:49:29', '2019-05-12 17:30:07'),
(254, 18431, 4144, 'Robin Acharya', 1, 3, 169.22, 2, 6, 7, NULL, NULL, 1, 2, 3, 4, 3, 2, 1, 0, 18447, 18072, 18540, 1, 1, '2019-05-11 17:49:29', '2019-05-12 17:30:10'),
(255, 18209, 3139, 'Rohit Godara', 1, 5, 183.20, 2, 6, 7, NULL, NULL, 1, 2, 3, 4, 2, 1, 3, 0, 18564, NULL, NULL, 1, 1, '2019-05-11 17:49:49', '2019-05-12 17:30:07'),
(256, 18322, 3128, 'Meghaj Singh', 1, 5, 161.13, 2, 6, 7, NULL, NULL, 1, 3, 2, 4, 1, 0, 2, 3, 18158, 18171, 18011, 1, 1, '2019-05-11 17:51:28', '2019-05-12 17:30:07'),
(257, 18660, 1104, 'Aditya Alok', 1, 1, 154.50, 2, 6, 7, NULL, NULL, 1, 2, 3, 4, 2, 1, 3, 0, 18295, 18526, 18209, 1, 1, '2019-05-11 17:52:14', '2019-05-12 17:30:09'),
(258, 18300, 3118, 'Ashok Kumar', 1, 5, 191.83, 2, 6, 7, NULL, NULL, 1, 2, 3, 4, 1, 2, 0, 3, 18526, 18660, 18295, 1, 1, '2019-05-11 17:52:52', '2019-05-12 17:30:05'),
(267, 18221, 7112, 'Anutosh Kumar', 1, 6, 188.68, 2, 7, 6, NULL, NULL, 3, 1, 2, 4, 1, 2, 0, 3, 18562, 18470, NULL, 1, 1, '2019-05-11 18:23:48', '2019-05-12 17:30:05'),
(260, 18307, 7102, 'Akshay Sharma', 1, 6, 175.73, 2, 7, 6, NULL, NULL, 3, 1, 2, 4, 1, 0, 2, 3, 18208, 18145, NULL, 1, 1, '2019-05-11 17:54:27', '2019-05-12 17:30:06'),
(266, 18149, 3113, 'Anmol Majhi', 1, 5, 171.44, 2, 6, 7, NULL, NULL, 1, 2, 3, 4, 2, 1, 3, 0, 18132, 18090, 18333, 1, 1, '2019-05-11 18:22:22', '2019-05-12 17:30:10'),
(265, 18562, 1124, 'Harshvardhan', 1, 1, 104.93, 2, 7, 6, NULL, NULL, 3, 1, 2, 4, 1, 2, 0, 3, 18221, 18470, NULL, 1, 1, '2019-05-11 18:21:10', '2019-05-12 17:30:05'),
(268, 18151, 7153, 'SWAPNIL PANDEY', 1, 6, 193.03, 2, 6, 7, NULL, NULL, 1, 2, 3, 4, 1, 2, 0, 3, NULL, NULL, NULL, 1, 1, '2019-05-11 18:24:06', '2019-05-12 17:30:04'),
(269, 18661, 2149, 'Manoj Singh', 1, 1, 119.94, 2, 7, 6, NULL, NULL, 3, 1, 2, 4, 1, 0, 2, 3, 18568, 18172, NULL, 1, 1, '2019-05-11 18:24:07', '2019-05-12 17:30:10'),
(270, 18091, 3142, 'Sanju Singh', 1, 5, 195.43, 2, 6, 7, NULL, NULL, 1, 2, 3, 4, 1, 2, 0, 3, 18236, 18130, 18092, 1, 1, '2019-05-11 18:25:13', '2019-05-12 17:30:04'),
(271, 18145, 3150, 'Suraj Singh Kanyal', 1, 5, 159.48, 2, 7, 6, NULL, NULL, 3, 2, 1, 4, 1, 0, 2, 3, 18208, 18307, NULL, 1, 1, '2019-05-11 18:25:47', '2019-05-12 17:30:06'),
(274, 18526, 1134, 'Prabhat Gurung', 1, 1, 170.44, 2, 6, 7, NULL, NULL, 1, 3, 2, 4, 2, 1, 0, 3, 18660, 18295, 18209, 1, 1, '2019-05-11 18:27:23', '2019-05-12 17:30:06'),
(275, 18236, 3106, 'Abhishek Kumar Yadav', 1, 5, 194.27, 2, 6, 7, NULL, NULL, 1, 2, 3, 4, 1, 2, 0, 3, 18091, 18130, 18092, 1, 1, '2019-05-11 18:29:21', '2019-05-12 17:30:05'),
(276, 18438, 1129, 'Kumar Saurav', 1, 1, 176.80, 2, 7, 6, NULL, NULL, 1, 2, 3, 4, 3, 2, 1, 0, 18473, 18475, 18558, 1, 1, '2019-05-11 18:29:57', '2019-05-12 17:30:05'),
(277, 18390, 7161, 'Nikhil Singh Kotwal', 1, 6, 191.48, 2, 6, 7, NULL, NULL, 1, 2, 3, 4, 1, 0, 2, 3, 18564, NULL, NULL, 1, 1, '2019-05-11 18:30:08', '2019-05-12 17:30:05'),
(278, 18957, 1166, 'Kartik Sharma', 1, 1, 113.14, 2, 6, 7, NULL, NULL, 1, 2, 3, 4, 1, 0, 2, 3, 18956, 18953, 18562, 1, 1, '2019-05-11 18:31:06', '2019-05-12 17:30:11'),
(279, 18470, 4133, 'Nikhil Kumar', 1, 3, 107.51, 2, 7, 6, NULL, NULL, 3, 2, 1, 4, 1, 2, 0, 3, 18221, 18562, NULL, 1, 0, '2019-05-11 18:31:27', '2019-05-12 17:30:12'),
(280, 18596, 1160, 'Yaman Deep Singh', 1, 1, 188.57, 2, 6, 7, NULL, NULL, 1, 2, 3, 4, 2, 1, 3, 0, 18040, 18614, 18204, 1, 1, '2019-05-11 18:31:38', '2019-05-12 17:30:04'),
(281, 18490, 1137, 'Rahul Yadav', 1, 1, 98.43, 2, 6, 7, NULL, NULL, 3, 2, 1, 4, 2, 1, 3, 0, 18118, 18124, 18028, 1, 1, '2019-05-11 18:32:08', '2019-05-12 17:30:11'),
(282, 18528, 1162, 'Harvinder Yadav', 1, 1, 145.96, 2, 7, 6, NULL, NULL, 2, 3, 1, 4, 2, 3, 1, 0, 18704, NULL, NULL, 1, 1, '2019-05-11 18:32:19', '2019-05-12 17:30:06'),
(283, 18204, 7152, 'Sumit Singh', 1, 6, 181.59, 2, 6, 7, NULL, NULL, 1, 2, 3, 4, 2, 1, 3, 0, 18596, 18040, 18046, 1, 1, '2019-05-11 18:33:37', '2019-05-12 17:30:08'),
(284, 18792, 2156, 'CINDHER K P', 1, 4, 111.93, 2, 7, 6, NULL, NULL, 1, 2, 3, 4, 1, 0, 2, 3, 18647, 18799, 18704, 1, 1, '2019-05-11 18:33:43', '2019-05-12 17:30:12'),
(285, 18280, 3141, 'Sachin Bisht', 1, 5, 182.26, 2, 6, 7, NULL, NULL, 2, 1, 3, 4, 2, 1, 1, 3, 18456, 18304, 18295, 1, 1, '2019-05-11 18:34:11', '2019-05-12 17:30:05'),
(286, 18260, 3140, 'Rustom Singh Yadav', 1, 5, 129.67, 2, 6, 7, NULL, NULL, 1, 2, 3, 3, 3, 2, 1, 0, 18017, 18033, 18040, 1, 1, '2019-05-11 18:38:53', '2019-05-12 17:30:11'),
(287, 18278, 7117, 'Ayush Kumar Tiwari', 1, 6, 177.66, 2, 6, 7, NULL, NULL, 1, 2, 3, 4, 1, 2, 3, 0, 18174, 18625, 18318, 1, 1, '2019-05-11 18:39:07', '2019-05-12 17:30:08'),
(288, 18174, 3121, 'Ayush Negi', 1, 5, 175.95, 2, 6, 7, NULL, NULL, 1, 2, 3, 4, 1, 2, 3, 0, 18278, 18318, 18625, 1, 1, '2019-05-11 18:39:08', '2019-05-12 17:30:09'),
(289, 18124, 7139, 'Rutvik N', 1, 6, 172.44, 2, 6, 7, NULL, NULL, 3, 2, 1, 4, 1, 2, 0, 3, 18118, 18490, 18028, 1, 1, '2019-05-11 18:39:25', '2019-05-12 17:30:11'),
(290, 18040, 3158, 'Vishwajit Singh', 1, 5, 137.58, 2, 6, 7, NULL, NULL, 3, 1, 2, 4, 3, 1, 0, 2, 18050, 18449, 18596, 1, 1, '2019-05-11 18:42:59', '2019-05-12 17:30:08'),
(291, 18028, 7130, 'Manish Kumar', 1, 6, 126.26, 2, 6, 7, NULL, NULL, 3, 2, 1, 4, 1, 2, 0, 3, 18124, 18490, 18118, 1, 1, '2019-05-11 18:43:23', '2019-05-12 17:30:12'),
(292, 18294, 3120, 'Ashutosh Kumar Singh', 1, 5, 188.93, 2, 6, 7, NULL, NULL, 1, 2, 3, 4, 2, 1, 3, 0, 18295, 18660, 18280, 1, 1, '2019-05-11 18:43:29', '2019-05-12 17:30:05'),
(293, 18304, 7132, 'Nitin Siradhana', 1, 6, 166.01, 2, 6, 7, NULL, NULL, 1, 2, 2, 3, 2, 2, 3, 2, 18280, 18456, 18604, 1, 1, '2019-05-11 18:45:01', '2019-05-12 17:30:11'),
(294, 18118, 3155, 'Vijay Singh Tomar', 1, 5, 86.31, 2, 6, 7, NULL, NULL, 3, 2, 1, 4, 1, 2, 0, 3, 18124, 18490, 18024, 0, 0, '2019-05-11 18:45:44', '2019-05-12 08:35:18'),
(295, 18318, 7113, 'Arjun Singh', 1, 6, 165.84, 2, 6, 7, NULL, NULL, 1, 2, 3, 4, 1, 2, 3, 0, 18174, 18278, 18625, 1, 1, '2019-05-11 18:46:09', '2019-05-12 17:30:09'),
(296, 18785, 2163, 'Vivek Krishnan', 1, 4, 175.57, 2, 6, 7, NULL, NULL, 2, 1, 3, 4, 1, 2, 0, 3, 18728, 18805, 18583, 1, 1, '2019-05-11 18:59:27', '2019-05-12 17:30:07'),
(297, 18172, 2119, 'Manjeet Singh Saini', 1, 4, 134.84, 2, 7, 6, NULL, NULL, 3, 2, 1, 4, 1, 0, 2, 3, 18568, 18661, NULL, 1, 1, '2019-05-11 18:59:49', '2019-05-12 17:30:10'),
(303, 18251, 7133, 'P Deepak Raj', 1, 6, 181.07, 2, 6, 7, NULL, NULL, 3, 1, 2, 4, 0, 1, 2, 3, 18162, 18378, 18251, 1, 1, '2019-05-11 20:24:06', '2019-05-12 17:30:08'),
(299, 18047, 7147, 'Shreya Dubey', 1, 6, 190.88, 2, 6, 7, NULL, NULL, 1, 2, 3, 4, 1, 2, 3, 0, 18052, 18183, 18050, 1, 1, '2019-05-11 19:01:00', '2019-05-12 17:30:05'),
(311, 18267, 7120, 'Devesh Joshi', 1, 6, 188.69, 2, 6, 7, NULL, NULL, 1, 2, 3, 4, 2, 3, 1, 0, 18563, 18254, 18540, 1, 1, '2019-05-11 21:24:35', '2019-05-12 17:30:04'),
(312, 18363, 2107, 'Deepak Kumar', 1, 4, 192.70, 2, 6, 7, NULL, NULL, 1, 2, 3, 4, 1, 2, 0, 3, 18501, 18473, 18172, 1, 1, '2019-05-11 21:28:57', '2019-05-12 17:30:04'),
(313, 18284, 7116, 'Ayush Pawar', 1, 6, 188.19, 2, 6, 7, NULL, NULL, 1, 2, 3, 3, 0, 1, 2, 3, 18289, 18627, 18678, 1, 1, '2019-05-11 21:29:02', '2019-05-12 17:30:06'),
(314, 18436, 2102, 'Ajay Choudhary', 1, 4, 132.46, 2, 6, 7, NULL, NULL, 1, 3, 2, 4, 2, 1, 0, 3, 18774, 18472, 18601, 1, 1, '2019-05-11 21:30:17', '2019-05-12 17:30:08'),
(315, 18255, 3148, 'Sourabh Mandal', 1, 5, 175.06, 2, 6, 7, NULL, NULL, 1, 2, 3, 4, 3, 2, 1, 0, 18437, 18406, 18297, 1, 1, '2019-05-11 21:30:29', '2019-05-12 17:30:08'),
(316, 18406, 4123, 'Grandhi Abhisar', 1, 3, 168.72, 2, 6, 7, NULL, NULL, 1, 2, 3, 4, 2, 3, 1, 0, 18437, 18255, 18234, 1, 1, '2019-05-11 21:30:46', '2019-05-12 17:30:08'),
(317, 18263, 3136, 'Ravi Budania', 1, 5, 161.89, 2, 6, 7, NULL, NULL, 2, 3, 1, 4, 3, 1, 2, 0, 18130, 18152, 18197, 1, 1, '2019-05-11 21:36:04', '2019-05-12 17:30:07'),
(318, 18400, 1143, 'Sandeep Kumar Panigrahi', 1, 1, 179.60, 2, 6, 7, NULL, NULL, 2, 3, 1, 4, 3, 2, 1, 0, 18540, 18414, 18267, 1, 1, '2019-05-11 21:36:07', '2019-05-12 17:30:05'),
(319, 18362, 4149, 'Saurabh Hitendra Marathe', 1, 3, 98.63, 2, 6, 7, NULL, NULL, 3, 2, 1, 4, 3, 3, 2, 2, NULL, NULL, NULL, 0, 0, '2019-05-11 21:36:27', '2019-05-12 08:35:18'),
(320, 18239, 3116, 'Ashish Ahlawat', 1, 5, 173.37, 2, 6, 7, NULL, NULL, 1, 2, 3, 3, 3, 2, 1, 0, NULL, NULL, NULL, 1, 1, '2019-05-11 21:38:54', '2019-05-12 17:30:10'),
(321, 18266, 7145, 'Sehej Singh Bakshi', 1, 6, 132.52, 2, 6, 7, NULL, NULL, 3, 1, 2, 3, 2, 3, 1, 0, 18297, 18585, 18267, 1, 1, '2019-05-11 21:46:56', '2019-05-12 17:30:06'),
(322, 18585, 2117, 'Manish Kumar', 1, 4, 180.16, 2, 6, 7, NULL, NULL, 3, 1, 2, 3, 2, 3, 1, 0, 18297, 18266, 18727, 1, 1, '2019-05-11 21:50:12', '2019-05-12 17:30:06'),
(323, 18169, 2130, 'Shivam Singh', 1, 4, 179.09, 2, 6, 7, NULL, NULL, 1, 2, 3, 4, 1, 2, 0, 3, 18083, 18539, 18179, 1, 1, '2019-05-11 21:54:35', '2019-05-12 17:30:06'),
(324, 18297, 7108, 'Amandeep Singh', 1, 6, 165.21, 2, 6, 7, NULL, NULL, 3, 1, 2, 3, 2, 3, 1, 0, 18585, 18266, 18563, 1, 1, '2019-05-11 21:57:50', '2019-05-12 17:30:06'),
(325, 18132, 7131, 'Nikhil Bhatt', 1, 6, 179.32, 2, 6, 6, NULL, NULL, 3, 3, 1, 1, 2, 2, 1, 1, 18195, 18090, 18149, 1, 1, '2019-05-11 22:00:00', '2019-05-12 17:30:09'),
(326, 18196, 3102, 'Abhishek Bisht', 1, 5, 175.89, 2, 6, 7, NULL, NULL, 1, 3, 2, 4, 1, 2, 3, 0, 18393, 18257, 18325, 1, 1, '2019-05-11 22:00:54', '2019-05-12 17:30:07'),
(327, 18017, 3130, 'Navjeet Singh', 1, 5, 133.25, 2, 6, 7, NULL, NULL, 3, 4, 1, 2, 3, 2, 1, 0, 18144, 18271, 18143, 1, 1, '2019-05-11 22:01:23', '2019-05-12 17:30:08'),
(328, 18271, 3122, 'Ayush Shukla', 1, 5, 176.26, 2, 6, 7, NULL, NULL, 1, 2, 3, 4, 3, 2, 1, 0, 18144, 18331, 18017, 1, 1, '2019-05-11 22:02:32', '2019-05-12 17:30:07'),
(329, 18748, 2153, 'Sparsh Gupta', 1, 4, 181.69, 2, 6, 7, NULL, NULL, 2, 1, 3, 4, 2, 1, 0, 3, 18953, NULL, NULL, 1, 1, '2019-05-11 22:08:46', '2019-05-12 17:30:05'),
(330, 18621, 2115, 'Kiran Sanjay Wawre', 1, 4, 181.76, 2, 6, 7, NULL, NULL, 1, 2, 3, 4, 0, 1, 2, 3, 18083, 18661, 18172, 1, 1, '2019-05-11 22:13:13', '2019-05-12 17:30:05'),
(331, 18723, 2150, 'Chetan Vijay Sirsikar', 1, 4, 114.53, 2, 6, 7, NULL, NULL, 1, 3, 2, 4, 2, 1, 0, 0, 18582, 18810, 18785, 1, 1, '2019-05-11 22:17:31', '2019-05-12 17:30:07'),
(332, 18566, 1117, 'Ayush Mani Tripathi', 1, 1, 181.91, 2, 6, 7, NULL, NULL, 1, 2, 3, 4, 1, 0, 2, 3, 18413, 18466, NULL, 1, 1, '2019-05-11 22:29:38', '2019-05-12 17:30:05'),
(333, 18347, 4022, 'Gaurav Singh Dhek', 1, 3, 153.16, 2, 6, 7, NULL, NULL, 1, 2, 3, 4, 3, 1, 2, 0, 18464, 18466, NULL, 1, 1, '2019-05-11 22:29:47', '2019-05-12 17:30:11'),
(334, 18472, 2103, 'Akash Dahiya', 1, 4, 119.91, 2, 6, 7, NULL, NULL, 1, 2, 3, 4, 0, 1, 2, 3, NULL, NULL, NULL, 1, 1, '2019-05-11 22:39:07', '2019-05-12 17:30:11'),
(335, 18407, 2112, 'Harshvardhan Singh Shekhawat', 1, 4, 182.15, 2, 6, 7, NULL, NULL, 1, 2, 3, 4, 2, 1, 3, 0, 18576, 18774, 18436, 1, 1, '2019-05-11 22:41:00', '2019-05-12 17:30:05'),
(336, 18163, 7157, 'Yashvardhan Singh Negi', 1, 6, 134.00, 2, 6, 7, NULL, NULL, 1, 2, 3, 4, 1, 0, 2, 3, NULL, NULL, NULL, 1, 1, '2019-05-11 22:43:43', '2019-05-12 17:30:12'),
(337, 18774, 2161, 'Vishal', 1, 4, 165.66, 2, 6, 7, NULL, NULL, 1, 2, 3, 4, 0, 1, 2, 3, 18436, 18576, 18565, 1, 1, '2019-05-11 22:48:09', '2019-05-12 17:30:08'),
(339, 18386, 1116, 'Ashish Kumar Garhwal', 1, 1, 166.61, 2, 6, 7, NULL, NULL, 1, 3, 2, 4, 3, 2, 1, 0, 18540, 18523, 18407, 1, 1, '2019-05-11 23:10:01', '2019-05-12 17:30:08'),
(340, 18448, 4155, 'Soudip Das', 1, 3, 159.31, 2, 6, 7, NULL, NULL, 1, 3, 4, 2, 3, 1, 2, 0, 18512, 18083, NULL, 1, 1, '2019-05-11 23:15:04', '2019-05-12 17:30:10'),
(342, 18466, 4132, 'Narendra Kumar Yadav', 1, 3, 172.19, 2, 6, 7, NULL, NULL, 1, 2, 3, 4, 3, 2, 1, 0, 18464, 18566, 18561, 1, 1, '2019-05-11 23:26:44', '2019-05-12 17:30:08'),
(343, 18199, 3117, 'Aashish Kumar Singh', 1, 5, 194.69, 2, 6, 7, NULL, NULL, 1, 2, 3, 4, 2, 1, 3, 0, 18202, 18476, 18197, 1, 1, '2019-05-11 23:35:10', '2019-05-12 17:30:05'),
(344, 18958, 4165, 'SACHIN DOGRA', 1, 3, 116.25, 2, 6, 7, NULL, NULL, 2, 3, 1, 4, 1, 0, 2, 3, 18275, 18273, NULL, 1, 1, '2019-05-11 23:44:01', '2019-05-12 17:30:12'),
(346, 18186, 1153, 'Sunil Choudhary', 1, 1, 167.04, 2, 6, 7, NULL, NULL, 2, 1, 3, 4, 3, 2, 1, 0, 18586, 18605, NULL, 1, 1, '2019-05-12 00:49:22', '2019-05-12 17:30:08');

-- --------------------------------------------------------

--
-- Table structure for table `boyshostels`
--

CREATE TABLE `boyshostels` (
  `id` int(10) UNSIGNED NOT NULL,
  `hostel_id` int(10) UNSIGNED NOT NULL,
  `floor` int(10) UNSIGNED NOT NULL,
  `roomno` int(10) UNSIGNED NOT NULL,
  `roomtype` int(10) UNSIGNED NOT NULL,
  `bedno` int(11) DEFAULT NULL,
  `status` int(11) NOT NULL DEFAULT 0,
  `reserved` int(11) NOT NULL DEFAULT 0,
  `regno` bigint(20) UNSIGNED DEFAULT NULL,
  `name` varchar(100) COLLATE utf8mb4_unicode_ci DEFAULT NULL,
  `year` int(11) DEFAULT NULL,
  `branch` int(11) DEFAULT NULL,
  `created_at` timestamp NULL DEFAULT NULL,
  `updated_at` timestamp NULL DEFAULT NULL
) ENGINE=MyISAM DEFAULT CHARSET=utf8mb4 COLLATE=utf8mb4_unicode_ci;

--
-- Dumping data for table `boyshostels`
--

INSERT INTO `boyshostels` (`id`, `hostel_id`, `floor`, `roomno`, `roomtype`, `bedno`, `status`, `reserved`, `regno`, `name`, `year`, `branch`, `created_at`, `updated_at`) VALUES
(50, 1, 0, 1, 1, 1, 0, 1, NULL, NULL, NULL, NULL, '2019-05-11 13:21:12', '2019-05-11 13:21:12'),
(51, 1, 0, 2, 1, 1, 0, 2, NULL, NULL, NULL, NULL, '2019-05-11 13:21:27', '2019-05-11 13:21:27'),
(52, 1, 0, 3, 1, 1, 0, 3, NULL, NULL, NULL, NULL, '2019-05-11 13:21:44', '2019-05-11 13:21:44'),
(53, 1, 0, 4, 1, 1, 0, 4, NULL, NULL, NULL, NULL, '2019-05-11 13:22:06', '2019-05-11 13:22:06'),
(54, 1, 0, 5, 1, 1, 0, 5, NULL, NULL, NULL, NULL, '2019-05-11 13:22:23', '2019-05-11 13:22:23'),
(55, 1, 0, 6, 1, 1, 0, 6, NULL, NULL, NULL, NULL, '2019-05-11 13:22:39', '2019-05-11 13:22:39'),
(56, 1, 0, 7, 1, 1, 0, 1, NULL, NULL, NULL, NULL, '2019-05-11 13:23:07', '2019-05-11 13:23:07'),
(57, 1, 0, 8, 1, 1, 0, 2, NULL, NULL, NULL, NULL, '2019-05-11 13:23:20', '2019-05-11 13:23:20'),
(58, 1, 0, 9, 1, 1, 0, 3, NULL, NULL, NULL, NULL, '2019-05-11 13:23:37', '2019-05-11 13:23:37'),
(59, 1, 0, 10, 1, 1, 0, 4, NULL, NULL, NULL, NULL, '2019-05-11 13:23:57', '2019-05-11 13:23:57'),
(60, 1, 0, 11, 1, 1, 0, 5, NULL, NULL, NULL, NULL, '2019-05-11 13:24:19', '2019-05-11 13:24:19'),
(61, 1, 0, 12, 1, 1, 0, 6, NULL, NULL, NULL, NULL, '2019-05-11 13:24:32', '2019-05-11 13:24:32'),
(62, 1, 0, 13, 1, 1, 0, 1, NULL, NULL, NULL, NULL, '2019-05-11 13:24:59', '2019-05-11 13:24:59'),
(63, 1, 0, 14, 1, 1, 0, 2, NULL, NULL, NULL, NULL, '2019-05-11 13:25:19', '2019-05-11 13:25:19'),
(64, 1, 0, 15, 1, 1, 0, 3, NULL, NULL, NULL, NULL, '2019-05-11 13:25:41', '2019-05-11 13:25:41'),
(65, 1, 0, 16, 1, 1, 0, 4, NULL, NULL, NULL, NULL, '2019-05-11 13:25:58', '2019-05-11 13:25:58'),
(66, 1, 0, 17, 1, 1, 0, 5, NULL, NULL, NULL, NULL, '2019-05-11 13:26:17', '2019-05-11 13:26:17'),
(67, 1, 0, 18, 1, 1, 0, 6, NULL, NULL, NULL, NULL, '2019-05-11 13:26:28', '2019-05-11 13:26:28'),
(68, 1, 0, 19, 1, 1, 0, 1, NULL, NULL, NULL, NULL, '2019-05-11 13:26:44', '2019-05-11 13:26:44'),
(69, 1, 0, 20, 1, 1, 0, 2, NULL, NULL, NULL, NULL, '2019-05-11 13:26:57', '2019-05-11 13:26:57'),
(70, 1, 0, 21, 1, 1, 0, 3, NULL, NULL, NULL, NULL, '2019-05-11 13:27:10', '2019-05-11 13:27:10'),
(71, 1, 0, 22, 1, 1, 0, 4, NULL, NULL, NULL, NULL, '2019-05-11 13:27:26', '2019-05-11 13:27:26'),
(72, 1, 0, 23, 1, 1, 0, 5, NULL, NULL, NULL, NULL, '2019-05-11 13:27:46', '2019-05-11 13:27:46'),
(73, 1, 0, 24, 1, 1, 0, 6, NULL, NULL, NULL, NULL, '2019-05-11 13:28:31', '2019-05-11 13:28:31'),
(76, 1, 0, 25, 1, 1, 0, 1, NULL, NULL, NULL, NULL, '2019-05-11 14:47:42', '2019-05-11 14:47:42'),
(77, 1, 0, 26, 1, 1, 0, 2, NULL, NULL, NULL, NULL, '2019-05-11 14:47:54', '2019-05-11 14:47:54'),
(78, 1, 1, 101, 1, 1, 0, 3, NULL, NULL, NULL, NULL, '2019-05-11 14:50:44', '2019-05-11 14:50:44'),
(79, 1, 1, 102, 1, 1, 0, 4, NULL, NULL, NULL, NULL, '2019-05-11 14:51:04', '2019-05-11 14:51:04'),
(80, 1, 1, 103, 1, 1, 0, 5, NULL, NULL, NULL, NULL, '2019-05-11 14:51:29', '2019-05-11 14:51:29'),
(81, 1, 1, 104, 1, 1, 0, 6, NULL, NULL, NULL, NULL, '2019-05-11 14:51:47', '2019-05-11 14:51:47'),
(82, 1, 1, 105, 1, 1, 0, 1, NULL, NULL, NULL, NULL, '2019-05-11 14:52:07', '2019-05-11 14:52:07'),
(84, 1, 1, 106, 1, 1, 0, 2, NULL, NULL, NULL, NULL, '2019-05-11 14:53:06', '2019-05-11 14:53:06'),
(85, 1, 1, 107, 1, 1, 0, 3, NULL, NULL, NULL, NULL, '2019-05-11 14:53:27', '2019-05-11 14:53:27'),
(86, 1, 1, 108, 1, 1, 0, 4, NULL, NULL, NULL, NULL, '2019-05-11 14:53:48', '2019-05-11 14:53:48'),
(87, 1, 1, 109, 1, 1, 0, 5, NULL, NULL, NULL, NULL, '2019-05-11 14:54:08', '2019-05-11 14:54:08'),
(358, 7, 2, 201, 3, 1, 1, 0, 18565, 'Pranav Menon', 2, 4, '2019-05-12 01:28:32', '2019-05-12 17:30:08'),
(356, 7, 1, 114, 1, 1, 1, 1, 18558, 'Gaurav Mishra', 2, 1, '2019-05-12 01:27:46', '2019-05-12 17:30:05'),
(90, 1, 1, 112, 1, 1, 0, 2, NULL, NULL, NULL, NULL, '2019-05-11 14:55:47', '2019-05-11 14:55:47'),
(91, 1, 1, 113, 1, 1, 0, 3, NULL, NULL, NULL, NULL, '2019-05-11 14:56:15', '2019-05-11 14:56:15'),
(92, 1, 1, 114, 1, 1, 0, 4, NULL, NULL, NULL, NULL, '2019-05-11 14:56:34', '2019-05-11 14:56:34'),
(93, 1, 1, 115, 1, 1, 0, 5, NULL, NULL, NULL, NULL, '2019-05-11 14:56:52', '2019-05-11 14:56:52'),
(185, 2, 0, 1, 3, 1, 0, 0, NULL, NULL, NULL, NULL, '2019-05-11 16:26:37', '2019-05-11 16:26:37'),
(95, 1, 1, 117, 1, 1, 0, 1, NULL, NULL, NULL, NULL, '2019-05-11 14:58:28', '2019-05-11 14:58:28'),
(96, 1, 1, 118, 1, 1, 0, 2, NULL, NULL, NULL, NULL, '2019-05-11 15:01:13', '2019-05-11 15:01:13'),
(97, 1, 1, 119, 1, 1, 0, 3, NULL, NULL, NULL, NULL, '2019-05-11 15:01:29', '2019-05-11 15:01:29'),
(98, 1, 1, 120, 1, 1, 0, 4, NULL, NULL, NULL, NULL, '2019-05-11 15:01:45', '2019-05-11 15:01:45'),
(99, 1, 1, 121, 1, 1, 0, 5, NULL, NULL, NULL, NULL, '2019-05-11 15:02:01', '2019-05-11 15:02:01'),
(100, 1, 1, 122, 1, 1, 0, 6, NULL, NULL, NULL, NULL, '2019-05-11 15:02:17', '2019-05-11 15:02:17'),
(101, 1, 1, 123, 1, 1, 0, 1, NULL, NULL, NULL, NULL, '2019-05-11 15:02:42', '2019-05-11 15:02:42'),
(102, 1, 1, 124, 1, 1, 0, 2, NULL, NULL, NULL, NULL, '2019-05-11 15:02:56', '2019-05-11 15:02:56'),
(103, 1, 1, 125, 1, 1, 0, 3, NULL, NULL, NULL, NULL, '2019-05-11 15:03:12', '2019-05-11 15:03:12'),
(104, 1, 1, 126, 1, 1, 0, 4, NULL, NULL, NULL, NULL, '2019-05-11 15:03:30', '2019-05-11 15:03:30'),
(105, 1, 2, 201, 1, 1, 0, 5, NULL, NULL, NULL, NULL, '2019-05-11 15:04:07', '2019-05-11 15:04:07'),
(106, 1, 2, 202, 1, 1, 0, 6, NULL, NULL, NULL, NULL, '2019-05-11 15:04:24', '2019-05-11 15:04:24'),
(107, 1, 2, 203, 1, 1, 0, 1, NULL, NULL, NULL, NULL, '2019-05-11 15:04:56', '2019-05-11 15:04:56'),
(108, 1, 2, 204, 1, 1, 0, 2, NULL, NULL, NULL, NULL, '2019-05-11 15:05:14', '2019-05-11 15:05:14'),
(109, 1, 2, 205, 1, 1, 0, 3, NULL, NULL, NULL, NULL, '2019-05-11 15:05:32', '2019-05-11 15:05:32'),
(110, 1, 2, 206, 1, 1, 0, 4, NULL, NULL, NULL, NULL, '2019-05-11 15:32:12', '2019-05-11 15:32:12'),
(111, 1, 2, 207, 1, 1, 0, 5, NULL, NULL, NULL, NULL, '2019-05-11 15:32:32', '2019-05-11 15:32:32'),
(112, 1, 2, 208, 1, 1, 0, 6, NULL, NULL, NULL, NULL, '2019-05-11 15:32:48', '2019-05-11 15:32:48'),
(113, 1, 2, 209, 1, 1, 0, 1, NULL, NULL, NULL, NULL, '2019-05-11 15:33:09', '2019-05-11 15:33:09'),
(114, 1, 2, 210, 1, 1, 0, 2, NULL, NULL, NULL, NULL, '2019-05-11 15:33:30', '2019-05-11 15:33:30'),
(115, 1, 2, 211, 1, 1, 0, 3, NULL, NULL, NULL, NULL, '2019-05-11 15:34:01', '2019-05-11 15:34:01'),
(116, 1, 2, 212, 1, 1, 0, 4, NULL, NULL, NULL, NULL, '2019-05-11 15:34:40', '2019-05-11 15:34:40'),
(117, 1, 2, 213, 1, 1, 0, 5, NULL, NULL, NULL, NULL, '2019-05-11 15:35:21', '2019-05-11 15:35:21'),
(118, 1, 2, 214, 1, 1, 0, 6, NULL, NULL, NULL, NULL, '2019-05-11 15:35:37', '2019-05-11 15:35:37'),
(119, 1, 2, 215, 1, 1, 0, 1, NULL, NULL, NULL, NULL, '2019-05-11 15:35:53', '2019-05-11 15:35:53'),
(121, 1, 2, 216, 1, 1, 0, 2, NULL, NULL, NULL, NULL, '2019-05-11 15:37:11', '2019-05-11 15:37:11'),
(122, 1, 2, 217, 1, 1, 0, 3, NULL, NULL, NULL, NULL, '2019-05-11 15:37:26', '2019-05-11 15:37:26'),
(123, 1, 2, 218, 1, 1, 0, 4, NULL, NULL, NULL, NULL, '2019-05-11 15:37:42', '2019-05-11 15:37:42'),
(124, 1, 2, 219, 1, 1, 0, 5, NULL, NULL, NULL, NULL, '2019-05-11 15:38:06', '2019-05-11 15:38:06'),
(125, 1, 2, 220, 1, 1, 0, 6, NULL, NULL, NULL, NULL, '2019-05-11 15:38:26', '2019-05-11 15:38:26'),
(126, 1, 2, 221, 1, 1, 0, 1, NULL, NULL, NULL, NULL, '2019-05-11 15:38:47', '2019-05-11 15:38:47'),
(127, 1, 2, 222, 1, 1, 0, 2, NULL, NULL, NULL, NULL, '2019-05-11 15:39:07', '2019-05-11 15:39:07'),
(128, 1, 2, 223, 1, 1, 0, 3, NULL, NULL, NULL, NULL, '2019-05-11 15:39:24', '2019-05-11 15:39:24'),
(129, 1, 2, 224, 1, 1, 0, 4, NULL, NULL, NULL, NULL, '2019-05-11 15:39:43', '2019-05-11 15:39:43'),
(130, 1, 2, 225, 1, 1, 0, 5, NULL, NULL, NULL, NULL, '2019-05-11 15:40:03', '2019-05-11 15:40:03'),
(131, 1, 2, 226, 1, 1, 0, 6, NULL, NULL, NULL, NULL, '2019-05-11 15:40:18', '2019-05-11 15:40:18'),
(132, 1, 3, 301, 1, 1, 0, 1, NULL, NULL, NULL, NULL, '2019-05-11 15:40:39', '2019-05-11 15:40:39'),
(133, 1, 3, 302, 1, 1, 0, 2, NULL, NULL, NULL, NULL, '2019-05-11 15:40:58', '2019-05-11 15:40:58'),
(134, 1, 3, 303, 1, 1, 0, 3, NULL, NULL, NULL, NULL, '2019-05-11 15:41:25', '2019-05-11 15:41:25'),
(135, 1, 3, 304, 1, 1, 0, 4, NULL, NULL, NULL, NULL, '2019-05-11 15:41:59', '2019-05-11 15:41:59'),
(136, 1, 3, 305, 1, 1, 0, 5, NULL, NULL, NULL, NULL, '2019-05-11 15:42:15', '2019-05-11 15:42:15'),
(137, 1, 3, 306, 1, 1, 0, 6, NULL, NULL, NULL, NULL, '2019-05-11 15:42:35', '2019-05-11 15:42:35'),
(138, 1, 3, 307, 1, 1, 0, 1, NULL, NULL, NULL, NULL, '2019-05-11 15:42:50', '2019-05-11 15:42:50'),
(295, 6, 3, 309, 1, 1, 1, 5, 18201, 'Devansh Sharma', 2, 5, '2019-05-12 00:45:52', '2019-05-12 17:30:05'),
(140, 1, 3, 309, 1, 1, 0, 3, NULL, NULL, NULL, NULL, '2019-05-11 15:43:28', '2019-05-11 15:43:28'),
(141, 1, 3, 310, 1, 1, 0, 4, NULL, NULL, NULL, NULL, '2019-05-11 15:43:43', '2019-05-11 15:43:43'),
(142, 1, 3, 311, 1, 1, 0, 5, NULL, NULL, NULL, NULL, '2019-05-11 15:44:02', '2019-05-11 15:44:02'),
(143, 1, 3, 312, 1, 1, 0, 6, NULL, NULL, NULL, NULL, '2019-05-11 15:44:19', '2019-05-11 15:44:19'),
(144, 1, 3, 313, 1, 1, 0, 1, NULL, NULL, NULL, NULL, '2019-05-11 15:44:34', '2019-05-11 15:44:34'),
(145, 1, 3, 314, 1, 1, 0, 2, NULL, NULL, NULL, NULL, '2019-05-11 15:44:51', '2019-05-11 15:44:51'),
(146, 1, 3, 315, 1, 1, 0, 3, NULL, NULL, NULL, NULL, '2019-05-11 15:45:13', '2019-05-11 15:45:13'),
(147, 1, 3, 316, 1, 1, 0, 4, NULL, NULL, NULL, NULL, '2019-05-11 15:45:36', '2019-05-11 15:45:36'),
(148, 1, 3, 317, 1, 1, 0, 5, NULL, NULL, NULL, NULL, '2019-05-11 15:46:51', '2019-05-11 15:46:51'),
(149, 1, 3, 318, 1, 1, 0, 6, NULL, NULL, NULL, NULL, '2019-05-11 15:47:07', '2019-05-11 15:47:07'),
(150, 1, 3, 319, 1, 1, 0, 1, NULL, NULL, NULL, NULL, '2019-05-11 15:47:29', '2019-05-11 15:47:29'),
(151, 1, 3, 320, 1, 1, 0, 2, NULL, NULL, NULL, NULL, '2019-05-11 15:48:13', '2019-05-11 15:48:13'),
(152, 1, 3, 321, 1, 1, 0, 3, NULL, NULL, NULL, NULL, '2019-05-11 15:48:29', '2019-05-11 15:48:29'),
(153, 1, 3, 322, 1, 1, 0, 4, NULL, NULL, NULL, NULL, '2019-05-11 15:48:45', '2019-05-11 15:48:45'),
(154, 1, 3, 323, 1, 1, 0, 5, NULL, NULL, NULL, NULL, '2019-05-11 15:49:04', '2019-05-11 15:49:04'),
(155, 1, 3, 324, 1, 1, 0, 6, NULL, NULL, NULL, NULL, '2019-05-11 15:49:20', '2019-05-11 15:49:20'),
(156, 2, 1, 107, 1, 1, 0, 1, NULL, NULL, NULL, NULL, '2019-05-11 15:59:54', '2019-05-11 15:59:54'),
(157, 2, 1, 108, 1, 1, 0, 2, NULL, NULL, NULL, NULL, '2019-05-11 16:00:06', '2019-05-11 16:00:06'),
(158, 2, 1, 109, 1, 1, 0, 3, NULL, NULL, NULL, NULL, '2019-05-11 16:00:21', '2019-05-11 16:00:21'),
(357, 7, 1, 115, 1, 1, 1, 3, 18345, 'Akash Bhati', 2, 3, '2019-05-12 01:28:15', '2019-05-12 17:30:05'),
(355, 7, 1, 113, 1, 1, 1, 6, 18179, 'Akhil J Nair', 2, 6, '2019-05-12 01:27:20', '2019-05-12 17:30:05'),
(161, 2, 1, 112, 1, 1, 0, 6, NULL, NULL, NULL, NULL, '2019-05-11 16:01:11', '2019-05-11 16:01:11'),
(162, 2, 1, 113, 1, 1, 0, 1, NULL, NULL, NULL, NULL, '2019-05-11 16:01:31', '2019-05-11 16:01:31'),
(163, 2, 1, 114, 1, 1, 0, 2, NULL, NULL, NULL, NULL, '2019-05-11 16:01:45', '2019-05-11 16:01:45'),
(164, 2, 1, 115, 1, 1, 0, 3, NULL, NULL, NULL, NULL, '2019-05-11 16:02:00', '2019-05-11 16:02:00'),
(184, 2, 0, 4, 1, 1, 0, 4, NULL, NULL, NULL, NULL, '2019-05-11 16:05:57', '2019-05-11 16:05:57'),
(166, 2, 1, 101, 3, 1, 0, 0, NULL, NULL, NULL, NULL, '2019-05-11 16:02:43', '2019-05-11 16:02:43'),
(167, 2, 1, 101, 3, 2, 0, 0, NULL, NULL, NULL, NULL, '2019-05-11 16:02:43', '2019-05-11 16:02:43'),
(168, 2, 1, 101, 3, 3, 0, 0, NULL, NULL, NULL, NULL, '2019-05-11 16:02:43', '2019-05-11 16:02:43'),
(169, 2, 1, 102, 3, 1, 0, 0, NULL, NULL, NULL, NULL, '2019-05-11 16:03:02', '2019-05-11 16:03:02'),
(170, 2, 1, 102, 3, 2, 0, 0, NULL, NULL, NULL, NULL, '2019-05-11 16:03:02', '2019-05-11 16:03:02'),
(171, 2, 1, 102, 3, 3, 0, 0, NULL, NULL, NULL, NULL, '2019-05-11 16:03:02', '2019-05-11 16:03:02'),
(172, 2, 1, 103, 3, 1, 0, 0, NULL, NULL, NULL, NULL, '2019-05-11 16:03:18', '2019-05-11 16:03:18'),
(173, 2, 1, 103, 3, 2, 0, 0, NULL, NULL, NULL, NULL, '2019-05-11 16:03:18', '2019-05-11 16:03:18'),
(174, 2, 1, 103, 3, 3, 0, 0, NULL, NULL, NULL, NULL, '2019-05-11 16:03:18', '2019-05-11 16:03:18'),
(175, 2, 1, 104, 3, 1, 0, 0, NULL, NULL, NULL, NULL, '2019-05-11 16:03:43', '2019-05-11 16:03:43'),
(176, 2, 1, 104, 3, 2, 0, 0, NULL, NULL, NULL, NULL, '2019-05-11 16:03:43', '2019-05-11 16:03:43'),
(177, 2, 1, 104, 3, 3, 0, 0, NULL, NULL, NULL, NULL, '2019-05-11 16:03:43', '2019-05-11 16:03:43'),
(178, 2, 1, 105, 3, 1, 0, 0, NULL, NULL, NULL, NULL, '2019-05-11 16:04:00', '2019-05-11 16:04:00'),
(179, 2, 1, 105, 3, 2, 0, 0, NULL, NULL, NULL, NULL, '2019-05-11 16:04:00', '2019-05-11 16:04:00'),
(180, 2, 1, 105, 3, 3, 0, 0, NULL, NULL, NULL, NULL, '2019-05-11 16:04:00', '2019-05-11 16:04:00'),
(181, 2, 1, 106, 3, 1, 0, 0, NULL, NULL, NULL, NULL, '2019-05-11 16:04:13', '2019-05-11 16:04:13'),
(182, 2, 1, 106, 3, 2, 0, 0, NULL, NULL, NULL, NULL, '2019-05-11 16:04:13', '2019-05-11 16:04:13'),
(183, 2, 1, 106, 3, 3, 0, 0, NULL, NULL, NULL, NULL, '2019-05-11 16:04:13', '2019-05-11 16:04:13'),
(186, 2, 0, 1, 3, 2, 0, 0, NULL, NULL, NULL, NULL, '2019-05-11 16:26:37', '2019-05-11 16:26:37'),
(187, 2, 0, 1, 3, 3, 0, 0, NULL, NULL, NULL, NULL, '2019-05-11 16:26:37', '2019-05-11 16:26:37'),
(188, 2, 0, 2, 3, 1, 0, 0, NULL, NULL, NULL, NULL, '2019-05-11 16:26:50', '2019-05-11 16:26:50'),
(189, 2, 0, 2, 3, 2, 0, 0, NULL, NULL, NULL, NULL, '2019-05-11 16:26:50', '2019-05-11 16:26:50'),
(190, 2, 0, 2, 3, 3, 0, 0, NULL, NULL, NULL, NULL, '2019-05-11 16:26:50', '2019-05-11 16:26:50'),
(191, 2, 0, 3, 2, 1, 0, 0, NULL, NULL, NULL, NULL, '2019-05-11 16:27:03', '2019-05-11 16:27:03'),
(192, 2, 0, 3, 2, 2, 0, 0, NULL, NULL, NULL, NULL, '2019-05-11 16:27:03', '2019-05-11 16:27:03'),
(193, 6, 0, 1, 3, 1, 1, 0, 18625, 'Rahul', 2, 4, '2019-05-12 00:11:44', '2019-05-12 17:30:08'),
(194, 6, 0, 1, 3, 2, 1, 0, 18506, 'Bhrigu Sharma', 2, 4, '2019-05-12 00:11:44', '2019-05-12 17:30:08'),
(195, 6, 0, 1, 3, 3, 1, 0, 18278, 'Ayush Kumar Tiwari', 2, 6, '2019-05-12 00:11:44', '2019-05-12 17:30:08'),
(196, 6, 0, 2, 3, 1, 1, 0, 18204, 'Sumit Singh', 2, 6, '2019-05-12 00:13:02', '2019-05-12 17:30:08'),
(197, 6, 0, 2, 3, 2, 1, 0, 18491, 'Arnab Singha Roy', 2, 1, '2019-05-12 00:13:02', '2019-05-12 17:30:10'),
(198, 6, 0, 2, 3, 3, 1, 0, 18040, 'Vishwajit Singh', 2, 5, '2019-05-12 00:13:02', '2019-05-12 17:30:08'),
(199, 6, 0, 3, 3, 1, 1, 0, 18386, 'Ashish Kumar Garhwal', 2, 1, '2019-05-12 00:14:19', '2019-05-12 17:30:08'),
(200, 6, 0, 3, 3, 2, 1, 0, 18325, 'Amandeep Rawat', 2, 5, '2019-05-12 00:14:19', '2019-05-12 17:30:10'),
(201, 6, 0, 3, 3, 3, 1, 0, 18333, 'Sourav Roy', 2, 6, '2019-05-12 00:14:19', '2019-05-12 17:30:10'),
(202, 6, 0, 4, 3, 1, 1, 0, 18389, 'Gaurav Kumar Malik', 2, 3, '2019-05-12 00:15:02', '2019-05-12 17:30:08'),
(203, 6, 0, 4, 3, 2, 1, 0, 18452, 'Deepak Kumar', 2, 1, '2019-05-12 00:15:02', '2019-05-12 17:30:08'),
(204, 6, 0, 4, 3, 3, 1, 0, 18184, 'Vimal Kumar', 2, 6, '2019-05-12 00:15:02', '2019-05-12 17:30:08'),
(205, 6, 0, 5, 3, 1, 1, 0, 18206, 'Aravind', 2, 5, '2019-05-12 00:16:58', '2019-05-12 17:30:08'),
(206, 6, 0, 5, 3, 2, 1, 0, 18453, 'Saurabh Singh Chauhan', 2, 3, '2019-05-12 00:16:58', '2019-05-12 17:30:08'),
(207, 6, 0, 5, 3, 3, 1, 0, 18255, 'Sourabh Mandal', 2, 5, '2019-05-12 00:16:58', '2019-05-12 17:30:08'),
(208, 6, 0, 6, 3, 1, 1, 0, 18251, 'P Deepak Raj', 2, 6, '2019-05-12 00:17:19', '2019-05-12 17:30:08'),
(209, 6, 0, 6, 3, 2, 1, 0, 18957, 'Kartik Sharma', 2, 1, '2019-05-12 00:17:19', '2019-05-12 17:30:11'),
(210, 6, 0, 6, 3, 3, 1, 0, 18378, 'Aman', 2, 3, '2019-05-12 00:17:19', '2019-05-12 17:30:08'),
(211, 6, 0, 7, 1, 1, 1, 1, 18566, 'Ayush Mani Tripathi', 2, 1, '2019-05-12 00:19:21', '2019-05-12 17:30:05'),
(212, 6, 0, 8, 1, 1, 1, 3, 18257, 'SUMIT KUMAR', 2, 3, '2019-05-12 00:19:43', '2019-05-12 17:30:04'),
(213, 6, 0, 9, 3, 1, 1, 0, 18547, 'Sahil Sharma', 2, 1, '2019-05-12 00:20:10', '2019-05-12 17:30:08'),
(214, 6, 0, 9, 3, 2, 1, 0, 18503, 'Vijay Kumar', 2, 1, '2019-05-12 00:20:10', '2019-05-12 17:30:08'),
(215, 6, 0, 9, 3, 3, 1, 0, 18406, 'Grandhi Abhisar', 2, 3, '2019-05-12 00:20:10', '2019-05-12 17:30:08'),
(216, 6, 0, 10, 1, 1, 1, 4, 18413, 'Prateek Shukla', 2, 4, '2019-05-12 00:20:37', '2019-05-12 17:30:05'),
(217, 6, 0, 11, 3, 1, 1, 0, 18466, 'Narendra Kumar Yadav', 2, 3, '2019-05-12 00:21:18', '2019-05-12 17:30:08'),
(218, 6, 0, 11, 3, 2, 1, 0, 18347, 'Gaurav Singh Dhek', 2, 3, '2019-05-12 00:21:18', '2019-05-12 17:30:11'),
(219, 6, 0, 11, 3, 3, 1, 0, 18228, 'Mujammil Khan', 2, 5, '2019-05-12 00:21:18', '2019-05-12 17:30:11'),
(220, 6, 1, 101, 3, 1, 1, 0, 18171, 'Pranay Pandurang Gaikwad', 2, 5, '2019-05-12 00:22:11', '2019-05-12 17:30:07'),
(221, 6, 1, 101, 3, 2, 1, 0, 18322, 'Meghaj Singh', 2, 5, '2019-05-12 00:22:11', '2019-05-12 17:30:07'),
(222, 6, 1, 101, 3, 3, 1, 0, 18158, 'Abhishek Kumar', 2, 5, '2019-05-12 00:22:11', '2019-05-12 17:30:07'),
(223, 6, 1, 102, 3, 1, 1, 0, 18678, 'Sunny Bhandari', 2, 1, '2019-05-12 00:22:35', '2019-05-12 17:30:07'),
(224, 6, 1, 102, 3, 2, 1, 0, 18418, 'Arman', 2, 3, '2019-05-12 00:22:35', '2019-05-12 17:30:10'),
(225, 6, 1, 102, 3, 3, 1, 0, 18682, 'Nikhil Tiwari', 2, 4, '2019-05-12 00:22:35', '2019-05-12 17:30:07'),
(226, 6, 1, 103, 3, 1, 1, 0, 18393, 'Saurabh Rai', 2, 3, '2019-05-12 00:22:50', '2019-05-12 17:30:07'),
(227, 6, 1, 103, 3, 2, 1, 0, 18583, 'Shravan Kumar Veloori', 2, 4, '2019-05-12 00:22:50', '2019-05-12 17:30:10'),
(228, 6, 1, 103, 3, 3, 1, 0, 18196, 'Abhishek Bisht', 2, 5, '2019-05-12 00:22:50', '2019-05-12 17:30:07'),
(229, 6, 1, 104, 3, 1, 1, 0, 18582, 'Mangesh Shivaji Jadhav', 2, 4, '2019-05-12 00:23:04', '2019-05-12 17:30:07'),
(230, 6, 1, 104, 3, 2, 1, 0, 18149, 'Anmol Majhi', 2, 5, '2019-05-12 00:23:04', '2019-05-12 17:30:10'),
(231, 6, 1, 104, 3, 3, 1, 0, 18723, 'Chetan Vijay Sirsikar', 2, 4, '2019-05-12 00:23:04', '2019-05-12 17:30:07'),
(232, 6, 1, 105, 3, 1, 1, 0, 18209, 'Rohit Godara', 2, 5, '2019-05-12 00:24:26', '2019-05-12 17:30:07'),
(233, 6, 1, 105, 3, 2, 1, 0, 18202, 'S Suryanarayanan', 2, 6, '2019-05-12 00:24:26', '2019-05-12 17:30:10'),
(234, 6, 1, 105, 3, 3, 1, 0, 18564, 'Mukesh Saran', 2, 1, '2019-05-12 00:24:26', '2019-05-12 17:30:07'),
(235, 6, 1, 106, 3, 1, 1, 0, 18344, 'Shivam Kumar Rai', 2, 3, '2019-05-12 00:25:26', '2019-05-12 17:30:08'),
(236, 6, 1, 106, 3, 2, 1, 0, 18359, 'Alam Kathat', 2, 3, '2019-05-12 00:25:26', '2019-05-12 17:30:08'),
(237, 6, 1, 106, 3, 3, 1, 0, 18429, 'Atul Kumar Tiwari', 2, 3, '2019-05-12 00:25:26', '2019-05-12 17:30:08'),
(238, 6, 1, 107, 1, 1, 1, 5, 18091, 'Sanju Singh', 2, 5, '2019-05-12 00:25:45', '2019-05-12 17:30:04'),
(239, 6, 1, 108, 1, 1, 1, 6, 18326, 'Akshit Mamgain', 2, 6, '2019-05-12 00:26:08', '2019-05-12 17:30:04'),
(240, 6, 1, 109, 1, 1, 1, 1, 18501, 'Akash', 2, 1, '2019-05-12 00:26:33', '2019-05-12 17:30:04'),
(354, 7, 1, 112, 1, 1, 1, 5, 18222, 'Aashish Ramesh Koshti', 2, 5, '2019-05-12 01:26:57', '2019-05-12 17:30:05'),
(353, 7, 1, 111, 1, 1, 1, 4, 18954, 'SHIVA CHARAK', 2, 4, '2019-05-12 01:26:32', '2019-05-12 17:30:05'),
(243, 6, 1, 112, 1, 1, 1, 5, 18236, 'Abhishek Kumar Yadav', 2, 5, '2019-05-12 00:27:55', '2019-05-12 17:30:05'),
(244, 6, 1, 113, 1, 1, 1, 6, 18183, 'Diwaker Singh', 2, 6, '2019-05-12 00:28:39', '2019-05-12 17:30:04'),
(245, 6, 1, 114, 1, 1, 1, 1, 18593, 'Snehasish Pradhan', 2, 1, '2019-05-12 00:29:38', '2019-05-12 17:30:04'),
(246, 6, 1, 115, 1, 1, 1, 3, 18365, 'P L V Sai Pawan Kumar', 2, 3, '2019-05-12 00:31:27', '2019-05-12 17:30:04'),
(247, 6, 2, 201, 3, 1, 1, 0, 18592, 'Noel Sovy', 2, 4, '2019-05-12 00:34:21', '2019-05-12 17:30:04'),
(248, 6, 2, 201, 3, 2, 1, 0, 18254, 'Bijay Singh', 2, 6, '2019-05-12 00:34:21', '2019-05-12 17:30:04'),
(249, 6, 2, 201, 3, 3, 1, 0, 18267, 'Devesh Joshi', 2, 6, '2019-05-12 00:34:21', '2019-05-12 17:30:04'),
(250, 6, 2, 202, 3, 1, 1, 0, 18581, 'Ankit Singh', 2, 1, '2019-05-12 00:34:47', '2019-05-12 17:30:05'),
(251, 6, 2, 202, 3, 2, 1, 0, 18291, 'Vivek Negi', 2, 5, '2019-05-12 00:34:47', '2019-05-12 17:30:05'),
(252, 6, 2, 202, 3, 3, 1, 0, 18633, 'Abhishek Jha', 2, 1, '2019-05-12 00:34:47', '2019-05-12 17:30:05'),
(253, 6, 2, 203, 3, 1, 1, 0, 18388, 'Abhinandan Singh', 2, 3, '2019-05-12 00:35:00', '2019-05-12 17:30:05'),
(254, 6, 2, 203, 3, 2, 1, 0, 18476, 'Abhishek Kulhari', 2, 3, '2019-05-12 00:35:00', '2019-05-12 17:30:06'),
(255, 6, 2, 203, 3, 3, 1, 0, 18087, 'Aman Semwal', 2, 5, '2019-05-12 00:35:00', '2019-05-12 17:30:05'),
(256, 6, 2, 204, 3, 1, 1, 0, 18585, 'Manish Kumar', 2, 4, '2019-05-12 00:35:12', '2019-05-12 17:30:06'),
(257, 6, 2, 204, 3, 2, 1, 0, 18266, 'Sehej Singh Bakshi', 2, 6, '2019-05-12 00:35:12', '2019-05-12 17:30:06'),
(258, 6, 2, 204, 3, 3, 1, 0, 18297, 'Amandeep Singh', 2, 6, '2019-05-12 00:35:12', '2019-05-12 17:30:06'),
(259, 6, 2, 205, 3, 1, 1, 0, 18312, 'Shaik Aftab', 2, 5, '2019-05-12 00:35:23', '2019-05-12 17:30:07'),
(260, 6, 2, 205, 3, 2, 1, 0, 18275, 'Swapnil Singh', 2, 5, '2019-05-12 00:35:23', '2019-05-12 17:30:07'),
(261, 6, 2, 205, 3, 3, 1, 0, 18273, 'Krunal Ramesh Patil', 2, 5, '2019-05-12 00:35:23', '2019-05-12 17:30:07'),
(262, 6, 2, 206, 3, 1, 1, 0, 18531, 'Dipesh Kumar Singh', 2, 1, '2019-05-12 00:35:43', '2019-05-12 17:30:07'),
(263, 6, 2, 206, 3, 2, 1, 0, 18594, 'Vishal Subhash Solanke', 2, 1, '2019-05-12 00:35:43', '2019-05-12 17:30:07'),
(264, 6, 2, 206, 3, 3, 1, 0, 18296, 'Srikant Pani', 2, 5, '2019-05-12 00:35:43', '2019-05-12 17:30:07'),
(265, 6, 2, 207, 1, 1, 1, 5, 18197, 'Ajay Kumar Dangi', 2, 5, '2019-05-12 00:36:04', '2019-05-12 17:30:04'),
(266, 6, 2, 208, 1, 1, 1, 4, 18397, 'Vishal', 2, 4, '2019-05-12 00:36:40', '2019-05-12 17:30:04'),
(267, 6, 2, 209, 1, 1, 1, 6, 18151, 'SWAPNIL PANDEY', 2, 6, '2019-05-12 00:37:02', '2019-05-12 17:30:04'),
(268, 6, 2, 210, 1, 1, 1, 1, 18596, 'Yaman Deep Singh', 2, 1, '2019-05-12 00:38:18', '2019-05-12 17:30:04'),
(269, 6, 2, 211, 1, 1, 1, 3, 18396, 'Ankit Kumar', 2, 3, '2019-05-12 00:38:40', '2019-05-12 17:30:04'),
(270, 6, 2, 212, 1, 1, 1, 4, 18363, 'Deepak Kumar', 2, 4, '2019-05-12 00:38:57', '2019-05-12 17:30:04'),
(271, 6, 2, 213, 1, 1, 1, 5, 18199, 'Aashish Kumar Singh', 2, 5, '2019-05-12 00:39:53', '2019-05-12 17:30:05'),
(272, 6, 2, 214, 1, 1, 1, 6, 18390, 'Nikhil Singh Kotwal', 2, 6, '2019-05-12 00:40:11', '2019-05-12 17:30:05'),
(273, 6, 2, 215, 1, 1, 1, 1, 18614, 'Vijay Pandey', 2, 1, '2019-05-12 00:41:06', '2019-05-12 17:30:04'),
(274, 6, 3, 301, 3, 1, 1, 0, 18305, 'Rohan Thakur', 2, 5, '2019-05-12 00:41:37', '2019-05-12 17:30:06'),
(275, 6, 3, 301, 3, 2, 1, 0, 18334, 'Rahul Kumar Ojha', 2, 6, '2019-05-12 00:41:37', '2019-05-12 17:30:06'),
(276, 6, 3, 301, 3, 3, 1, 0, 18211, 'Himanshu Guleria', 2, 5, '2019-05-12 00:41:37', '2019-05-12 17:30:06'),
(277, 6, 3, 302, 3, 1, 1, 0, 18449, 'Ashish Singh', 2, 3, '2019-05-12 00:42:11', '2019-05-12 17:30:06'),
(278, 6, 3, 302, 3, 2, 1, 0, 18455, 'Shubham Anand', 2, 3, '2019-05-12 00:42:11', '2019-05-12 17:30:06'),
(279, 6, 3, 302, 3, 3, 1, 0, 18050, 'Vivek Kumar Mishra', 2, 5, '2019-05-12 00:42:11', '2019-05-12 17:30:06'),
(280, 6, 3, 303, 3, 1, 1, 0, 18143, 'Zaid Khan', 2, 6, '2019-05-12 00:42:38', '2019-05-12 17:30:07'),
(281, 6, 3, 303, 3, 2, 1, 0, 18220, 'Himanshu Shekhar Padhi', 2, 5, '2019-05-12 00:42:38', '2019-05-12 17:30:07'),
(282, 6, 3, 303, 3, 3, 1, 0, 18271, 'Ayush Shukla', 2, 5, '2019-05-12 00:42:38', '2019-05-12 17:30:07'),
(283, 6, 3, 304, 3, 1, 1, 0, 18210, 'Subham Jena', 2, 6, '2019-05-12 00:43:00', '2019-05-12 17:30:07'),
(284, 6, 3, 304, 3, 2, 1, 0, 18272, 'Shubham Raghav', 2, 6, '2019-05-12 00:43:00', '2019-05-12 17:30:08'),
(285, 6, 3, 304, 3, 3, 1, 0, 18447, 'Anand Kumar Pandey', 2, 3, '2019-05-12 00:43:00', '2019-05-12 17:30:08'),
(286, 6, 3, 305, 3, 1, 1, 0, 18186, 'Sunil Choudhary', 2, 1, '2019-05-12 00:43:27', '2019-05-12 17:30:08'),
(287, 6, 3, 305, 3, 2, 1, 0, 18437, 'Vishvajeet Singh Chandrawat', 2, 3, '2019-05-12 00:43:27', '2019-05-12 17:30:10'),
(288, 6, 3, 305, 3, 3, 1, 0, 18605, 'Rudra Pratap Singh', 2, 1, '2019-05-12 00:43:27', '2019-05-12 17:30:08'),
(289, 6, 3, 306, 3, 1, 1, 0, 18144, 'Ajay Kahlan', 2, 5, '2019-05-12 00:43:49', '2019-05-12 17:30:08'),
(290, 6, 3, 306, 3, 2, 1, 0, 18017, 'Navjeet Singh', 2, 5, '2019-05-12 00:43:49', '2019-05-12 17:30:08'),
(291, 6, 3, 306, 3, 3, 1, 0, 18331, 'Vamsi Krishna Shahukaru', 2, 6, '2019-05-12 00:43:49', '2019-05-12 17:30:08'),
(292, 6, 3, 307, 1, 1, 1, 3, 18341, 'Arun', 2, 3, '2019-05-12 00:44:24', '2019-05-12 17:30:05'),
(294, 6, 3, 308, 1, 1, 1, 4, 18719, 'Raj Shekhar Singh', 2, 4, '2019-05-12 00:45:14', '2019-05-12 17:30:05'),
(296, 6, 3, 310, 1, 1, 1, 6, 18047, 'Shreya Dubey', 2, 6, '2019-05-12 00:46:50', '2019-05-12 17:30:05'),
(297, 6, 3, 311, 1, 1, 1, 1, 18598, 'Saurav Singh', 2, 1, '2019-05-12 00:47:07', '2019-05-12 17:30:05'),
(298, 6, 3, 312, 1, 1, 1, 3, 18387, 'Ajay Bohra', 2, 3, '2019-05-12 00:47:29', '2019-05-12 17:30:05'),
(299, 6, 3, 313, 1, 1, 1, 4, 18407, 'Harshvardhan Singh Shekhawat', 2, 4, '2019-05-12 00:47:51', '2019-05-12 17:30:05'),
(300, 6, 3, 314, 1, 1, 1, 5, 18300, 'Ashok Kumar', 2, 5, '2019-05-12 00:49:44', '2019-05-12 17:30:05'),
(301, 6, 3, 315, 1, 1, 1, 6, 18112, 'Krishnanunni R S', 2, 6, '2019-05-12 00:52:34', '2019-05-12 17:30:05'),
(302, 7, 0, 1, 3, 1, 1, 0, 18607, 'Kanchu Tarun', 2, 4, '2019-05-12 01:11:49', '2019-05-12 17:30:08'),
(303, 7, 0, 1, 3, 2, 1, 0, 18472, 'Akash Dahiya', 2, 4, '2019-05-12 01:11:49', '2019-05-12 17:30:11'),
(304, 7, 0, 1, 3, 3, 1, 0, 18958, 'SACHIN DOGRA', 2, 3, '2019-05-12 01:11:49', '2019-05-12 17:30:12'),
(305, 7, 0, 2, 3, 1, 1, 0, 18627, 'Pravendra Rana', 2, 4, '2019-05-12 01:12:42', '2019-05-12 17:30:09'),
(306, 7, 0, 2, 3, 2, 1, 0, 18792, 'CINDHER K P', 2, 4, '2019-05-12 01:12:42', '2019-05-12 17:30:12'),
(307, 7, 0, 2, 3, 3, 1, 0, 18163, 'Yashvardhan Singh Negi', 2, 6, '2019-05-12 01:12:42', '2019-05-12 17:30:12'),
(308, 7, 0, 3, 3, 1, 1, 0, 18535, 'Khushwant Singh', 2, 1, '2019-05-12 01:13:09', '2019-05-12 17:30:09'),
(309, 7, 0, 3, 3, 2, 1, 0, 18833, 'Chetan Bhal', 2, 4, '2019-05-12 01:13:09', '2019-05-12 17:30:12'),
(310, 7, 0, 3, 3, 3, 1, 0, 18314, 'Kishan Maharaj', 2, 6, '2019-05-12 01:13:09', '2019-05-12 17:30:12'),
(311, 7, 0, 4, 3, 1, 1, 0, 18487, 'Shubham Kumar', 2, 3, '2019-05-12 01:13:22', '2019-05-12 17:30:09'),
(312, 7, 0, 4, 3, 2, 1, 0, 18956, 'Ayush Koul', 2, 6, '2019-05-12 01:13:22', '2019-05-12 17:30:12'),
(313, 7, 0, 4, 3, 3, 1, 0, 18376, 'Aman Singh', 2, 3, '2019-05-12 01:13:22', '2019-05-12 17:30:09'),
(314, 7, 0, 5, 3, 1, 1, 0, 18661, 'Manoj Singh', 2, 1, '2019-05-12 01:13:33', '2019-05-12 17:30:10'),
(315, 7, 0, 5, 3, 2, 1, 0, 18028, 'Manish Kumar', 2, 6, '2019-05-12 01:13:33', '2019-05-12 17:30:12'),
(316, 7, 0, 5, 3, 3, 1, 0, 18172, 'Manjeet Singh Saini', 2, 4, '2019-05-12 01:13:33', '2019-05-12 17:30:10'),
(317, 7, 0, 6, 3, 1, 1, 0, 18690, 'Bhagat Singh Bisht', 2, 4, '2019-05-12 01:13:48', '2019-05-12 17:30:10'),
(318, 7, 0, 6, 3, 2, 1, 0, 18293, 'Arun', 2, 6, '2019-05-12 01:13:48', '2019-05-12 17:30:12'),
(319, 7, 0, 6, 3, 3, 1, 0, 18805, 'M Deepak Kumar', 2, 4, '2019-05-12 01:13:48', '2019-05-12 17:30:10'),
(320, 7, 0, 7, 1, 1, 1, 1, 18537, 'Amit Kumar', 2, 1, '2019-05-12 01:14:17', '2019-05-12 17:30:07'),
(321, 7, 0, 8, 1, 1, 1, 3, 18473, 'Alok Jhajhria', 2, 3, '2019-05-12 01:14:38', '2019-05-12 17:30:05'),
(322, 7, 0, 9, 3, 1, 1, 0, 18232, 'Siddharth Singh', 2, 6, '2019-05-12 01:14:54', '2019-05-12 17:30:10'),
(323, 7, 0, 9, 3, 2, 1, 0, 18229, 'Prantik Mahapatra', 2, 3, '2019-05-12 01:14:54', '2019-05-12 17:30:10'),
(324, 7, 0, 9, 3, 3, 1, 0, 18430, 'Prashant Kumar Sharma', 2, 3, '2019-05-12 01:14:54', '2019-05-12 17:30:10'),
(325, 7, 0, 10, 1, 1, 1, 4, 18621, 'Kiran Sanjay Wawre', 2, 4, '2019-05-12 01:15:11', '2019-05-12 17:30:05'),
(326, 7, 0, 11, 3, 1, 1, 0, 18576, 'Deepak Bhadoria', 2, 1, '2019-05-12 01:15:36', '2019-05-12 17:30:10'),
(327, 7, 0, 11, 3, 2, 1, 0, 18198, 'Harritik Sharma', 2, 6, '2019-05-12 01:15:36', '2019-05-12 17:30:12'),
(328, 7, 0, 11, 3, 3, 1, 0, 18470, 'Nikhil Kumar', 2, 3, '2019-05-12 01:15:36', '2019-05-12 17:30:12'),
(329, 7, 1, 101, 3, 1, 1, 0, 18221, 'Anutosh Kumar', 2, 6, '2019-05-12 01:16:31', '2019-05-12 17:30:05'),
(330, 7, 1, 101, 3, 2, 1, 0, 18124, 'Rutvik N', 2, 6, '2019-05-12 01:16:31', '2019-05-12 17:30:11'),
(331, 7, 1, 101, 3, 3, 1, 0, 18562, 'Harshvardhan', 2, 1, '2019-05-12 01:16:31', '2019-05-12 17:30:05'),
(332, 7, 1, 102, 3, 1, 1, 0, 18208, 'Manish Kumar', 2, 4, '2019-05-12 01:19:16', '2019-05-12 17:30:06'),
(333, 7, 1, 102, 3, 2, 1, 0, 18145, 'Suraj Singh Kanyal', 2, 5, '2019-05-12 01:19:16', '2019-05-12 17:30:06'),
(334, 7, 1, 102, 3, 3, 1, 0, 18307, 'Akshay Sharma', 2, 6, '2019-05-12 01:19:16', '2019-05-12 17:30:06'),
(335, 7, 1, 103, 3, 1, 1, 0, 18394, 'Gaurav Kumar Singh', 2, 3, '2019-05-12 01:19:38', '2019-05-12 17:30:07'),
(336, 7, 1, 103, 3, 2, 1, 0, 18428, 'Aman Gupta', 2, 3, '2019-05-12 01:19:38', '2019-05-12 17:30:11'),
(337, 7, 1, 103, 3, 3, 1, 0, 18249, 'Vimaleshwar Karuppiah Krishnamurthy', 2, 5, '2019-05-12 01:19:38', '2019-05-12 17:30:07'),
(338, 7, 1, 104, 3, 1, 1, 0, 18647, 'Rajdip Akhuli', 2, 1, '2019-05-12 01:19:57', '2019-05-12 17:30:09'),
(339, 7, 1, 104, 3, 2, 1, 0, 18604, 'Prijwal Singh Kushwah', 2, 1, '2019-05-12 01:19:57', '2019-05-12 17:30:09'),
(340, 7, 1, 104, 3, 3, 1, 0, 18799, 'Kashi Nath Singh', 2, 4, '2019-05-12 01:19:57', '2019-05-12 17:30:09'),
(341, 7, 1, 105, 3, 1, 1, 0, 18443, 'HARSH CHAUHAN', 2, 3, '2019-05-12 01:20:12', '2019-05-12 17:30:09'),
(342, 7, 1, 105, 3, 2, 1, 0, 18952, 'SHUBAM PARIHAR', 2, 5, '2019-05-12 01:20:12', '2019-05-12 17:30:11'),
(343, 7, 1, 105, 3, 3, 1, 0, 18178, 'Satya Prakash', 2, 5, '2019-05-12 01:20:12', '2019-05-12 17:30:09'),
(344, 7, 1, 106, 3, 1, 1, 0, 18174, 'Ayush Negi', 2, 5, '2019-05-12 01:20:32', '2019-05-12 17:30:09'),
(345, 7, 1, 106, 3, 2, 1, 0, 18398, 'Nabhishek Singh', 2, 3, '2019-05-12 01:20:32', '2019-05-12 17:30:11'),
(346, 7, 1, 106, 3, 3, 1, 0, 18318, 'Arjun Singh', 2, 6, '2019-05-12 01:20:32', '2019-05-12 17:30:09'),
(347, 7, 1, 107, 1, 1, 1, 5, 18309, 'Rishav Sharma', 2, 5, '2019-05-12 01:21:21', '2019-05-12 17:30:06'),
(348, 7, 1, 108, 1, 1, 1, 6, 18284, 'Ayush Pawar', 2, 6, '2019-05-12 01:21:41', '2019-05-12 17:30:06'),
(349, 7, 1, 109, 1, 1, 1, 1, 18677, 'Abhishek Joshi', 2, 1, '2019-05-12 01:22:02', '2019-05-12 17:30:06'),
(351, 7, 1, 110, 1, 1, 1, 3, 18352, 'Roshan Rai', 2, 3, '2019-05-12 01:25:13', '2019-05-12 17:30:05'),
(359, 7, 2, 201, 3, 2, 1, 0, 18436, 'Ajay Choudhary', 2, 4, '2019-05-12 01:28:32', '2019-05-12 17:30:08'),
(360, 7, 2, 201, 3, 3, 1, 0, 18774, 'Vishal', 2, 4, '2019-05-12 01:28:32', '2019-05-12 17:30:08'),
(361, 7, 2, 202, 3, 1, 1, 0, 18072, 'Vijender', 2, 5, '2019-05-12 01:28:45', '2019-05-12 17:30:08'),
(362, 7, 2, 202, 3, 2, 1, 0, 18763, 'Amit Kumar Jha', 2, 4, '2019-05-12 01:28:45', '2019-05-12 17:30:10'),
(363, 7, 2, 202, 3, 3, 1, 0, 18538, 'Rohan Dalal', 2, 1, '2019-05-12 01:28:45', '2019-05-12 17:30:11'),
(364, 7, 2, 203, 3, 1, 1, 0, 18366, 'jatin kumar', 2, 3, '2019-05-12 01:29:38', '2019-05-12 17:30:09'),
(365, 7, 2, 203, 3, 2, 1, 0, 18304, 'Nitin Siradhana', 2, 6, '2019-05-12 01:29:38', '2019-05-12 17:30:11'),
(366, 7, 2, 203, 3, 3, 1, 0, 18530, 'Gagan Yadav', 2, 4, '2019-05-12 01:29:38', '2019-05-12 17:30:09'),
(367, 7, 2, 204, 3, 1, 1, 0, 18195, 'Vikas Singh', 2, 6, '2019-05-12 01:29:56', '2019-05-12 17:30:09'),
(368, 7, 2, 204, 3, 2, 1, 0, 18090, 'Hariom', 2, 6, '2019-05-12 01:29:56', '2019-05-12 17:30:09'),
(369, 7, 2, 204, 3, 3, 1, 0, 18132, 'Nikhil Bhatt', 2, 6, '2019-05-12 01:29:56', '2019-05-12 17:30:09'),
(370, 7, 2, 205, 3, 1, 1, 0, 18660, 'Aditya Alok', 2, 1, '2019-05-12 01:30:13', '2019-05-12 17:30:09'),
(371, 7, 2, 205, 3, 2, 1, 0, 18490, 'Rahul Yadav', 2, 1, '2019-05-12 01:30:13', '2019-05-12 17:30:11'),
(372, 7, 2, 205, 3, 3, 1, 0, 18295, 'Sagar', 2, 6, '2019-05-12 01:30:13', '2019-05-12 17:30:09'),
(373, 7, 2, 206, 3, 1, 1, 0, 18013, 'Shaikh Naeem', 2, 6, '2019-05-12 01:32:33', '2019-05-12 17:30:09'),
(374, 7, 2, 206, 3, 2, 1, 0, 18644, 'Surya Prakash', 2, 4, '2019-05-12 01:32:33', '2019-05-12 17:30:11'),
(375, 7, 2, 206, 3, 3, 1, 0, 18353, 'Sandeep Kumar Gurjar', 2, 4, '2019-05-12 01:32:33', '2019-05-12 17:30:11'),
(376, 7, 2, 207, 1, 1, 1, 4, 18539, 'Shailesh Kumar', 2, 4, '2019-05-12 01:33:16', '2019-05-12 17:30:05'),
(377, 7, 2, 208, 1, 1, 1, 5, 18270, 'Pushpendra Kumar', 2, 5, '2019-05-12 01:33:48', '2019-05-12 17:30:05'),
(378, 7, 2, 209, 1, 1, 1, 6, 18150, 'Jasbir Singh', 2, 6, '2019-05-12 01:34:12', '2019-05-12 17:30:05'),
(379, 7, 2, 210, 1, 1, 1, 1, 18414, 'Kedar Krishnarao Joshi', 2, 1, '2019-05-12 01:34:34', '2019-05-12 17:30:06'),
(380, 7, 2, 211, 1, 1, 1, 3, 18425, 'ashish mishra', 2, 3, '2019-05-12 01:35:28', '2019-05-12 17:30:06'),
(381, 7, 2, 212, 1, 1, 1, 4, 18169, 'Shivam Singh', 2, 4, '2019-05-12 01:35:47', '2019-05-12 17:30:06'),
(382, 7, 2, 213, 1, 1, 1, 5, 18294, 'Ashutosh Kumar Singh', 2, 5, '2019-05-12 01:36:11', '2019-05-12 17:30:05'),
(383, 7, 2, 214, 1, 1, 1, 6, 18289, 'Sanjay Rawat', 2, 6, '2019-05-12 01:36:26', '2019-05-12 17:30:06'),
(384, 7, 2, 215, 1, 1, 1, 1, 18526, 'Prabhat Gurung', 2, 1, '2019-05-12 01:36:44', '2019-05-12 17:30:06'),
(385, 7, 3, 301, 3, 1, 1, 0, 18687, 'Kapil Dev Sharma', 2, 4, '2019-05-12 01:37:37', '2019-05-12 17:30:07'),
(386, 7, 3, 301, 3, 2, 1, 0, 18767, 'Naveen Gaur', 2, 4, '2019-05-12 01:37:37', '2019-05-12 17:30:07'),
(387, 7, 3, 301, 3, 3, 1, 0, 18615, 'Vivek Singh', 2, 1, '2019-05-12 01:37:37', '2019-05-12 17:30:07'),
(388, 7, 3, 302, 3, 1, 1, 0, 18288, 'Kapil Daulat', 2, 5, '2019-05-12 01:38:02', '2019-05-12 17:30:09'),
(389, 7, 3, 302, 3, 2, 1, 0, 18601, 'Aniket', 2, 4, '2019-05-12 01:38:02', '2019-05-12 17:30:11'),
(390, 7, 3, 302, 3, 3, 1, 0, 18580, 'Sangam Poonia', 2, 1, '2019-05-12 01:38:02', '2019-05-12 17:30:09'),
(391, 7, 3, 303, 3, 1, 1, 0, 18239, 'Ashish Ahlawat', 2, 5, '2019-05-12 01:38:17', '2019-05-12 17:30:09'),
(392, 7, 3, 303, 3, 2, 1, 0, 18260, 'Rustom Singh Yadav', 2, 5, '2019-05-12 01:38:17', '2019-05-12 17:30:11'),
(393, 7, 3, 303, 3, 3, 1, 0, 18033, 'Yashwant Singh Chauhan', 2, 6, '2019-05-12 01:38:17', '2019-05-12 17:30:11'),
(394, 7, 3, 304, 3, 1, 1, 0, 18234, 'Yash Chaudhary', 2, 6, '2019-05-12 01:38:47', '2019-05-12 17:30:10'),
(395, 7, 3, 304, 3, 2, 1, 0, 18227, 'Prakarsh Bhardwaj', 2, 6, '2019-05-12 01:38:47', '2019-05-12 17:30:12'),
(396, 7, 3, 304, 3, 3, 1, 0, 18182, 'Shardul Palhania', 2, 5, '2019-05-12 01:38:47', '2019-05-12 17:30:12'),
(397, 7, 3, 305, 3, 1, 1, 0, 18431, 'Robin Acharya', 2, 3, '2019-05-12 01:39:05', '2019-05-12 17:30:10'),
(398, 7, 3, 305, 3, 2, 1, 0, 18786, 'Sushant Kumar', 2, 4, '2019-05-12 01:39:05', '2019-05-12 17:30:12'),
(399, 7, 3, 305, 3, 3, 1, 0, 18718, 'Mohd Asif Farhan', 2, 4, '2019-05-12 01:39:05', '2019-05-12 17:30:12'),
(400, 7, 3, 306, 3, 1, 1, 0, 18083, 'DEEPAK KUMAR UPADHYAY', 2, 5, '2019-05-12 01:39:26', '2019-05-12 17:30:10'),
(401, 7, 3, 306, 3, 2, 1, 0, 18512, 'Amit Kumar Bhuyan', 2, 1, '2019-05-12 01:39:26', '2019-05-12 17:30:10'),
(402, 7, 3, 306, 3, 3, 1, 0, 18448, 'Soudip Das', 2, 3, '2019-05-12 01:39:26', '2019-05-12 17:30:10'),
(403, 7, 3, 307, 1, 1, 1, 3, 18444, 'Rohit Sangwan', 2, 3, '2019-05-12 01:40:04', '2019-05-12 17:30:06'),
(404, 7, 3, 308, 1, 1, 1, 4, 18772, 'Pranjal Singh', 2, 4, '2019-05-12 01:40:25', '2019-05-12 17:30:06'),
(405, 7, 3, 309, 1, 1, 1, 5, 18092, 'Pranay Mishra', 2, 5, '2019-05-12 01:40:46', '2019-05-12 17:30:06'),
(406, 7, 3, 310, 1, 1, 1, 6, 18152, 'Anil Kumar', 2, 6, '2019-05-12 01:41:07', '2019-05-12 17:30:05'),
(407, 7, 3, 311, 1, 1, 1, 1, 18438, 'Kumar Saurav', 2, 1, '2019-05-12 01:41:35', '2019-05-12 17:30:05'),
(408, 7, 3, 312, 1, 1, 1, 3, 18464, 'Abhilash Kumar Trivedi', 2, 3, '2019-05-12 01:43:19', '2019-05-12 17:30:07'),
(409, 7, 3, 313, 1, 1, 1, 4, 18715, 'RISHABH KUMAR', 2, 4, '2019-05-12 01:43:37', '2019-05-12 17:30:06'),
(410, 7, 3, 314, 1, 1, 1, 5, 18064, 'Vanshraj Seth', 2, 5, '2019-05-12 01:43:53', '2019-05-12 17:30:06'),
(411, 7, 3, 315, 1, 1, 1, 6, 18054, 'Aman Kumar Ojha', 2, 6, '2019-05-12 01:44:07', '2019-05-12 17:30:06'),
(412, 6, 3, 316, 2, 1, 1, 0, 18400, 'Sandeep Kumar Panigrahi', 2, 1, '2019-05-12 17:26:59', '2019-05-12 17:30:05'),
(413, 6, 3, 316, 2, 2, 1, 0, 18540, 'Shuvam Kumar', 2, 1, '2019-05-12 17:26:59', '2019-05-12 17:30:05'),
(414, 6, 3, 317, 2, 1, 1, 0, 18748, 'Sparsh Gupta', 2, 4, '2019-05-12 17:27:09', '2019-05-12 17:30:05'),
(415, 6, 3, 317, 2, 2, 1, 0, 18263, 'Ravi Budania', 2, 5, '2019-05-12 17:27:09', '2019-05-12 17:30:07'),
(416, 6, 2, 216, 2, 1, 1, 0, 18340, 'Kunal Khanra', 2, 3, '2019-05-12 17:27:20', '2019-05-12 17:30:04'),
(417, 6, 2, 216, 2, 2, 1, 0, 18578, 'Deepak Tiwari', 2, 1, '2019-05-12 17:27:20', '2019-05-12 17:30:04'),
(418, 6, 2, 217, 2, 1, 1, 0, 18456, 'Saurav Chauhan', 2, 3, '2019-05-12 17:27:31', '2019-05-12 17:30:05'),
(419, 6, 2, 217, 2, 2, 1, 0, 18280, 'Sachin Bisht', 2, 5, '2019-05-12 17:27:31', '2019-05-12 17:30:05'),
(420, 6, 1, 116, 2, 1, 1, 0, 18136, 'Akash Singh', 2, 5, '2019-05-12 17:27:44', '2019-05-12 17:30:04'),
(421, 6, 1, 116, 2, 2, 1, 0, 18203, 'Udit Chaudhary', 2, 5, '2019-05-12 17:27:44', '2019-05-12 17:30:04'),
(422, 6, 1, 117, 2, 1, 1, 0, 18468, 'S Hussain Ali', 2, 1, '2019-05-12 17:27:52', '2019-05-12 17:30:05'),
(423, 6, 1, 117, 2, 2, 1, 0, 18462, 'R Sankalp Shukla', 2, 3, '2019-05-12 17:27:52', '2019-05-12 17:30:05'),
(424, 7, 3, 316, 2, 1, 1, 0, 18728, 'Hemant Singh', 2, 4, '2019-05-12 17:29:01', '2019-05-12 17:30:07'),
(425, 7, 3, 316, 2, 2, 1, 0, 18785, 'Vivek Krishnan', 2, 4, '2019-05-12 17:29:01', '2019-05-12 17:30:07'),
(426, 7, 3, 317, 2, 1, 1, 0, 18130, 'Pawan Kumar Dixit', 2, 5, '2019-05-12 17:29:12', '2019-05-12 17:30:07'),
(427, 7, 3, 317, 2, 2, 1, 0, 18099, 'Sohardh Bhandari', 2, 6, '2019-05-12 17:29:12', '2019-05-12 17:30:07'),
(428, 7, 2, 216, 2, 1, 1, 0, 18704, 'Guduru Sai Kumar Reddy', 2, 1, '2019-05-12 17:29:20', '2019-05-12 17:30:06'),
(429, 7, 2, 216, 2, 2, 1, 0, 18528, 'Harvinder Yadav', 2, 1, '2019-05-12 17:29:20', '2019-05-12 17:30:06'),
(430, 7, 2, 217, 2, 1, 1, 0, 18339, 'Karamvir Singh', 2, 3, '2019-05-12 17:29:28', '2019-05-12 17:30:06'),
(431, 7, 2, 217, 2, 2, 1, 0, 18379, 'Anuj Kumar Bugalia', 2, 3, '2019-05-12 17:29:28', '2019-05-12 17:30:06'),
(432, 7, 1, 116, 2, 1, 1, 0, 18207, 'Anurag Rawat', 2, 6, '2019-05-12 17:29:35', '2019-05-12 17:30:06'),
(433, 7, 1, 116, 2, 2, 1, 0, 18277, 'Diwakar Singh', 2, 6, '2019-05-12 17:29:35', '2019-05-12 17:30:06'),
(434, 7, 1, 117, 2, 1, 1, 0, 18205, 'Sachin Keshav', 2, 6, '2019-05-12 17:29:43', '2019-05-12 17:30:07'),
(435, 7, 1, 117, 2, 2, 1, 0, 18217, 'Ritik', 2, 6, '2019-05-12 17:29:43', '2019-05-12 17:30:07');

-- --------------------------------------------------------

--
-- Table structure for table `branches`
--

CREATE TABLE `branches` (
  `id` int(10) UNSIGNED NOT NULL,
  `branch` int(10) UNSIGNED NOT NULL,
  `name` varchar(10) COLLATE utf8mb4_unicode_ci NOT NULL,
  `created_at` timestamp NULL DEFAULT NULL,
  `updated_at` timestamp NULL DEFAULT NULL
) ENGINE=MyISAM DEFAULT CHARSET=utf8mb4 COLLATE=utf8mb4_unicode_ci;

--
-- Dumping data for table `branches`
--

INSERT INTO `branches` (`id`, `branch`, `name`, `created_at`, `updated_at`) VALUES
(7, 3, 'IT', NULL, NULL),
(6, 2, 'E&TC II', NULL, NULL),
(5, 1, 'E&TC I', NULL, NULL),
(8, 4, 'MECH', NULL, NULL),
(9, 5, 'COMP I', NULL, NULL),
(11, 6, 'COMP II', NULL, NULL);

-- --------------------------------------------------------

--
-- Table structure for table `capacities`
--

CREATE TABLE `capacities` (
  `id` int(10) UNSIGNED NOT NULL,
  `year` int(10) UNSIGNED NOT NULL,
  `it` bigint(20) UNSIGNED NOT NULL,
  `mech` bigint(20) UNSIGNED NOT NULL,
  `entc` bigint(20) UNSIGNED NOT NULL,
  `comp` bigint(20) UNSIGNED NOT NULL,
  `created_at` timestamp NULL DEFAULT NULL,
  `updated_at` timestamp NULL DEFAULT NULL
) ENGINE=MyISAM DEFAULT CHARSET=utf8mb4 COLLATE=utf8mb4_unicode_ci;

--
-- Dumping data for table `capacities`
--

INSERT INTO `capacities` (`id`, `year`, `it`, `mech`, `entc`, `comp`, `created_at`, `updated_at`) VALUES
(2, 4, 60, 60, 120, 120, '2019-05-08 13:51:07', '2019-05-08 13:51:07'),
(3, 1, 60, 60, 120, 120, '2019-05-09 06:41:02', '2019-05-09 06:41:02');

-- --------------------------------------------------------

--
-- Table structure for table `feedback`
--

CREATE TABLE `feedback` (
  `id` int(10) UNSIGNED NOT NULL,
  `regno` int(10) UNSIGNED NOT NULL,
  `satisfaction` int(10) UNSIGNED NOT NULL,
  `platform` int(10) UNSIGNED NOT NULL,
  `reccomend` int(10) UNSIGNED NOT NULL,
  `accuracy` int(10) UNSIGNED NOT NULL,
  `improvement` varchar(300) COLLATE utf8mb4_unicode_ci DEFAULT NULL,
  `messege` varchar(500) COLLATE utf8mb4_unicode_ci DEFAULT NULL,
  `created_at` timestamp NULL DEFAULT NULL,
  `updated_at` timestamp NULL DEFAULT NULL
) ENGINE=MyISAM DEFAULT CHARSET=utf8mb4 COLLATE=utf8mb4_unicode_ci;

--
-- Dumping data for table `feedback`
--

INSERT INTO `feedback` (`id`, `regno`, `satisfaction`, `platform`, `reccomend`, `accuracy`, `improvement`, `messege`, `created_at`, `updated_at`) VALUES
(6, 18254, 48, 50, 50, 50, NULL, NULL, '2019-08-07 01:00:11', '2019-08-07 01:00:11'),
(7, 18198, 100, 100, 100, 100, NULL, NULL, '2019-08-07 01:17:47', '2019-08-07 01:17:47'),
(8, 18054, 50, 50, 50, 50, NULL, NULL, '2019-08-07 01:42:21', '2019-08-07 01:42:21'),
(26, 18767, 100, 100, 100, 100, NULL, NULL, '2019-08-12 18:25:47', '2019-08-12 18:25:47'),
(10, 18207, 100, 100, 100, 100, NULL, NULL, '2019-08-07 10:34:17', '2019-08-07 10:34:17'),
(11, 18273, 100, 100, 100, 100, 'None. Perfectly got the allotment according to Roommates choice and also the flank. Floor allotted was my second choice which i got due to less score in (attendance + merit). Very Satisfied by the results.', NULL, '2019-08-07 13:43:43', '2019-08-07 13:43:43'),
(12, 18179, 100, 100, 77, 88, NULL, NULL, '2019-08-07 15:05:13', '2019-08-07 15:05:13'),
(27, 18956, 80, 82, 95, 92, NULL, NULL, '2019-09-12 11:55:05', '2019-09-12 11:55:05'),
(14, 18284, 100, 100, 100, 100, NULL, NULL, '2019-08-07 15:53:54', '2019-08-07 15:53:54'),
(19, 18578, 100, 100, 100, 100, NULL, 'Transparency is much required for any procedure and this platform was totally transparent to the students and administration also.', '2019-08-11 18:57:59', '2019-08-11 18:57:59'),
(21, 18614, 99, 100, 100, 100, NULL, NULL, '2019-08-11 21:21:14', '2019-08-11 21:21:14'),
(23, 18438, 100, 100, 100, 100, NULL, 'I have got result with filled preference. Next time I suggest AIT to implement hostel allotment by this way.', '2019-08-11 21:59:04', '2019-08-11 21:59:04'),
(25, 18390, 81, 91, 94, 91, NULL, 'The procedure will be easy, and the results will be declared early. NO human error.', '2019-08-11 23:47:35', '2019-08-11 23:47:35');

-- --------------------------------------------------------

--
-- Table structure for table `floors`
--

CREATE TABLE `floors` (
  `id` int(10) UNSIGNED NOT NULL,
  `floor` int(10) UNSIGNED NOT NULL,
  `name` varchar(10) COLLATE utf8mb4_unicode_ci NOT NULL,
  `created_at` timestamp NULL DEFAULT NULL,
  `updated_at` timestamp NULL DEFAULT NULL
) ENGINE=MyISAM DEFAULT CHARSET=utf8mb4 COLLATE=utf8mb4_unicode_ci;

--
-- Dumping data for table `floors`
--

INSERT INTO `floors` (`id`, `floor`, `name`, `created_at`, `updated_at`) VALUES
(1, 0, 'Ground', NULL, NULL),
(2, 1, 'First', NULL, NULL),
(3, 2, 'Second', NULL, NULL),
(4, 3, 'Third', NULL, NULL);

-- --------------------------------------------------------

--
-- Table structure for table `hostelcategories`
--

CREATE TABLE `hostelcategories` (
  `id` int(10) UNSIGNED NOT NULL,
  `category` int(10) UNSIGNED NOT NULL,
  `name` varchar(25) COLLATE utf8mb4_unicode_ci NOT NULL,
  `created_at` timestamp NULL DEFAULT NULL,
  `updated_at` timestamp NULL DEFAULT NULL
) ENGINE=MyISAM DEFAULT CHARSET=utf8mb4 COLLATE=utf8mb4_unicode_ci;

--
-- Dumping data for table `hostelcategories`
--

INSERT INTO `hostelcategories` (`id`, `category`, `name`, `created_at`, `updated_at`) VALUES
(1, 1, 'TIER 1', '2019-05-08 18:30:00', NULL),
(2, 2, 'TIER 2', NULL, NULL);

-- --------------------------------------------------------

--
-- Table structure for table `hostels`
--

CREATE TABLE `hostels` (
  `id` int(10) UNSIGNED NOT NULL,
  `hostel_id` int(11) NOT NULL,
  `category` int(11) NOT NULL,
  `hostelname` varchar(100) COLLATE utf8mb4_unicode_ci NOT NULL,
  `allotedto` int(11) DEFAULT NULL,
  `created_at` timestamp NULL DEFAULT NULL,
  `updated_at` timestamp NULL DEFAULT NULL
) ENGINE=MyISAM DEFAULT CHARSET=utf8mb4 COLLATE=utf8mb4_unicode_ci;

--
-- Dumping data for table `hostels`
--

INSERT INTO `hostels` (`id`, `hostel_id`, `category`, `hostelname`, `allotedto`, `created_at`, `updated_at`) VALUES
(1, 1, 1, 'H Flank', 4, '2019-05-06 12:21:03', '2020-02-24 23:29:14'),
(2, 2, 1, 'G Flank', 4, '2019-05-06 13:17:40', '2020-02-24 23:30:55'),
(3, 3, 1, 'DORM', 3, '2019-05-07 21:13:27', '2019-05-10 16:43:21'),
(4, 4, 1, 'OBH A', 1, '2019-05-07 21:20:42', '2020-02-24 23:29:52'),
(5, 5, 1, 'OBH C', 1, '2019-05-07 21:20:51', '2020-02-24 23:30:22'),
(6, 6, 1, 'OBH B', 2, '2019-05-09 05:07:46', '2019-05-10 16:00:40'),
(7, 7, 1, 'OBH D', 2, '2019-05-09 06:30:55', '2019-05-10 16:00:49');

-- --------------------------------------------------------

--
-- Table structure for table `merits`
--

CREATE TABLE `merits` (
  `id` int(10) UNSIGNED NOT NULL,
  `regno` int(10) UNSIGNED NOT NULL,
  `name` varchar(191) COLLATE utf8mb4_unicode_ci NOT NULL,
  `academics` decimal(4,2) UNSIGNED NOT NULL,
  `attendance` decimal(4,2) UNSIGNED NOT NULL,
  `merit` decimal(4,2) UNSIGNED NOT NULL,
  `created_at` timestamp NULL DEFAULT NULL,
  `updated_at` timestamp NULL DEFAULT NULL
) ENGINE=MyISAM DEFAULT CHARSET=utf8mb4 COLLATE=utf8mb4_unicode_ci;

-- --------------------------------------------------------

--
-- Table structure for table `migrations`
--

CREATE TABLE `migrations` (
  `id` int(10) UNSIGNED NOT NULL,
  `migration` varchar(191) COLLATE utf8mb4_unicode_ci NOT NULL,
  `batch` int(11) NOT NULL
) ENGINE=MyISAM DEFAULT CHARSET=utf8mb4 COLLATE=utf8mb4_unicode_ci;

--
-- Dumping data for table `migrations`
--

INSERT INTO `migrations` (`id`, `migration`, `batch`) VALUES
(1, '2014_10_12_000000_create_users_table', 1),
(2, '2014_10_12_100000_create_password_resets_table', 1),
(3, '2017_03_06_023521_create_admins_table', 1),
(4, '2017_03_06_053834_create_admin_role_table', 1),
(5, '2018_03_06_023523_create_roles_table', 1),
(6, '2018_05_08_220733_create_applications_table', 1),
(7, '2018_05_12_101035_create_studenthostels_table', 1),
(8, '2018_05_12_113620_create_hostels_table', 1),
(9, '2018_05_30_184206_create_years_table', 1),
(10, '2018_05_30_184431_create_branches_table', 1),
(11, '2018_05_30_184511_create_roomtypes_table', 1),
(12, '2018_05_30_184524_create_floors_table', 1),
(13, '2018_06_01_054029_create_boyshostels_table', 1),
(14, '2018_06_01_075521_create_hostelcategories_table', 1),
(15, '2018_08_18_184545_create_user_data_table', 2),
(16, '2019_05_04_110426_create_capacities_table', 2),
(17, '2019_05_04_151731_create_merits_table', 2),
(18, '2019_05_05_211541_create_studentmerits_table', 2),
(21, '2019_08_05_165605_create_feedback_table', 3);

-- --------------------------------------------------------

--
-- Table structure for table `password_resets`
--

CREATE TABLE `password_resets` (
  `email` varchar(191) COLLATE utf8mb4_unicode_ci NOT NULL,
  `token` varchar(191) COLLATE utf8mb4_unicode_ci NOT NULL,
  `created_at` timestamp NULL DEFAULT NULL
) ENGINE=MyISAM DEFAULT CHARSET=utf8mb4 COLLATE=utf8mb4_unicode_ci;

--
-- Dumping data for table `password_resets`
--

INSERT INTO `password_resets` (`email`, `token`, `created_at`) VALUES
('deepakkumaryadav_16686@aitpune.edu.in', '$2y$10$X4crQkCZvQ/aiKY8bjoIfO.R4yvkZ.lECniJ/Y6CPM2KvROlXQzR2', '2019-05-07 09:26:35'),
('satya.prakash9500@gmail.com', '$2y$10$..RlPdeXwZHInkX9gZOiAOpbJUV.JnhELNl/6cE/ALPQJ7VuBvqhi', '2019-08-12 14:20:49'),
('07abhishekrock@gmail.com', '$2y$10$ujhOGjUoFfNLMVlo1mNeEONBYBxHXR73wO.cKkEC8t/B4jaxBqWhS', '2019-08-07 10:31:01'),
('vivz881@gmail.com', '$2y$10$HYnqBSr7u7/AwVYRVoTeg.1/z/YvBRygkdm//rm/lDmy5v7pU47SG', '2019-05-10 20:20:02'),
('akaggarwal11082000@gmail.com', '$2y$10$HJ/AspeVpiuavbgQtckhvuv8g7kUI.WsLIp4/pattyI3cN9wqpuYW', '2019-05-11 10:37:12'),
('ashu22111999@gmail.com', '$2y$10$uDX0K0YgZh2QcMRaeHQMMu8zd6z4aRdb9rLfPKrch64ZehEZighty', '2019-05-11 22:31:57'),
('navjeetshekhawat5555@gmail.com', '$2y$10$4RixnZUjUZzJ/N.URm6u5.OEHHX6l33wjPcjj20xFboZuYuLnImX2', '2019-08-13 10:28:16'),
('kspillai16@gmail.com', '$2y$10$U1DAHoTOCHvdcp8SWhDHceR8bUTJGGOi7Pmx3Bk6kABu0PLbZz/Uy', '2019-05-11 21:58:48'),
('yashflorida@gmail.com', '$2y$10$wMl9d7L23.K.sTqP7SJoB.6o9HKR1.jr85m4b4Uuf1/8Wy9ix6msy', '2019-08-07 01:02:28'),
('devthegreat711@gmail.com', '$2y$10$lSQnM4SzQCsVEYRkH5tCUOhdxxbx4fzFni6yWvJlzUwoN2b/UUUVm', '2019-08-12 20:12:56'),
('iitianaspirantdevesh@gmail.com', '$2y$10$FxUfYTK4c8alcM089CSg/OzCjc8joD0NyddzK09RyV7K2MAllfQ8q', '2019-08-07 05:10:26'),
('anutoshkumar586@gmail.com', '$2y$10$.CuErDzB1p2S989LI6dErekLdjU5ukkSbN8gADYHqqURyz8nSHfVe', '2019-08-09 13:26:57'),
('shreyadubey1802@gmail.com', '$2y$10$xJ0TrxOv/oNB./zoteF/4ezU5KA5aPztXnfEib04xO/stj9y8P2Pm', '2019-08-12 19:28:13');

-- --------------------------------------------------------

--
-- Table structure for table `roles`
--

CREATE TABLE `roles` (
  `id` int(10) UNSIGNED NOT NULL,
  `name` varchar(191) COLLATE utf8mb4_unicode_ci NOT NULL,
  `created_at` timestamp NULL DEFAULT NULL,
  `updated_at` timestamp NULL DEFAULT NULL
) ENGINE=MyISAM DEFAULT CHARSET=utf8mb4 COLLATE=utf8mb4_unicode_ci;

--
-- Dumping data for table `roles`
--

INSERT INTO `roles` (`id`, `name`, `created_at`, `updated_at`) VALUES
(1, 'super', '2019-05-06 09:25:34', '2019-05-06 09:25:34'),
(2, '1st year warden', '2019-05-06 11:55:38', '2019-05-06 11:55:38'),
(3, '2nd year warden', '2019-05-06 11:56:00', '2019-05-06 11:56:00'),
(4, '3rd year warden', '2019-05-06 11:56:12', '2019-05-06 11:56:12'),
(5, '4th year warden', '2019-05-06 11:56:24', '2019-05-06 11:56:24');

-- --------------------------------------------------------

--
-- Table structure for table `roomtypes`
--

CREATE TABLE `roomtypes` (
  `id` int(10) UNSIGNED NOT NULL,
  `roomtype` int(10) UNSIGNED NOT NULL,
  `name` varchar(10) COLLATE utf8mb4_unicode_ci NOT NULL,
  `created_at` timestamp NULL DEFAULT NULL,
  `updated_at` timestamp NULL DEFAULT NULL
) ENGINE=MyISAM DEFAULT CHARSET=utf8mb4 COLLATE=utf8mb4_unicode_ci;

--
-- Dumping data for table `roomtypes`
--

INSERT INTO `roomtypes` (`id`, `roomtype`, `name`, `created_at`, `updated_at`) VALUES
(1, 1, 'SINGLET', NULL, NULL),
(2, 2, 'DOUBLET', NULL, NULL),
(3, 3, 'TRIPLET', NULL, NULL),
(4, 4, 'FOURLET', NULL, NULL);

-- --------------------------------------------------------

--
-- Table structure for table `studenthostels`
--

CREATE TABLE `studenthostels` (
  `id` int(10) UNSIGNED NOT NULL,
  `year` int(11) NOT NULL,
  `hostel1` int(11) NOT NULL,
  `hostel2` int(11) NOT NULL DEFAULT 0,
  `hostel3` int(11) NOT NULL DEFAULT 0,
  `created_at` timestamp NULL DEFAULT NULL,
  `updated_at` timestamp NULL DEFAULT NULL
) ENGINE=MyISAM DEFAULT CHARSET=utf8mb4 COLLATE=utf8mb4_unicode_ci;

-- --------------------------------------------------------

--
-- Table structure for table `studentmerits`
--

CREATE TABLE `studentmerits` (
  `id` int(10) UNSIGNED NOT NULL,
  `regno` int(10) UNSIGNED NOT NULL,
  `year` int(11) NOT NULL,
  `academics` decimal(6,2) UNSIGNED NOT NULL,
  `attendance` decimal(6,2) UNSIGNED NOT NULL,
  `merit` decimal(7,2) UNSIGNED NOT NULL,
  `created_at` timestamp NULL DEFAULT NULL,
  `updated_at` timestamp NULL DEFAULT NULL
) ENGINE=MyISAM DEFAULT CHARSET=utf8mb4 COLLATE=utf8mb4_unicode_ci;

--
-- Dumping data for table `studentmerits`
--

INSERT INTO `studentmerits` (`id`, `regno`, `year`, `academics`, `attendance`, `merit`, `created_at`, `updated_at`) VALUES
(1591, 18475, 2, 964.00, 8887.00, 18527.00, '2019-05-11 13:11:26', '2019-05-11 13:11:26'),
(1590, 18471, 2, 864.00, 8825.00, 17465.00, '2019-05-11 13:11:26', '2019-05-11 13:11:26'),
(1589, 18473, 2, 864.00, 9517.00, 18157.00, '2019-05-11 13:11:26', '2019-05-11 13:11:26'),
(1588, 18953, 2, 400.00, 9126.00, 13126.00, '2019-05-11 13:11:26', '2019-05-11 13:11:26'),
(1587, 18446, 2, 720.00, 8366.00, 15566.00, '2019-05-11 13:11:26', '2019-05-11 13:11:26'),
(1586, 18437, 2, 811.00, 8101.00, 16221.00, '2019-05-11 13:11:26', '2019-05-11 13:11:26'),
(1585, 18257, 2, 940.00, 9578.00, 18978.00, '2019-05-11 13:11:26', '2019-05-11 13:11:26'),
(1584, 18333, 2, 827.00, 9230.00, 17510.00, '2019-05-11 13:11:26', '2019-05-11 13:11:26'),
(1583, 18448, 2, 720.00, 8731.00, 15931.00, '2019-05-11 13:11:26', '2019-05-11 13:11:26'),
(1582, 18455, 2, 903.00, 8121.00, 17161.00, '2019-05-11 13:11:26', '2019-05-11 13:11:26'),
(1581, 18344, 2, 924.00, 8074.00, 17314.00, '2019-05-11 13:11:26', '2019-05-11 13:11:26'),
(1580, 18374, 2, 932.00, 9567.00, 18887.00, '2019-05-11 13:11:26', '2019-05-11 13:11:26'),
(1579, 18456, 2, 980.00, 8674.00, 18474.00, '2019-05-11 13:11:26', '2019-05-11 13:11:26'),
(1578, 18453, 2, 872.00, 8426.00, 17146.00, '2019-05-11 13:11:26', '2019-05-11 13:11:26'),
(1577, 18362, 2, 100.00, 8863.00, 9863.00, '2019-05-11 13:11:26', '2019-05-11 13:11:26'),
(1576, 18393, 2, 764.00, 9778.00, 17418.00, '2019-05-11 13:11:26', '2019-05-11 13:11:26'),
(1575, 18352, 2, 880.00, 9582.00, 18382.00, '2019-05-11 13:11:26', '2019-05-11 13:11:26'),
(1574, 18444, 2, 908.00, 8966.00, 18046.00, '2019-05-11 13:11:26', '2019-05-11 13:11:26'),
(1573, 18431, 2, 840.00, 8522.00, 16922.00, '2019-05-11 13:11:26', '2019-05-11 13:11:26'),
(1572, 18440, 2, 400.00, 9302.00, 13302.00, '2019-05-11 13:11:26', '2019-05-11 13:11:26'),
(1571, 18334, 2, 936.00, 8362.00, 17722.00, '2019-05-11 13:11:26', '2019-05-11 13:11:26'),
(1570, 18462, 2, 776.00, 8621.00, 16381.00, '2019-05-11 13:11:26', '2019-05-11 13:11:26'),
(1569, 18415, 2, 896.00, 9246.00, 18206.00, '2019-05-11 13:11:26', '2019-05-11 13:11:26'),
(1568, 18430, 2, 800.00, 8576.00, 16576.00, '2019-05-11 13:11:26', '2019-05-11 13:11:26'),
(1567, 18229, 2, 400.00, 8121.00, 12121.00, '2019-05-11 13:11:26', '2019-05-11 13:11:26'),
(1566, 18409, 2, 940.00, 9590.00, 18990.00, '2019-05-11 13:11:26', '2019-05-11 13:11:26'),
(1565, 18365, 2, 948.00, 9748.00, 19228.00, '2019-05-11 13:11:26', '2019-05-11 13:11:26'),
(1564, 18470, 2, 200.00, 8751.00, 10751.00, '2019-05-11 13:11:26', '2019-05-11 13:11:26'),
(1563, 18466, 2, 832.00, 8899.00, 17219.00, '2019-05-11 13:11:26', '2019-05-11 13:11:26'),
(1562, 18422, 2, 0.00, 8490.00, 0.00, '2019-05-11 13:11:26', '2019-05-11 13:11:26'),
(1561, 18398, 2, 400.00, 8158.00, 12158.00, '2019-05-11 13:11:26', '2019-05-11 13:11:26'),
(1560, 18340, 2, 984.00, 9522.00, 19362.00, '2019-05-11 13:11:26', '2019-05-11 13:11:26'),
(1559, 18375, 2, 848.00, 8156.00, 16636.00, '2019-05-11 13:11:26', '2019-05-11 13:11:26'),
(1558, 18339, 2, 811.00, 9802.00, 17922.00, '2019-05-11 13:11:26', '2019-05-11 13:11:26'),
(1557, 18366, 2, 832.00, 8736.00, 17056.00, '2019-05-11 13:11:26', '2019-05-11 13:11:26'),
(1556, 18443, 2, 808.00, 8967.00, 17047.00, '2019-05-11 13:11:26', '2019-05-11 13:11:26'),
(1555, 18406, 2, 772.00, 9152.00, 16872.00, '2019-05-11 13:11:26', '2019-05-11 13:11:26'),
(1554, 18347, 2, 776.00, 7556.00, 15316.00, '2019-05-11 13:11:26', '2019-05-11 13:11:26'),
(1553, 18394, 2, 888.00, 8937.00, 17817.00, '2019-05-11 13:11:26', '2019-05-11 13:11:26'),
(1552, 18389, 2, 836.00, 8880.00, 17240.00, '2019-05-11 13:11:26', '2019-05-11 13:11:26'),
(1551, 18382, 2, 400.00, 7629.00, 11629.00, '2019-05-11 13:11:26', '2019-05-11 13:11:26'),
(1550, 18429, 2, 784.00, 9189.00, 17029.00, '2019-05-11 13:11:26', '2019-05-11 13:11:26'),
(1549, 18425, 2, 932.00, 8759.00, 18079.00, '2019-05-11 13:11:26', '2019-05-11 13:11:26'),
(1548, 18449, 2, 932.00, 8802.00, 18122.00, '2019-05-11 13:11:26', '2019-05-11 13:11:26'),
(1547, 18341, 2, 900.00, 9855.00, 18855.00, '2019-05-11 13:11:26', '2019-05-11 13:11:26'),
(1546, 18418, 2, 792.00, 8605.00, 16525.00, '2019-05-11 13:11:26', '2019-05-11 13:11:26'),
(1545, 18379, 2, 400.00, 8928.00, 12928.00, '2019-05-11 13:11:26', '2019-05-11 13:11:26'),
(1544, 18396, 2, 944.00, 9694.00, 19134.00, '2019-05-11 13:11:26', '2019-05-11 13:11:26'),
(1543, 18447, 2, 400.00, 9248.00, 13248.00, '2019-05-11 13:11:26', '2019-05-11 13:11:26'),
(1542, 18376, 2, 400.00, 8329.00, 12329.00, '2019-05-11 13:11:26', '2019-05-11 13:11:26'),
(1541, 18428, 2, 400.00, 9259.00, 13259.00, '2019-05-11 13:11:26', '2019-05-11 13:11:26'),
(1540, 18378, 2, 764.00, 9464.00, 17104.00, '2019-05-11 13:11:26', '2019-05-11 13:11:26'),
(1539, 18359, 2, 792.00, 7601.00, 15521.00, '2019-05-11 13:11:26', '2019-05-11 13:11:26'),
(1538, 18345, 2, 927.00, 9169.00, 18449.00, '2019-05-11 13:11:26', '2019-05-11 13:11:26'),
(1537, 18387, 2, 952.00, 9257.00, 18777.00, '2019-05-11 13:11:26', '2019-05-11 13:11:26'),
(1536, 18388, 2, 900.00, 9122.00, 18122.00, '2019-05-11 13:11:26', '2019-05-11 13:11:26'),
(1535, 18464, 2, 852.00, 9112.00, 17632.00, '2019-05-11 13:11:26', '2019-05-11 13:11:26'),
(1534, 18957, 2, 300.00, 8314.00, 11314.00, '2019-05-11 13:11:26', '2019-05-11 13:11:26'),
(1533, 18580, 2, 300.00, 7895.00, 10895.00, '2019-05-11 13:11:25', '2019-05-11 13:11:25'),
(1532, 18689, 2, 932.00, 8900.00, 18220.00, '2019-05-11 13:11:25', '2019-05-11 13:11:25'),
(1531, 18528, 2, 700.00, 7596.00, 14596.00, '2019-05-11 13:11:25', '2019-05-11 13:11:25'),
(1530, 17446, 2, 972.00, 8940.00, 18660.00, '2019-05-11 13:11:25', '2019-05-11 13:11:25'),
(1529, 18596, 2, 908.00, 9777.00, 18857.00, '2019-05-11 13:11:25', '2019-05-11 13:11:25'),
(1528, 18594, 2, 752.00, 8314.00, 15834.00, '2019-05-11 13:11:25', '2019-05-11 13:11:25'),
(1527, 18559, 2, 400.00, 8494.00, 12494.00, '2019-05-11 13:11:25', '2019-05-11 13:11:25'),
(1526, 18614, 2, 927.00, 9048.00, 18328.00, '2019-05-11 13:11:25', '2019-05-11 13:11:25'),
(1525, 18503, 2, 300.00, 8471.00, 11471.00, '2019-05-11 13:11:25', '2019-05-11 13:11:25'),
(1524, 18678, 2, 792.00, 8952.00, 16872.00, '2019-05-11 13:11:25', '2019-05-11 13:11:25'),
(1523, 18186, 2, 827.00, 8424.00, 16704.00, '2019-05-11 13:11:25', '2019-05-11 13:11:25'),
(1522, 18563, 2, 668.00, 7895.00, 14575.00, '2019-05-11 13:11:25', '2019-05-11 13:11:25'),
(1521, 18593, 2, 956.00, 9459.00, 19019.00, '2019-05-11 13:11:25', '2019-05-11 13:11:25'),
(1520, 18385, 2, 932.00, 9103.00, 18423.00, '2019-05-11 13:11:25', '2019-05-11 13:11:25'),
(1519, 18540, 2, 884.00, 7948.00, 16788.00, '2019-05-11 13:11:25', '2019-05-11 13:11:25'),
(1518, 18377, 2, 892.00, 9437.00, 18357.00, '2019-05-11 13:11:25', '2019-05-11 13:11:25'),
(1517, 18487, 2, 776.00, 9223.00, 16983.00, '2019-05-11 13:11:25', '2019-05-11 13:11:25'),
(1516, 18598, 2, 911.00, 8508.00, 17628.00, '2019-05-11 13:11:25', '2019-05-11 13:11:25'),
(1515, 18609, 2, 876.00, 8629.00, 17389.00, '2019-05-11 13:11:25', '2019-05-11 13:11:25'),
(1514, 18400, 2, 876.00, 9200.00, 17960.00, '2019-05-11 13:11:25', '2019-05-11 13:11:25'),
(1513, 18547, 2, 848.00, 8079.00, 16559.00, '2019-05-11 13:11:25', '2019-05-11 13:11:25'),
(1512, 18468, 2, 952.00, 8644.00, 18164.00, '2019-05-11 13:11:25', '2019-05-11 13:11:25'),
(1511, 18605, 2, 736.00, 8336.00, 15696.00, '2019-05-11 13:11:25', '2019-05-11 13:11:25'),
(1510, 18538, 2, 200.00, 7954.00, 9954.00, '2019-05-11 13:11:25', '2019-05-11 13:11:25'),
(1509, 18647, 2, 788.00, 8076.00, 15956.00, '2019-05-11 13:11:25', '2019-05-11 13:11:25'),
(1595, 18490, 2, 300.00, 7843.00, 10843.00, '2019-05-11 23:13:49', '2019-05-11 23:13:49'),
(1507, 18604, 2, 400.00, 7907.00, 11907.00, '2019-05-11 13:11:25', '2019-05-11 13:11:25'),
(1506, 18526, 2, 840.00, 8644.00, 17044.00, '2019-05-11 13:11:25', '2019-05-11 13:11:25'),
(1505, 18564, 2, 0.00, 9335.00, 9335.00, '2019-05-11 13:11:25', '2019-05-11 13:11:25'),
(1504, 18612, 2, 200.00, 7280.00, 9280.00, '2019-05-11 13:11:25', '2019-05-11 13:11:25'),
(1503, 18438, 2, 903.00, 8640.00, 17680.00, '2019-05-11 13:11:25', '2019-05-11 13:11:25'),
(1502, 18535, 2, 400.00, 8844.00, 12844.00, '2019-05-11 13:11:25', '2019-05-11 13:11:25'),
(1501, 18414, 2, 872.00, 8505.00, 17225.00, '2019-05-11 13:11:25', '2019-05-11 13:11:25'),
(1500, 18507, 2, 400.00, 8333.00, 12333.00, '2019-05-11 13:11:25', '2019-05-11 13:11:25'),
(1499, 18562, 2, 200.00, 8493.00, 10493.00, '2019-05-11 13:11:25', '2019-05-11 13:11:25'),
(1498, 18558, 2, 924.00, 8817.00, 18057.00, '2019-05-11 13:11:25', '2019-05-11 13:11:25'),
(1497, 18531, 2, 864.00, 8087.00, 16727.00, '2019-05-11 13:11:25', '2019-05-11 13:11:25'),
(1496, 18478, 2, 400.00, 8869.00, 12869.00, '2019-05-11 13:11:25', '2019-05-11 13:11:25'),
(1495, 18452, 2, 200.00, 8790.00, 10790.00, '2019-05-11 13:11:25', '2019-05-11 13:11:25'),
(1494, 18578, 2, 960.00, 9766.00, 19366.00, '2019-05-11 13:11:25', '2019-05-11 13:11:25'),
(1493, 18576, 2, 400.00, 7863.00, 11863.00, '2019-05-11 13:11:25', '2019-05-11 13:11:25'),
(1492, 18566, 2, 903.00, 9151.00, 18191.00, '2019-05-11 13:11:25', '2019-05-11 13:11:25'),
(1491, 18386, 2, 776.00, 8901.00, 16661.00, '2019-05-11 13:11:25', '2019-05-11 13:11:25'),
(1490, 18491, 2, 400.00, 7495.00, 11495.00, '2019-05-11 13:11:25', '2019-05-11 13:11:25'),
(1489, 18634, 2, 792.00, 8280.00, 16200.00, '2019-05-11 13:11:25', '2019-05-11 13:11:25'),
(1488, 18581, 2, 896.00, 8461.00, 17421.00, '2019-05-11 13:11:25', '2019-05-11 13:11:25'),
(1487, 18500, 2, 792.00, 8882.00, 16802.00, '2019-05-11 13:11:25', '2019-05-11 13:11:25'),
(1486, 18512, 2, 300.00, 6892.00, 9892.00, '2019-05-11 13:11:25', '2019-05-11 13:11:25'),
(1485, 18523, 2, 827.00, 8832.00, 17112.00, '2019-05-11 13:11:25', '2019-05-11 13:11:25'),
(1484, 18561, 2, 892.00, 8883.00, 17803.00, '2019-05-11 13:11:25', '2019-05-11 13:11:25'),
(1483, 18489, 2, 400.00, 8029.00, 12029.00, '2019-05-11 13:11:25', '2019-05-11 13:11:25'),
(1482, 18501, 2, 972.00, 9719.00, 19439.00, '2019-05-11 13:11:25', '2019-05-11 13:11:25'),
(1593, 18660, 2, 788.00, 7570.00, 15450.00, '2019-05-11 17:13:01', '2019-05-11 17:13:01'),
(1480, 18509, 2, 200.00, 7243.00, 9243.00, '2019-05-11 13:11:25', '2019-05-11 13:11:25'),
(1479, 18476, 2, 827.00, 8696.00, 16976.00, '2019-05-11 13:11:25', '2019-05-11 13:11:25'),
(1478, 18633, 2, 940.00, 7836.00, 17236.00, '2019-05-11 13:11:25', '2019-05-11 13:11:25'),
(1477, 18833, 2, 400.00, 6636.00, 10636.00, '2019-05-11 13:11:25', '2019-05-11 13:11:25'),
(1476, 18900, 2, 768.00, 6966.00, 14646.00, '2019-05-11 13:11:25', '2019-05-11 13:11:25'),
(1475, 15810, 2, 400.00, 8637.00, 12637.00, '2019-05-11 13:11:25', '2019-05-11 13:11:25'),
(1474, 18805, 2, 400.00, 9317.00, 13317.00, '2019-05-11 13:11:25', '2019-05-11 13:11:25'),
(1473, 18727, 2, 400.00, 9900.00, 13900.00, '2019-05-11 13:11:25', '2019-05-11 13:11:25'),
(1472, 18806, 2, 400.00, 8438.00, 12438.00, '2019-05-11 13:11:25', '2019-05-11 13:11:25'),
(1471, 18687, 2, 811.00, 9161.00, 17281.00, '2019-05-11 13:11:25', '2019-05-11 13:11:25'),
(1470, 18785, 2, 852.00, 9037.00, 17557.00, '2019-05-11 13:11:25', '2019-05-11 13:11:25'),
(1469, 18955, 2, 400.00, 9640.00, 13640.00, '2019-05-11 13:11:25', '2019-05-11 13:11:25'),
(1468, 18774, 2, 824.00, 8326.00, 16566.00, '2019-05-11 13:11:25', '2019-05-11 13:11:25'),
(1467, 18786, 2, 300.00, 7471.00, 10471.00, '2019-05-11 13:11:25', '2019-05-11 13:11:25'),
(1466, 18780, 2, 400.00, 8281.00, 12281.00, '2019-05-11 13:11:25', '2019-05-11 13:11:25'),
(1465, 18682, 2, 400.00, 8649.00, 12649.00, '2019-05-11 13:11:25', '2019-05-11 13:11:25'),
(1464, 18655, 2, 692.00, 8086.00, 15006.00, '2019-05-11 13:11:25', '2019-05-11 13:11:25'),
(1463, 18792, 2, 200.00, 9193.00, 11193.00, '2019-05-11 13:11:25', '2019-05-11 13:11:25'),
(1462, 18799, 2, 400.00, 8603.00, 12603.00, '2019-05-11 13:11:25', '2019-05-11 13:11:25'),
(1461, 18763, 2, 400.00, 8894.00, 12894.00, '2019-05-11 13:11:25', '2019-05-11 13:11:25'),
(1460, 18748, 2, 984.00, 8329.00, 18169.00, '2019-05-11 13:11:25', '2019-05-11 13:11:25'),
(1459, 18954, 2, 864.00, 9541.00, 18181.00, '2019-05-11 13:11:25', '2019-05-11 13:11:25'),
(1458, 18677, 2, 796.00, 9303.00, 17263.00, '2019-05-11 13:11:25', '2019-05-11 13:11:25'),
(1457, 18723, 2, 300.00, 8453.00, 11453.00, '2019-05-11 13:11:25', '2019-05-11 13:11:25'),
(1456, 18661, 2, 300.00, 8994.00, 11994.00, '2019-05-11 13:11:25', '2019-05-11 13:11:25'),
(1455, 18728, 2, 872.00, 8843.00, 17563.00, '2019-05-11 13:11:25', '2019-05-11 13:11:25'),
(1454, 18722, 2, 800.00, 9051.00, 17051.00, '2019-05-11 13:11:25', '2019-05-11 13:11:25'),
(1453, 18772, 2, 844.00, 9303.00, 17743.00, '2019-05-11 13:11:25', '2019-05-11 13:11:25'),
(1452, 18690, 2, 400.00, 9422.00, 13422.00, '2019-05-11 13:11:25', '2019-05-11 13:11:25'),
(1451, 18625, 2, 884.00, 8295.00, 17135.00, '2019-05-11 13:11:25', '2019-05-11 13:11:25'),
(1450, 18719, 2, 932.00, 8903.00, 18223.00, '2019-05-11 13:11:25', '2019-05-11 13:11:25'),
(1449, 18715, 2, 796.00, 9637.00, 17597.00, '2019-05-11 13:11:25', '2019-05-11 13:11:25'),
(1448, 18627, 2, 872.00, 7695.00, 16415.00, '2019-05-11 13:11:25', '2019-05-11 13:11:25'),
(1447, 18607, 2, 800.00, 8843.00, 16843.00, '2019-05-11 13:11:25', '2019-05-11 13:11:25'),
(1446, 18537, 2, 848.00, 8420.00, 16900.00, '2019-05-11 13:11:25', '2019-05-11 13:11:25'),
(1445, 18615, 2, 788.00, 8597.00, 16477.00, '2019-05-11 13:11:24', '2019-05-11 13:11:24'),
(1444, 18397, 2, 956.00, 9903.00, 19463.00, '2019-05-11 13:11:24', '2019-05-11 13:11:24'),
(1443, 18442, 2, 400.00, 9158.00, 13158.00, '2019-05-11 13:11:24', '2019-05-11 13:11:24'),
(1442, 18644, 2, 300.00, 8534.00, 11534.00, '2019-05-11 13:11:24', '2019-05-11 13:11:24'),
(1441, 18628, 2, 400.00, 7623.00, 11623.00, '2019-05-11 13:11:24', '2019-05-11 13:11:24'),
(1440, 18583, 2, 400.00, 9228.00, 13228.00, '2019-05-11 13:11:24', '2019-05-11 13:11:24'),
(1439, 18169, 2, 956.00, 8349.00, 17909.00, '2019-05-11 13:11:24', '2019-05-11 13:11:24'),
(1438, 18539, 2, 884.00, 9178.00, 18018.00, '2019-05-11 13:11:24', '2019-05-11 13:11:24'),
(1437, 18353, 2, 300.00, 8446.00, 11446.00, '2019-05-11 13:11:24', '2019-05-11 13:11:24'),
(1436, 18381, 2, 400.00, 8665.00, 12665.00, '2019-05-11 13:11:24', '2019-05-11 13:11:24'),
(1435, 18413, 2, 956.00, 8672.00, 18232.00, '2019-05-11 13:11:24', '2019-05-11 13:11:24'),
(1434, 18565, 2, 792.00, 8842.00, 16762.00, '2019-05-11 13:11:24', '2019-05-11 13:11:24'),
(1433, 18745, 2, 840.00, 8805.00, 17205.00, '2019-05-11 13:11:24', '2019-05-11 13:11:24'),
(1432, 18592, 2, 868.00, 9851.00, 18531.00, '2019-05-11 13:11:24', '2019-05-11 13:11:24'),
(1431, 18767, 2, 100.00, 8459.00, 9459.00, '2019-05-11 13:11:24', '2019-05-11 13:11:24'),
(1430, 18718, 2, 200.00, 7809.00, 9809.00, '2019-05-11 13:11:24', '2019-05-11 13:11:24'),
(1429, 18172, 2, 400.00, 9484.00, 13484.00, '2019-05-11 13:11:24', '2019-05-11 13:11:24'),
(1428, 18208, 2, 884.00, 8944.00, 17784.00, '2019-05-11 13:11:24', '2019-05-11 13:11:24'),
(1427, 18585, 2, 864.00, 9376.00, 18016.00, '2019-05-11 13:11:24', '2019-05-11 13:11:24'),
(1426, 18582, 2, 816.00, 9120.00, 17280.00, '2019-05-11 13:11:24', '2019-05-11 13:11:24'),
(1425, 18621, 2, 832.00, 9856.00, 18176.00, '2019-05-11 13:11:24', '2019-05-11 13:11:24'),
(1424, 18407, 2, 876.00, 9455.00, 18215.00, '2019-05-11 13:11:24', '2019-05-11 13:11:24'),
(1423, 18704, 2, 752.00, 9425.00, 16945.00, '2019-05-11 13:11:24', '2019-05-11 13:11:24'),
(1422, 18530, 2, 100.00, 7790.00, 8790.00, '2019-05-11 13:11:24', '2019-05-11 13:11:24'),
(1421, 18568, 2, 712.00, 8888.00, 16008.00, '2019-05-11 13:11:24', '2019-05-11 13:11:24'),
(1420, 18465, 2, 844.00, 8369.00, 16809.00, '2019-05-11 13:11:24', '2019-05-11 13:11:24'),
(1419, 18363, 2, 932.00, 9950.00, 19270.00, '2019-05-11 13:11:24', '2019-05-11 13:11:24'),
(1418, 18506, 2, 752.00, 9585.00, 17105.00, '2019-05-11 13:11:24', '2019-05-11 13:11:24'),
(1417, 18601, 2, 400.00, 8040.00, 12040.00, '2019-05-11 13:11:24', '2019-05-11 13:11:24'),
(1416, 18332, 2, 400.00, 7695.00, 11695.00, '2019-05-11 13:11:24', '2019-05-11 13:11:24'),
(1415, 18472, 2, 300.00, 8991.00, 11991.00, '2019-05-11 13:11:24', '2019-05-11 13:11:24'),
(1414, 18436, 2, 400.00, 9246.00, 13246.00, '2019-05-11 13:11:24', '2019-05-11 13:11:24'),
(1413, 18640, 2, 100.00, 7539.00, 8539.00, '2019-05-11 13:11:24', '2019-05-11 13:11:24'),
(1412, 18956, 2, 400.00, 9095.00, 13095.00, '2019-05-11 13:11:24', '2019-05-11 13:11:24'),
(1411, 18331, 2, 860.00, 8670.00, 17270.00, '2019-05-11 13:11:24', '2019-05-11 13:11:24'),
(1594, 18390, 2, 980.00, 9348.00, 19148.00, '2019-05-11 17:38:23', '2019-05-11 17:38:23'),
(1409, 18143, 2, 900.00, 9362.00, 18362.00, '2019-05-11 13:11:24', '2019-05-11 13:11:24'),
(1408, 18033, 2, 300.00, 8925.00, 11925.00, '2019-05-11 13:11:24', '2019-05-11 13:11:24'),
(1407, 18163, 2, 400.00, 9400.00, 13400.00, '2019-05-11 13:11:24', '2019-05-11 13:11:24'),
(1406, 18234, 2, 844.00, 9269.00, 17709.00, '2019-05-11 13:11:24', '2019-05-11 13:11:24'),
(1405, 18184, 2, 400.00, 8480.00, 12480.00, '2019-05-11 13:11:24', '2019-05-11 13:11:24'),
(1404, 18195, 2, 884.00, 8952.00, 17792.00, '2019-05-11 13:11:24', '2019-05-11 13:11:24'),
(1403, 18151, 2, 952.00, 9783.00, 19303.00, '2019-05-11 13:11:24', '2019-05-11 13:11:24'),
(1402, 18204, 2, 884.00, 9319.00, 18159.00, '2019-05-11 13:11:24', '2019-05-11 13:11:24'),
(1401, 18210, 2, 892.00, 9440.00, 18360.00, '2019-05-11 13:11:24', '2019-05-11 13:11:24'),
(1400, 18099, 2, 944.00, 9139.00, 18579.00, '2019-05-11 13:11:24', '2019-05-11 13:11:24'),
(1399, 18232, 2, 852.00, 9084.00, 17604.00, '2019-05-11 13:11:24', '2019-05-11 13:11:24'),
(1398, 18272, 2, 300.00, 9783.00, 12783.00, '2019-05-11 13:11:24', '2019-05-11 13:11:24'),
(1397, 18047, 2, 964.00, 9448.00, 19088.00, '2019-05-11 13:11:24', '2019-05-11 13:11:24'),
(1396, 18013, 2, 892.00, 8803.00, 17723.00, '2019-05-11 13:11:24', '2019-05-11 13:11:24'),
(1395, 18266, 2, 400.00, 9252.00, 13252.00, '2019-05-11 13:11:24', '2019-05-11 13:11:24'),
(1394, 18111, 2, 848.00, 8757.00, 17237.00, '2019-05-11 13:11:24', '2019-05-11 13:11:24'),
(1393, 18289, 2, 940.00, 9386.00, 18786.00, '2019-05-11 13:11:24', '2019-05-11 13:11:24'),
(1392, 18295, 2, 780.00, 8719.00, 16519.00, '2019-05-11 13:11:24', '2019-05-11 13:11:24'),
(1391, 18205, 2, 960.00, 9146.00, 18746.00, '2019-05-11 13:11:24', '2019-05-11 13:11:24'),
(1390, 18202, 2, 892.00, 8631.00, 17551.00, '2019-05-11 13:11:24', '2019-05-11 13:11:24'),
(1389, 18124, 2, 819.00, 9044.00, 17244.00, '2019-05-11 13:11:24', '2019-05-11 13:11:24'),
(1388, 18217, 2, 808.00, 9950.00, 18030.00, '2019-05-11 13:11:24', '2019-05-11 13:11:24'),
(1387, 18159, 2, 864.00, 8741.00, 17381.00, '2019-05-11 13:11:23', '2019-05-11 13:11:23'),
(1386, 18227, 2, 716.00, 7859.00, 15019.00, '2019-05-11 13:11:23', '2019-05-11 13:11:23'),
(1385, 18286, 2, 400.00, 7826.00, 11826.00, '2019-05-11 13:11:23', '2019-05-11 13:11:23'),
(1384, 18251, 2, 827.00, 9827.00, 18107.00, '2019-05-11 13:11:23', '2019-05-11 13:11:23'),
(1383, 18304, 2, 752.00, 9081.00, 16601.00, '2019-05-11 13:11:23', '2019-05-11 13:11:23'),
(1382, 18132, 2, 927.00, 8652.00, 17932.00, '2019-05-11 13:11:23', '2019-05-11 13:11:23'),
(1381, 18028, 2, 400.00, 8626.00, 12626.00, '2019-05-11 13:11:23', '2019-05-11 13:11:23'),
(1380, 18041, 2, 400.00, 9488.00, 13488.00, '2019-05-11 13:11:23', '2019-05-11 13:11:23'),
(1379, 18112, 2, 968.00, 9336.00, 19016.00, '2019-05-11 13:11:23', '2019-05-11 13:11:23'),
(1378, 18314, 2, 400.00, 9154.00, 13154.00, '2019-05-11 13:11:23', '2019-05-11 13:11:23'),
(1377, 18150, 2, 936.00, 9637.00, 18997.00, '2019-05-11 13:11:23', '2019-05-11 13:11:23'),
(1376, 18198, 2, 300.00, 8126.00, 11126.00, '2019-05-11 13:11:23', '2019-05-11 13:11:23'),
(1375, 18090, 2, 400.00, 9137.00, 13137.00, '2019-05-11 13:11:23', '2019-05-11 13:11:23'),
(1374, 18183, 2, 952.00, 9974.00, 19494.00, '2019-05-11 13:11:23', '2019-05-11 13:11:23'),
(1373, 18277, 2, 868.00, 9770.00, 18450.00, '2019-05-11 13:11:23', '2019-05-11 13:11:23'),
(1372, 18267, 2, 952.00, 9349.00, 18869.00, '2019-05-11 13:11:23', '2019-05-11 13:11:23'),
(1371, 18254, 2, 400.00, 8599.00, 12599.00, '2019-05-11 13:11:23', '2019-05-11 13:11:23'),
(1370, 18278, 2, 864.00, 9126.00, 17766.00, '2019-05-11 13:11:23', '2019-05-11 13:11:23'),
(1369, 18284, 2, 903.00, 9779.00, 18819.00, '2019-05-11 13:11:23', '2019-05-11 13:11:23'),
(1368, 18274, 2, 916.00, 9354.00, 18514.00, '2019-05-11 13:11:23', '2019-05-11 13:11:23'),
(1367, 18293, 2, 400.00, 8561.00, 12561.00, '2019-05-11 13:11:23', '2019-05-11 13:11:23'),
(1366, 18318, 2, 832.00, 8264.00, 16584.00, '2019-05-11 13:11:23', '2019-05-11 13:11:23'),
(1365, 18221, 2, 892.00, 9948.00, 18868.00, '2019-05-11 13:11:23', '2019-05-11 13:11:23'),
(1364, 18207, 2, 896.00, 9803.00, 18763.00, '2019-05-11 13:11:23', '2019-05-11 13:11:23'),
(1363, 18152, 2, 927.00, 9591.00, 18871.00, '2019-05-11 13:11:23', '2019-05-11 13:11:23'),
(1362, 18237, 2, 736.00, 9276.00, 16636.00, '2019-05-11 13:11:23', '2019-05-11 13:11:23'),
(1361, 18297, 2, 832.00, 8201.00, 16521.00, '2019-05-11 13:11:23', '2019-05-11 13:11:23'),
(1360, 18054, 2, 940.00, 9376.00, 18776.00, '2019-05-11 13:11:23', '2019-05-11 13:11:23'),
(1359, 18193, 2, 400.00, 8239.00, 12239.00, '2019-05-11 13:11:23', '2019-05-11 13:11:23'),
(1358, 18245, 2, 0.00, 8416.00, 8416.00, '2019-05-11 13:11:23', '2019-05-11 13:11:23'),
(1357, 18326, 2, 988.00, 9923.00, 19803.00, '2019-05-11 13:11:23', '2019-05-11 13:11:23'),
(1356, 18323, 2, 300.00, 9445.00, 12445.00, '2019-05-11 13:11:23', '2019-05-11 13:11:23'),
(1355, 18307, 2, 816.00, 9413.00, 17573.00, '2019-05-11 13:11:23', '2019-05-11 13:11:23'),
(1354, 18179, 2, 936.00, 9902.00, 19262.00, '2019-05-11 13:11:23', '2019-05-11 13:11:23'),
(1353, 18083, 2, 848.00, 8739.00, 17219.00, '2019-05-11 13:11:23', '2019-05-11 13:11:23'),
(1352, 18952, 2, 400.00, 9276.00, 13276.00, '2019-05-11 13:11:23', '2019-05-11 13:11:23'),
(1351, 18951, 2, 400.00, 9056.00, 13056.00, '2019-05-11 13:11:23', '2019-05-11 13:11:23'),
(1350, 18050, 2, 936.00, 8813.00, 18173.00, '2019-05-11 13:11:23', '2019-05-11 13:11:23'),
(1349, 18291, 2, 868.00, 8448.00, 17128.00, '2019-05-11 13:11:23', '2019-05-11 13:11:23'),
(1348, 18040, 2, 400.00, 9758.00, 13758.00, '2019-05-11 13:11:23', '2019-05-11 13:11:23'),
(1347, 18249, 2, 400.00, 8914.00, 12914.00, '2019-05-11 13:11:23', '2019-05-11 13:11:23'),
(1346, 18072, 2, 924.00, 8426.00, 17666.00, '2019-05-11 13:11:23', '2019-05-11 13:11:23'),
(1345, 18118, 2, 100.00, 7631.00, 8631.00, '2019-05-11 13:11:23', '2019-05-11 13:11:23'),
(1344, 18064, 2, 884.00, 9708.00, 18548.00, '2019-05-11 13:11:23', '2019-05-11 13:11:23'),
(1343, 18203, 2, 944.00, 9057.00, 18497.00, '2019-05-11 13:11:23', '2019-05-11 13:11:23'),
(1342, 18275, 2, 400.00, 7895.00, 11895.00, '2019-05-11 13:11:23', '2019-05-11 13:11:23'),
(1341, 18145, 2, 740.00, 8548.00, 15948.00, '2019-05-11 13:11:23', '2019-05-11 13:11:23'),
(1340, 18296, 2, 819.00, 8913.00, 17113.00, '2019-05-11 13:11:23', '2019-05-11 13:11:23'),
(1339, 18255, 2, 840.00, 9106.00, 17506.00, '2019-05-11 13:11:23', '2019-05-11 13:11:23'),
(1338, 18242, 2, 784.00, 8769.00, 16609.00, '2019-05-11 13:11:23', '2019-05-11 13:11:23'),
(1337, 18105, 2, 860.00, 7896.00, 16496.00, '2019-05-11 13:11:23', '2019-05-11 13:11:23'),
(1336, 18182, 2, 300.00, 8673.00, 11673.00, '2019-05-11 13:11:23', '2019-05-11 13:11:23'),
(1335, 18312, 2, 868.00, 9688.00, 18368.00, '2019-05-11 13:11:23', '2019-05-11 13:11:23'),
(1334, 18178, 2, 832.00, 9226.00, 17546.00, '2019-05-11 13:11:23', '2019-05-11 13:11:23'),
(1333, 18091, 2, 964.00, 9903.00, 19543.00, '2019-05-11 13:11:23', '2019-05-11 13:11:23'),
(1332, 18280, 2, 972.00, 8506.00, 18226.00, '2019-05-11 13:11:23', '2019-05-11 13:11:23'),
(1331, 18260, 2, 400.00, 8967.00, 12967.00, '2019-05-11 13:11:23', '2019-05-11 13:11:23'),
(1330, 18209, 2, 924.00, 9080.00, 18320.00, '2019-05-11 13:11:23', '2019-05-11 13:11:23'),
(1329, 18305, 2, 900.00, 9806.00, 18806.00, '2019-05-11 13:11:23', '2019-05-11 13:11:23'),
(1328, 18309, 2, 916.00, 9513.00, 18673.00, '2019-05-11 13:11:23', '2019-05-11 13:11:23'),
(1327, 18263, 2, 776.00, 8429.00, 16189.00, '2019-05-11 13:11:23', '2019-05-11 13:11:23'),
(1326, 18270, 2, 976.00, 9233.00, 18993.00, '2019-05-11 13:11:23', '2019-05-11 13:11:23'),
(1325, 18162, 2, 0.00, 8959.00, 8959.00, '2019-05-11 13:11:23', '2019-05-11 13:11:23'),
(1324, 18171, 2, 936.00, 9127.00, 18487.00, '2019-05-11 13:11:23', '2019-05-11 13:11:23'),
(1323, 18092, 2, 932.00, 9294.00, 18614.00, '2019-05-11 13:11:23', '2019-05-11 13:11:23'),
(1322, 18130, 2, 903.00, 9370.00, 18410.00, '2019-05-11 13:11:23', '2019-05-11 13:11:23'),
(1321, 18017, 2, 400.00, 9325.00, 13325.00, '2019-05-11 13:11:23', '2019-05-11 13:11:23'),
(1320, 18228, 2, 796.00, 8290.00, 16250.00, '2019-05-11 13:11:23', '2019-05-11 13:11:23'),
(1319, 18322, 2, 788.00, 8233.00, 16113.00, '2019-05-11 13:11:23', '2019-05-11 13:11:23'),
(1318, 18273, 2, 903.00, 9281.00, 18321.00, '2019-05-11 13:11:23', '2019-05-11 13:11:23'),
(1317, 18288, 2, 796.00, 9636.00, 17596.00, '2019-05-11 13:11:23', '2019-05-11 13:11:23'),
(1316, 18220, 2, 860.00, 8834.00, 17434.00, '2019-05-11 13:11:23', '2019-05-11 13:11:23'),
(1315, 18211, 2, 884.00, 8981.00, 17821.00, '2019-05-11 13:11:23', '2019-05-11 13:11:23'),
(1314, 18201, 2, 980.00, 9611.00, 19411.00, '2019-05-11 13:11:22', '2019-05-11 13:11:22'),
(1313, 18271, 2, 860.00, 9026.00, 17626.00, '2019-05-11 13:11:22', '2019-05-11 13:11:22'),
(1312, 18174, 2, 844.00, 9155.00, 17595.00, '2019-05-11 13:11:22', '2019-05-11 13:11:22'),
(1311, 18294, 2, 1000.00, 8893.00, 18893.00, '2019-05-11 13:11:22', '2019-05-11 13:11:22'),
(1310, 18011, 2, 200.00, 9538.00, 11538.00, '2019-05-11 13:11:22', '2019-05-11 13:11:22'),
(1309, 18300, 2, 952.00, 9663.00, 19183.00, '2019-05-11 13:11:22', '2019-05-11 13:11:22'),
(1308, 18199, 2, 964.00, 9829.00, 19469.00, '2019-05-11 13:11:22', '2019-05-11 13:11:22'),
(1307, 18239, 2, 780.00, 9537.00, 17337.00, '2019-05-11 13:11:22', '2019-05-11 13:11:22'),
(1306, 18119, 2, 844.00, 8302.00, 16742.00, '2019-05-11 13:11:22', '2019-05-11 13:11:22'),
(1305, 18206, 2, 892.00, 9013.00, 17933.00, '2019-05-11 13:11:22', '2019-05-11 13:11:22'),
(1304, 18149, 2, 784.00, 9304.00, 17144.00, '2019-05-11 13:11:22', '2019-05-11 13:11:22'),
(1303, 18287, 2, 888.00, 9493.00, 18373.00, '2019-05-11 13:11:22', '2019-05-11 13:11:22'),
(1302, 18325, 2, 811.00, 9016.00, 17136.00, '2019-05-11 13:11:22', '2019-05-11 13:11:22'),
(1301, 18087, 2, 888.00, 9781.00, 18661.00, '2019-05-11 13:11:22', '2019-05-11 13:11:22'),
(1592, 18136, 2, 992.00, 9806.00, 19726.00, '2019-05-11 14:31:46', '2019-05-11 14:31:46'),
(1299, 18197, 2, 984.00, 9684.00, 19524.00, '2019-05-11 13:11:22', '2019-05-11 13:11:22'),
(1298, 18144, 2, 927.00, 8787.00, 18067.00, '2019-05-11 13:11:22', '2019-05-11 13:11:22'),
(1297, 18236, 2, 972.00, 9707.00, 19427.00, '2019-05-11 13:11:22', '2019-05-11 13:11:22'),
(1296, 18046, 2, 888.00, 8388.00, 17268.00, '2019-05-11 13:11:22', '2019-05-11 13:11:22'),
(1295, 18158, 2, 824.00, 9759.00, 17999.00, '2019-05-11 13:11:22', '2019-05-11 13:11:22'),
(1294, 18196, 2, 872.00, 8869.00, 17589.00, '2019-05-11 13:11:22', '2019-05-11 13:11:22'),
(1293, 18222, 2, 964.00, 9612.00, 19252.00, '2019-05-11 13:11:22', '2019-05-11 13:11:22'),
(1596, 18958, 2, 400.00, 7625.00, 11625.00, '2019-05-11 23:31:31', '2019-05-11 23:31:31');

-- --------------------------------------------------------

--
-- Table structure for table `users`
--

CREATE TABLE `users` (
  `id` int(10) UNSIGNED NOT NULL,
  `regno` int(10) UNSIGNED NOT NULL,
  `name` varchar(191) COLLATE utf8mb4_unicode_ci NOT NULL,
  `email` varchar(191) COLLATE utf8mb4_unicode_ci NOT NULL,
  `password` varchar(191) COLLATE utf8mb4_unicode_ci NOT NULL,
  `token` varchar(191) COLLATE utf8mb4_unicode_ci DEFAULT NULL,
  `remember_token` varchar(100) COLLATE utf8mb4_unicode_ci DEFAULT NULL,
  `created_at` timestamp NULL DEFAULT NULL,
  `updated_at` timestamp NULL DEFAULT NULL
) ENGINE=MyISAM DEFAULT CHARSET=utf8mb4 COLLATE=utf8mb4_unicode_ci;

--
-- Dumping data for table `users`
--

INSERT INTO `users` (`id`, `regno`, `name`, `email`, `password`, `token`, `remember_token`, `created_at`, `updated_at`) VALUES
(184, 18054, 'Aman Kumar Ojha', 'ojhaaman189@gmail.com', '$2y$10$MsQZkvVtu61e6wxkDem5x.BlyNHx3.TdFPirHo7SIsUJ35hRfohz6', '0Eq5iUmJrLM56t9QHbAoisDca', 'SPdZSciPI3UXhd65hEzjGZbXzBCGlRL3lxy3yxWqiqXD9eRdvR46GBrVkcSs', '2019-05-11 08:18:16', '2019-05-11 08:18:16'),
(185, 18562, 'Harshvardhan', 'vardhanh289@gmail.com', '$2y$10$MsQZkvVtu61e6wxkDem5x.BlyNHx3.TdFPirHo7SIsUJ35hRfohz6', 'ihRQJJSkx71tXCjP9ddyzUKCd', 'V5ZmG9ygueHx1mUnsJM5gRvtZ7CtgPipZmPcMAEMzjOd52UjWANxkygWRIO7', '2019-05-11 08:19:44', '2019-05-11 08:19:44'),
(183, 18179, 'Akhil J Nair', 'targetakhil@gmail.com', '$2y$10$MsQZkvVtu61e6wxkDem5x.BlyNHx3.TdFPirHo7SIsUJ35hRfohz6', 'zYCFY0yOnkFHt8Ze6PQZaGtYl', 'ZXujVfeADPuU8DjMI4RMWOHdM8O8U4shXxijL00w1RiG9EDwn7N3oPqH2G42', '2019-05-11 08:18:08', '2019-05-11 08:18:08'),
(182, 18221, 'Anutosh Kumar', 'anutoshkumar586@gmail.com', '$2y$10$MsQZkvVtu61e6wxkDem5x.BlyNHx3.TdFPirHo7SIsUJ35hRfohz6', 'xKD4Un2NSlnV1awi52T3NcGSD', '2JAxt3BnbSb2nXPnAH5OnVuTrRS6xnod3ZwFQA75snxA9HCi2445qCss2SY7', '2019-05-11 08:06:58', '2019-05-11 08:06:58'),
(181, 18601, 'Aniket', 'akaggarwal11082000@gmail.com', '$2y$10$MsQZkvVtu61e6wxkDem5x.BlyNHx3.TdFPirHo7SIsUJ35hRfohz6', '1wvUrgwHmxHuGyLxg1MXHdTxK', 'LwxZ4KKAacZGCL0TLKPC1fLy5AsksCBodOAmyQ5N9y5ECAhpmObAUhPQhOe2', '2019-05-11 07:44:55', '2019-05-11 07:44:55'),
(180, 18222, 'Aashish Ramesh Koshti', 'aashishkoshti99@gmail.com', '$2y$10$MsQZkvVtu61e6wxkDem5x.BlyNHx3.TdFPirHo7SIsUJ35hRfohz6', '5687rFNEaLxqLzBWNfTdlbxk8', 'FDle1iO8sGfLxABBxM2IZ0sAKxMg3oWU09Cgmf8pj63iMy9ZSzfcUsi7bnw3', '2019-05-11 07:36:51', '2019-05-11 07:36:51'),
(179, 18013, 'Shaikh Naeem', 'nshaikh99622@gmail.com', '$2y$10$MsQZkvVtu61e6wxkDem5x.BlyNHx3.TdFPirHo7SIsUJ35hRfohz6', 'zGGZHo8bX80Wclu4vRJtXWdae', '5dO9ysPadfSNnaoqQeYFPzJ30VF5XP1bWGVmMknJEm4lWBKYdP4PKjSlHWRc', '2019-05-11 07:32:08', '2019-05-11 07:32:08'),
(178, 18955, 'Tajinderpal singh', 'tajinderpalsingh26@gmail.com', '$2y$10$MsQZkvVtu61e6wxkDem5x.BlyNHx3.TdFPirHo7SIsUJ35hRfohz6', 'EOV11lwvcitPDXTstVOCmPtc5', 'JHpCdO4qPhr9jm8BXlQbGt2btRDe8lH5vmOpQxpYXLJkPohFqWahjv5CQcdp', '2019-05-11 07:26:03', '2019-05-11 07:26:03'),
(177, 18470, 'Nikhil Kumar', 'nikhilproject1@gmail.com', '$2y$10$MsQZkvVtu61e6wxkDem5x.BlyNHx3.TdFPirHo7SIsUJ35hRfohz6', '6u7py6TbcMihNaE9pHFN2jRYH', 'i9mhOiJUtt9caMOmawBOHfYiHka7ruuYzQgXL63kYI14WDpMOh0yNr8wMhCN', '2019-05-11 07:23:44', '2019-05-11 07:23:44'),
(176, 18206, 'Aravind', 'ravi271999@gmail.com', '$2y$10$MsQZkvVtu61e6wxkDem5x.BlyNHx3.TdFPirHo7SIsUJ35hRfohz6', 'FNUoQBrejd2SNyJoIM7EIvkPZ', '68NMrJ4kX7AuqGqDoAqvUlSfWrWqZttrd4KMVRBOboIvMDThPWxUiupvdWVC', '2019-05-11 06:49:24', '2019-05-11 06:49:24'),
(175, 18398, 'Nabhishek Singh', 'nabhishekmandouli@gmail.com', '$2y$10$MsQZkvVtu61e6wxkDem5x.BlyNHx3.TdFPirHo7SIsUJ35hRfohz6', 'r5YrWfCpiHSPviO9l4osNUOmC', 'Bs0umX1vHafbYAIItw25wj8HZk0pk6t59P0zCz4YX0JRh3aqwVVB3anJivvM', '2019-05-11 06:22:17', '2019-05-11 06:22:17'),
(186, 18309, 'Rishav Sharma', 'vedprakash.sharma76@yahoo.com', '$2y$10$MsQZkvVtu61e6wxkDem5x.BlyNHx3.TdFPirHo7SIsUJ35hRfohz6', '1lXu4dWz3qll5vkuNBh6dhAAU', NULL, '2019-05-11 08:29:32', '2019-05-11 08:29:32'),
(187, 18172, 'Manjeet Singh Saini', 'manjeetsaini8504@gmail.com', '$2y$10$MsQZkvVtu61e6wxkDem5x.BlyNHx3.TdFPirHo7SIsUJ35hRfohz6', 'Z4p1TVW9UxOhvmkunxBaPegs4', 'LvdvvLBtjFlVNeQtpSWJ7cnGPGAvppHlfEcToPgiaN3C5dk9vHMgymiFEphi', '2019-05-11 08:35:09', '2019-05-11 08:35:09'),
(188, 18428, 'Aman Gupta', 'amangupta2242000@gmail.com', '$2y$10$MsQZkvVtu61e6wxkDem5x.BlyNHx3.TdFPirHo7SIsUJ35hRfohz6', 'LYWRBg2XxQpGF21VyA3sim3BG', 'CezRATD94aLB5mGfeaIcbJF7D9ruNl9FQ41pFmHsLZ4DiUQwwKlBioVReEsQ', '2019-05-11 08:37:29', '2019-05-11 08:37:29'),
(189, 18390, 'Nikhil Singh Kotwal', 'nikhilkotwalcoc@gmail.com', '$2y$10$MsQZkvVtu61e6wxkDem5x.BlyNHx3.TdFPirHo7SIsUJ35hRfohz6', '', '76aqrPCA91Py3QqOJUbSkdrpV0Mq7kuV8hiYBpboMamQwBrfLI8EjLJ8L84M', '2019-05-11 08:39:11', '2019-05-11 08:39:11'),
(190, 18578, 'Deepak Tiwari', 'deeparmyschool456@gmail.com', '$2y$10$MsQZkvVtu61e6wxkDem5x.BlyNHx3.TdFPirHo7SIsUJ35hRfohz6', 'ab0uiyONIAMl7uTIK9NebYbQ8', 'xTLROn6GNu8hLDepnSOyXkBwNwJS8ySUH9P2jfV0uiwINx5OyaOvq52p0pOT', '2019-05-11 08:40:28', '2019-05-11 08:40:28'),
(191, 18453, 'Saurabh Singh Chauhan', 'saurabhsinghchauhan1507@gmail.com', '$2y$10$MsQZkvVtu61e6wxkDem5x.BlyNHx3.TdFPirHo7SIsUJ35hRfohz6', 'vSjSEiFJa6yMJS1btrPzQlDBc', 'nq5NJPTY8fXvEqJ9C8QCGhVwNwTrXdyc68l1aHPZEPxyCTyJnrd7kLXbOCwi', '2019-05-11 08:40:30', '2019-05-11 08:40:30'),
(192, 18655, 'Mukesh Kumar Hudda', 'mukesh9549656372@gmail.com', '$2y$10$MsQZkvVtu61e6wxkDem5x.BlyNHx3.TdFPirHo7SIsUJ35hRfohz6', 'b7hFjnaJFyzuQn0NBOUGzKLJO', 'ne6nhXADuccKj2LA5R0VXruLcmSwvwwasQhZ6Sak21SWCN8aZrY64RP7fi0k', '2019-05-11 08:42:58', '2019-05-11 08:42:58'),
(193, 18397, 'Vishal', 'vishalkadianinfo@gmail.com', '$2y$10$MsQZkvVtu61e6wxkDem5x.BlyNHx3.TdFPirHo7SIsUJ35hRfohz6', 'cCGAdVrvaQPMfw0fpgXPgU50G', 'Q4W4hJTgWbm9OM4ZlhFm31bfNgDUQVpnMk7NPUdQl3PuUQ3GQEIIB0RKqcpu', '2019-05-11 08:50:59', '2019-05-11 08:50:59'),
(194, 18340, 'Kunal Khanra', 'kunal8111999@gmail.com', '$2y$10$MsQZkvVtu61e6wxkDem5x.BlyNHx3.TdFPirHo7SIsUJ35hRfohz6', 'up9uhux8AYwq859J2yxLogAFJ', NULL, '2019-05-11 08:52:47', '2019-05-11 08:52:47'),
(195, 18810, 'Asit Kumar Ray', 'asitkumarray83@gmail.com', '$2y$10$MsQZkvVtu61e6wxkDem5x.BlyNHx3.TdFPirHo7SIsUJ35hRfohz6', 'MFvovBJ0aUcJ6Uydfm2nBaQrl', 'XoA0heUyNQnY1UkEBBLJlY72wlkh0DGb501Vc5kM4IHnvCJb2l86kcW3UWN1', '2019-05-11 08:53:46', '2019-05-11 08:53:46'),
(196, 18448, 'Soudip Das', 'aparnadas1211981@gmail.com', '$2y$10$MsQZkvVtu61e6wxkDem5x.BlyNHx3.TdFPirHo7SIsUJ35hRfohz6', '8WTRVZmUdDUeratcJkyOzQwuY', 'EyctXyJDj3pE5ObCLtkNaIuTUBjwdrGbCzm7qm3vsWpXWe9y7qnFBYtQjDbS', '2019-05-11 08:54:54', '2019-05-11 08:54:54'),
(197, 18211, 'Himanshu Guleria', 'himanshuguleria0694@gmail.com', '$2y$10$MsQZkvVtu61e6wxkDem5x.BlyNHx3.TdFPirHo7SIsUJ35hRfohz6', 'CrAnRt14pP3L2YQRSfQr11C8p', NULL, '2019-05-11 08:56:34', '2019-05-11 08:56:34'),
(198, 18564, 'Mukesh Saran', 'mukeshsaran404@gmail.com', '$2y$10$MsQZkvVtu61e6wxkDem5x.BlyNHx3.TdFPirHo7SIsUJ35hRfohz6', 'sUceKL4OhTVM3bmhPx27yKm0o', NULL, '2019-05-11 09:00:56', '2019-05-11 09:00:56'),
(199, 18956, 'Ayush Koul', 'koulronak@gmail.com', '$2y$10$MsQZkvVtu61e6wxkDem5x.BlyNHx3.TdFPirHo7SIsUJ35hRfohz6', 'We9hbEBgJUQubyDTthSZ3g0dx', 'gnuvrmjvvvpJC0gGspJjd5teaSzHGp8d5FAwFu1fUKF41jNwfGO4FrrBPYdG', '2019-05-11 09:00:59', '2019-05-11 09:00:59'),
(200, 18217, 'Ritik', 'ritikresonance@gmail.com', '$2y$10$MsQZkvVtu61e6wxkDem5x.BlyNHx3.TdFPirHo7SIsUJ35hRfohz6', '023Ao78UsKHFZbnLm4KpgctnF', 'JazsBSfXcOiuJk8VoBvDwGDwnkqsQpdG4cgqTnGRUgM3LyrONL49Sy9e6Er1', '2019-05-11 09:02:33', '2019-05-11 09:02:33'),
(201, 18429, 'Atul Kumar Tiwari', 'tiwariarti2612@gmail.com', '$2y$10$MsQZkvVtu61e6wxkDem5x.BlyNHx3.TdFPirHo7SIsUJ35hRfohz6', 'H6sGmPt5yVqUAKd7m2cREvq23', 'FqlckTOJZCNf65EGZCCjIZX3f0CewSl2m1BtDUW4OkMPXKRFXFXgZuW6ICxC', '2019-05-11 09:09:17', '2019-05-11 09:09:17'),
(202, 18263, 'Ravi Budania', 'sjehosteljjn@gmail.com', '$2y$10$MsQZkvVtu61e6wxkDem5x.BlyNHx3.TdFPirHo7SIsUJ35hRfohz6', 'ei662kG3fnVVKl4Y96MQm4JPP', 'eNlKN2sMuiegwv9hMqpjtJwGyRfv0AzYopOHI4nDvQnxPtFqDQV5DsE8cxfY', '2019-05-11 09:10:02', '2019-05-11 09:10:02'),
(203, 18715, 'RISHABH KUMAR', 'rikugeorgian96@gmail.com', '$2y$10$MsQZkvVtu61e6wxkDem5x.BlyNHx3.TdFPirHo7SIsUJ35hRfohz6', 'd0pxxR8fdF2XnL6KBekYDeKv3', '5UBQTve4pToHgZ8IBBHx1iE9zdf1nkKgH9Gf8RHrAijk5CAkq7TLqOxcpDoV', '2019-05-11 09:10:38', '2019-05-11 09:10:38'),
(204, 18284, 'Ayush Pawar', 'ayushpawar1501@gmail.com', '$2y$10$MsQZkvVtu61e6wxkDem5x.BlyNHx3.TdFPirHo7SIsUJ35hRfohz6', 'YfcyezgzYJZY8VbG36vdZvcK3', 'Y6qaMU8fKo28lglZ0W4f6UCZ5sgjRrXjs4XhuRh1LwLpJNvs1kymBHjkOt1H', '2019-05-11 09:11:15', '2019-05-11 09:11:15'),
(205, 18239, 'Ashish Ahlawat', 'ashishahlawat98122@gmail.com', '$2y$10$MsQZkvVtu61e6wxkDem5x.BlyNHx3.TdFPirHo7SIsUJ35hRfohz6', 'fNatldEfu4scIAfXZmAYOdFMq', NULL, '2019-05-11 09:15:17', '2019-05-11 09:15:17'),
(206, 18314, 'Kishan Maharaj', 'kishanmaharaj780@gmail.com', '$2y$10$MsQZkvVtu61e6wxkDem5x.BlyNHx3.TdFPirHo7SIsUJ35hRfohz6', '6pgqdbty0BPTLsHHzoIXK1JrT', 'f6tApVDP5VGQg3BWj1eEIoBKy8nsVvjCNoMWVg0UYLbVXDt7A2NWaEPe48db', '2019-05-11 09:19:02', '2019-05-11 09:19:02'),
(207, 18333, 'Sourav Roy', 'souravsr@hotmail.com', '$2y$10$MsQZkvVtu61e6wxkDem5x.BlyNHx3.TdFPirHo7SIsUJ35hRfohz6', 'PGiI5d131sBCLsYcbZ5GTFUj5', 'KkiM5KetqRBcHj7yM7OKRj6UHEyPuO55TnA2mf8ep5p2T7ZvS0OuNxFAHRHo', '2019-05-11 09:25:32', '2019-05-11 09:25:32'),
(208, 18582, 'Mangesh Shivaji Jadhav', 'mangeshjadhav7808@gmail.com', '$2y$10$MsQZkvVtu61e6wxkDem5x.BlyNHx3.TdFPirHo7SIsUJ35hRfohz6', 'I7EZcSZxk9qNQBuF291QnFHLf', NULL, '2019-05-11 09:26:06', '2019-05-11 09:26:06'),
(209, 18407, 'Harshvardhan Singh Shekhawat', 'harshvardhan194@gmail.com', '$2y$10$MsQZkvVtu61e6wxkDem5x.BlyNHx3.TdFPirHo7SIsUJ35hRfohz6', 'JjcFYs73cpLu1PuOr6ZvQHdHQ', 'xQkbSSlhVgP3gsJ1US95a4WuU3oeMNXWV7wKOfcKDTUZgkYWcL7bvWIT2XK2', '2019-05-11 09:27:44', '2019-05-11 09:27:44'),
(210, 18436, 'Ajay Choudhary', 'jai30121977@gmail.com', '$2y$10$MsQZkvVtu61e6wxkDem5x.BlyNHx3.TdFPirHo7SIsUJ35hRfohz6', '0tbIay2sczoqCcseGKTZJXsGy', 'J8qMAuekqy97EZjmJ15VIjFEPMjz6kgAuLhd7IpNmlSemI2IXJkYiSxYShfY', '2019-05-11 09:28:22', '2019-05-11 09:28:22'),
(435, 18011, 'Ashutosh Singh', 'ashu22111999@gmail.com', '$2y$10$MsQZkvVtu61e6wxkDem5x.BlyNHx3.TdFPirHo7SIsUJ35hRfohz6', 'PeYUYiiF71ONQQQgr4QpY2tWs', 'O74lPVCsh4lvYGJwXmBORIJa4TKnMFEv0kVdy3TNRjDgbCFqiX2PIBUgChzO', '2019-05-11 23:41:07', '2019-05-11 23:41:07'),
(212, 18763, 'Amit Kumar Jha', 'amitranjanjha4552@gmail.com', '$2y$10$MsQZkvVtu61e6wxkDem5x.BlyNHx3.TdFPirHo7SIsUJ35hRfohz6', 'aQLKhCwWNeKduVWVC0VhvsK5q', NULL, '2019-05-11 09:49:37', '2019-05-11 09:49:37'),
(213, 18236, 'Abhishek Kumar Yadav', 'akylenovo2018@gmail.com', '$2y$10$MsQZkvVtu61e6wxkDem5x.BlyNHx3.TdFPirHo7SIsUJ35hRfohz6', 'JsX2i18yaKNiucE0ezxFnQblK', 'QB6nivpkjerTc8gFJnvDzUiamxePX7BuWvJ17d8xENXETXIJDpr9cWA6EwxK', '2019-05-11 09:53:42', '2019-05-11 09:53:42'),
(214, 18277, 'Diwakar Singh', 'diwakarsingh8737@gmail.com', '$2y$10$MsQZkvVtu61e6wxkDem5x.BlyNHx3.TdFPirHo7SIsUJ35hRfohz6', 'r2DDbJHPiUDGR24XcsJDlCLF8', NULL, '2019-05-11 09:54:28', '2019-05-11 09:54:28'),
(215, 18112, 'Krishnanunni R S', 'krishnanunni710@gmail.com', '$2y$10$MsQZkvVtu61e6wxkDem5x.BlyNHx3.TdFPirHo7SIsUJ35hRfohz6', 'HDLF5oDxCq2slX72QP9g31uO4', 'UvhZ1XHNkKvg4psmtIHLPmJJzVsj33xWTmUZ3y5LRW1XGK4AAts7jJQ6qUMv', '2019-05-11 10:06:35', '2019-05-11 10:06:35'),
(216, 18294, 'Ashutosh Kumar Singh', 'ashucr7singh@gmail.com', '$2y$10$MsQZkvVtu61e6wxkDem5x.BlyNHx3.TdFPirHo7SIsUJ35hRfohz6', 'nXilVykpqHTxLe6MSvRUsOZkJ', '88LpCHvRgzrN3OHqUiVq7Uv4xLH2NEPFCjSBTUehmAz49kJthQmrpTavxnTg', '2019-05-11 10:06:44', '2019-05-11 10:06:44'),
(217, 18099, 'Sohardh Bhandari', 'sohardh.sunny@gmail.com', '$2y$10$MsQZkvVtu61e6wxkDem5x.BlyNHx3.TdFPirHo7SIsUJ35hRfohz6', 'QfCfvCSA4YkL3tFXj14DzjTeS', NULL, '2019-05-11 10:11:38', '2019-05-11 10:11:38'),
(218, 18396, 'Ankit Kumar', 'ankitkumar83346@gmail.com', '$2y$10$MsQZkvVtu61e6wxkDem5x.BlyNHx3.TdFPirHo7SIsUJ35hRfohz6', 'dqRG8D0uWLO61yrPjfni8P9wy', 'F0stbiGDMBCcdB4kuVGBndGRb716hEf4Mj7NAuOzSngQLfBiYtXfBoYLsKdS', '2019-05-11 10:11:48', '2019-05-11 10:11:48'),
(219, 18266, 'Sehej Singh Bakshi', 'sehej.bakshi@yahoo.in', '$2y$10$MsQZkvVtu61e6wxkDem5x.BlyNHx3.TdFPirHo7SIsUJ35hRfohz6', 'FvgmSD6qAFRb6ItpM7HR0KSBY', NULL, '2019-05-11 10:13:33', '2019-05-11 10:13:33'),
(220, 18091, 'Sanju Singh', 'sanjushekhawat57@gmail.com', '$2y$10$MsQZkvVtu61e6wxkDem5x.BlyNHx3.TdFPirHo7SIsUJ35hRfohz6', '92ThULD7QsM6cQxO8DyWG5vrI', 'EgHyRrLnuYia7tYSE6WtXjon6Ke1OurIzpAE0cKbLr1ubqYVKHOVLnyOI0Js', '2019-05-11 10:22:32', '2019-05-11 10:22:32'),
(221, 18576, 'Deepak Bhadoria', 'deepakbhadoria05011998@gmail.com', '$2y$10$MsQZkvVtu61e6wxkDem5x.BlyNHx3.TdFPirHo7SIsUJ35hRfohz6', 'YA10V0d9a6elB6bYBpch6mR50', 'fHkLknwTGlFITnu0dVOfLVqxxahDDn3jpZoVoHLlpcffBQvQQz33HJJSoBp2', '2019-05-11 10:22:43', '2019-05-11 10:22:43'),
(222, 18774, 'Vishal', 'vishalk.9685211988@gmail.com', '$2y$10$MsQZkvVtu61e6wxkDem5x.BlyNHx3.TdFPirHo7SIsUJ35hRfohz6', 'l1DzuWgYKLDtQRIUXoBSbWxsH', NULL, '2019-05-11 10:26:42', '2019-05-11 10:26:42'),
(223, 18366, 'jatin kumar', 'jatunloras@gmail.com', '$2y$10$MsQZkvVtu61e6wxkDem5x.BlyNHx3.TdFPirHo7SIsUJ35hRfohz6', 'vRkIYzqpWckAg6uOihjDaXo8Y', NULL, '2019-05-11 10:27:31', '2019-05-11 10:27:31'),
(224, 18476, 'Abhishek Kulhari', 'abhishekkulhari53@gmail.com', '$2y$10$MsQZkvVtu61e6wxkDem5x.BlyNHx3.TdFPirHo7SIsUJ35hRfohz6', 'oFqXRxaoew3yk9M3CCVKhI6an', NULL, '2019-05-11 10:27:50', '2019-05-11 10:27:50'),
(225, 18245, 'Aman Sharma', 'amanbhardwaj6547321@gmail.com', '$2y$10$MsQZkvVtu61e6wxkDem5x.BlyNHx3.TdFPirHo7SIsUJ35hRfohz6', 'BmkB8bUXQZQJjyDt7VRbRiewI', 'UZn2Nonx1uZYyg39VHt29uEEcsIhhmSTkgEWTZep6aMjqZ6MU0ncwdA6gxO2', '2019-05-11 10:34:08', '2019-05-11 10:34:08'),
(226, 18199, 'Ashish Kumar Singh', 'ak628966@gmail.com', '$2y$10$MsQZkvVtu61e6wxkDem5x.BlyNHx3.TdFPirHo7SIsUJ35hRfohz6', 'FL9uLnMm4zdvQem3U61CzHYkV', 'qW4dRzJGUwU7otT6M9lX21ca6vGaQqA4Us8RvJomAtfuPNlFgmYW54LfwtmB', '2019-05-11 10:34:43', '2019-05-11 10:34:43'),
(227, 18501, 'Akash', 'akash24nov2000@gmail.com', '$2y$10$MsQZkvVtu61e6wxkDem5x.BlyNHx3.TdFPirHo7SIsUJ35hRfohz6', 'zH9ERe7xWk3NaunYjJy3FUbCt', 'leRGFsE1NXdZgVgAwDTDD6fKfCF7JPI6xHvlT6OB7yRMwOVwYJSOJHjKhJFn', '2019-05-11 10:39:23', '2019-05-11 10:39:23'),
(228, 18604, 'Prijwal Singh Kushwah', 'prijwalrajavat@gmail.com', '$2y$10$MsQZkvVtu61e6wxkDem5x.BlyNHx3.TdFPirHo7SIsUJ35hRfohz6', 'YUWUAiBvAWxVL35yICA21bVVD', NULL, '2019-05-11 10:40:08', '2019-05-11 10:40:08'),
(229, 18227, 'Prakarsh Bhardwaj', 'vishnusunita@yahoo.com', '$2y$10$MsQZkvVtu61e6wxkDem5x.BlyNHx3.TdFPirHo7SIsUJ35hRfohz6', 'MU9n8jeW1Ufbaq27ODNlW38zT', '764aWoaTjyObWo2GM5kSfG4EAESBb6qK5BdgraXrUvJFPRRC6ggFfgRp1qda', '2019-05-11 10:41:50', '2019-05-11 10:41:50'),
(230, 18565, 'Pranav Menon', 'pranav260101@gmail.com', '$2y$10$MsQZkvVtu61e6wxkDem5x.BlyNHx3.TdFPirHo7SIsUJ35hRfohz6', 'ZxqdE28WXI8Mh0EyZDoYHNoDJ', NULL, '2019-05-11 10:42:19', '2019-05-11 10:42:19'),
(231, 18293, 'Arun', 'kaushikarun2000@gmail.com', '$2y$10$MsQZkvVtu61e6wxkDem5x.BlyNHx3.TdFPirHo7SIsUJ35hRfohz6', '6tXqmsfrmTfnzDrd9kVLwa9ZA', NULL, '2019-05-11 10:46:58', '2019-05-11 10:46:58'),
(232, 18539, 'Shailesh Kumar', 'sk1911999@gmail.com', '$2y$10$MsQZkvVtu61e6wxkDem5x.BlyNHx3.TdFPirHo7SIsUJ35hRfohz6', 'FD6RZKhZ37G0rotqcRvSkamMX', 'HtdcUNU5ABKg8Q1qqYfbHcabtnHX9Fk02E8nZR49ScuySz8nFXIXyligHX8x', '2019-05-11 10:47:32', '2019-05-11 10:47:32'),
(233, 18425, 'ashish mishra', 'ashishkite88@gmail.com', '$2y$10$MsQZkvVtu61e6wxkDem5x.BlyNHx3.TdFPirHo7SIsUJ35hRfohz6', 'y75mcU37NF34PGcXQV74FAjAQ', 'IknGwPzaJn47jD9nY51AQclKCee3EAUlen4hkjwkU9paj1jHPPELUA3RRpch', '2019-05-11 10:49:23', '2019-05-11 10:49:23'),
(234, 18530, 'Gagan Yadav', 'gaganyadav424266@gmail.com', '$2y$10$MsQZkvVtu61e6wxkDem5x.BlyNHx3.TdFPirHo7SIsUJ35hRfohz6', 'pRA4AGlvR0CxlDvfhby3ftLY4', NULL, '2019-05-11 10:49:31', '2019-05-11 10:49:31'),
(235, 18353, 'Sandeep Kumar Gurjar', 'sandeepgurjar614@gmail.com', '$2y$10$MsQZkvVtu61e6wxkDem5x.BlyNHx3.TdFPirHo7SIsUJ35hRfohz6', 'AIijNHA41dRdV8V1qyP8QAi70', 'GqSdoVsf8lq1JjslmGopZRqZUTkftP8RdsxSgUQJvCqZ178wVUP6EbdyZXy2', '2019-05-11 10:56:21', '2019-05-11 10:56:21'),
(236, 18952, 'SHUBAM PARIHAR', 'shubamparihar32@gmail.com', '$2y$10$MsQZkvVtu61e6wxkDem5x.BlyNHx3.TdFPirHo7SIsUJ35hRfohz6', 'PnPAGZyMzwT9OFuLnfUcUpJFS', '0FVKOUnd5KFsiYNFmASP681Ic3Mwhh6GSd10MZE4TwvMjhKDEIsemQevSBkb', '2019-05-11 11:05:21', '2019-05-11 11:05:21'),
(237, 18169, 'Shivam Singh', 'umeshji54@gmail.com', '$2y$10$MsQZkvVtu61e6wxkDem5x.BlyNHx3.TdFPirHo7SIsUJ35hRfohz6', 'wdZOqJwOrT5tEvlQfDbDOA7AA', '9E2d70QpU21Tjv5P3yv3xzS8WeSSsbNq4ysnr5GKsjYQXmxcelMXJvhDov1E', '2019-05-11 11:07:23', '2019-05-11 11:07:23'),
(238, 18083, 'DEEPAK KUMAR UPADHYAY', 'upadhyaymanoj1000@gmail.com', '$2y$10$MsQZkvVtu61e6wxkDem5x.BlyNHx3.TdFPirHo7SIsUJ35hRfohz6', 'dXtiiwwPTlQ0e3omzBUtHzNpP', 'bRFqwXjsJU8mrdAXfOLfQcqpcy0ntAzLHxlFQNLlYII87YuYU3KlFlkDX5za', '2019-05-11 11:13:27', '2019-05-11 11:13:27'),
(239, 18727, 'Harshit Pandey', 'harshitpandey440@gmail.com', '$2y$10$MsQZkvVtu61e6wxkDem5x.BlyNHx3.TdFPirHo7SIsUJ35hRfohz6', 'XNK56i0ZY8atw52yQf6byQlee', NULL, '2019-05-11 11:19:05', '2019-05-11 11:19:05'),
(240, 18275, 'Swapnil Singh', 'shishu_082@yahoo.co.in', '$2y$10$MsQZkvVtu61e6wxkDem5x.BlyNHx3.TdFPirHo7SIsUJ35hRfohz6', '5BANOqQwO1xq2bs3SqH2zoGYs', 'ggcpsThFbrAGUljFePKpHDaqQaE8rSu7q5gWYMwwZWdG9bFIMAD3LV7C2DBO', '2019-05-11 11:25:05', '2019-05-11 11:25:05'),
(241, 18785, 'Vivek Krishnan', 'krishnanvivek2799@gmail.com', '$2y$10$MsQZkvVtu61e6wxkDem5x.BlyNHx3.TdFPirHo7SIsUJ35hRfohz6', 'htZyGEpx69xk0wFjNwq4ltEay', NULL, '2019-05-11 11:31:06', '2019-05-11 11:31:06'),
(242, 18728, 'Hemant Singh', 'hsinghpandav88@gmail.com', '$2y$10$MsQZkvVtu61e6wxkDem5x.BlyNHx3.TdFPirHo7SIsUJ35hRfohz6', 'eLAGTkEU4GDp7kUezsqAZH6qt', NULL, '2019-05-11 11:35:39', '2019-05-11 11:35:39'),
(243, 18506, 'Bhrigu Sharma', 'bhrigu.sharma0207@gmail.com', '$2y$10$MsQZkvVtu61e6wxkDem5x.BlyNHx3.TdFPirHo7SIsUJ35hRfohz6', 'sLvTNMmihzhIvrhN7IGMNyHda', NULL, '2019-05-11 11:36:37', '2019-05-11 11:36:37'),
(244, 18805, 'M Deepak Kumar', 'mdeepakkumar25@gmail.com', '$2y$10$MsQZkvVtu61e6wxkDem5x.BlyNHx3.TdFPirHo7SIsUJ35hRfohz6', 'cF7KL1e3ftsRdk4OGWxhOKyCt', NULL, '2019-05-11 11:38:18', '2019-05-11 11:38:18'),
(245, 18296, 'Srikant Pani', 'sricool1999@gmail.com', '$2y$10$MsQZkvVtu61e6wxkDem5x.BlyNHx3.TdFPirHo7SIsUJ35hRfohz6', 'nEjITeQ207FLeP0j6NwEO3gOF', '5Ae8T38rRO8zJuZnjBLpMEKznlnsUcsyibKraWCHkbZrCss3OOw7rLNBUZA1', '2019-05-11 11:39:17', '2019-05-11 11:39:17'),
(246, 18585, 'Manish Kumar', 'kumarmanishjee2018@gmail.com', '$2y$10$MsQZkvVtu61e6wxkDem5x.BlyNHx3.TdFPirHo7SIsUJ35hRfohz6', 'Q3lSuUeo4zHbtRXnCgHtN0uAt', NULL, '2019-05-11 11:47:15', '2019-05-11 11:47:15'),
(247, 18291, 'Vivek Negi', 'vivz881@gmail.com', '$2y$10$MsQZkvVtu61e6wxkDem5x.BlyNHx3.TdFPirHo7SIsUJ35hRfohz6', 'XwfZbpk2RVTCQILWSRKE26xtC', NULL, '2019-05-11 11:54:52', '2019-05-11 11:54:52'),
(248, 18531, 'Dipesh Kumar Singh', 'dksingh1952000@gmail.com', '$2y$10$MsQZkvVtu61e6wxkDem5x.BlyNHx3.TdFPirHo7SIsUJ35hRfohz6', 'scpxMKIRzlmwRjtsBTRQe1ruk', 'o1sVfTNL2R6qqBZ6e2JLfU39PPMHojNEl4EWct7kV5kzo336FlD9FvOf6fha', '2019-05-11 12:01:13', '2019-05-11 12:01:13'),
(249, 18344, 'Shivam Kumar Rai', 'shivamrai9510@gmail.com', '$2y$10$MsQZkvVtu61e6wxkDem5x.BlyNHx3.TdFPirHo7SIsUJ35hRfohz6', 'dFCifvXAJtf0UE5bNmn6YgMPn', NULL, '2019-05-11 12:05:44', '2019-05-11 12:05:44'),
(250, 18640, 'Abhishek Shukla', 'durgesh.shukla1997@gmail.com', '$2y$10$MsQZkvVtu61e6wxkDem5x.BlyNHx3.TdFPirHo7SIsUJ35hRfohz6', '3borhGczEo3pBqxG6lBufq41a', 'AmAoD1LTDF7vkkOIXpQ1HAX5W2ZJldUUFFIs7BO3BZ4rc6Y7EE6xPSSpmKkB', '2019-05-11 12:08:26', '2019-05-11 12:08:26'),
(251, 18627, 'Pravendra Rana', 'pravendrarana56@gmail.com', '$2y$10$MsQZkvVtu61e6wxkDem5x.BlyNHx3.TdFPirHo7SIsUJ35hRfohz6', 'w6CBuW0QzVtBqSd6LKwOuaZL4', 'OSvBWSYiHPm4bhNxMnW3qylWmhKLk8k7ITQuIUC5n4DAtqtDwr0C6qpGCpR6', '2019-05-11 12:11:53', '2019-05-11 12:11:53'),
(252, 18447, 'Anand Kumar Pandey', 'anandthegreat8@gmail.com', '$2y$10$MsQZkvVtu61e6wxkDem5x.BlyNHx3.TdFPirHo7SIsUJ35hRfohz6', '3ku4VeRaLRClLRVRVgPrhwvHV', NULL, '2019-05-11 12:12:10', '2019-05-11 12:12:10'),
(253, 18220, 'Himanshu Shekhar Padhi', 'himanshupadhi0@gmail.com', '$2y$10$MsQZkvVtu61e6wxkDem5x.BlyNHx3.TdFPirHo7SIsUJ35hRfohz6', 'dDoH9vy9ezHJUbLE6mkmuoRs4', 'zyTHhIRQkW70uCLBwarigIkq4SvoSlCO92bstOV1dtpwyoUECF3TDuVfeKON', '2019-05-11 12:13:00', '2019-05-11 12:13:00'),
(254, 18144, 'Ajay Kahlan', 'ajaykahlan@gmail.com', '$2y$10$MsQZkvVtu61e6wxkDem5x.BlyNHx3.TdFPirHo7SIsUJ35hRfohz6', 'NeLsJ5Zwc8kuLBEMMvovPUpRf', 'gfBRk7YeI1imBy81qzjFI0szLnfobMqcpbBQaTbL5LJaOieAuAr96jqj8Nei', '2019-05-11 12:15:49', '2019-05-11 12:15:49'),
(255, 18289, 'Sanjay Rawat', 'anishrawatsanjay@gmail.com', '$2y$10$MsQZkvVtu61e6wxkDem5x.BlyNHx3.TdFPirHo7SIsUJ35hRfohz6', 'W8JBSGOWZKv9JPeOuUOj8xgss', 'wCq7C7J8wwjFJG9b87pClpqrS6q8aCsN1VBA8DmoskbFEC8bPr8j7ptszfKo', '2019-05-11 12:18:06', '2019-05-11 12:18:06'),
(256, 18767, 'Naveen Gaur', 'naveen200gaur@gmail.com', '$2y$10$MsQZkvVtu61e6wxkDem5x.BlyNHx3.TdFPirHo7SIsUJ35hRfohz6', 'wjarTYaUdOplnfbocqiKa24cX', 'r9rTnhrS0JbjcgDhslvGCmkmsyNN1oC15goWGNPGtPBvqXodQzqZH2gdbKw8', '2019-05-11 12:19:41', '2019-05-11 12:19:41'),
(257, 18305, 'Rohan Thakur', 'rohanthakurarmy@gmail.com', '$2y$10$MsQZkvVtu61e6wxkDem5x.BlyNHx3.TdFPirHo7SIsUJ35hRfohz6', 'B0Q2VJt1Yf6ykReHCHZdnVkn7', 'WoN4zIlD4hYC8SQJLhW8g5qNzHyCIgHD2yT9Q4nC4pdymlsUHXa226413IL8', '2019-05-11 12:20:36', '2019-05-11 12:20:36'),
(258, 18150, 'Jasbir Singh', 'kulbeersinghbhati@gmail.com', '$2y$10$MsQZkvVtu61e6wxkDem5x.BlyNHx3.TdFPirHo7SIsUJ35hRfohz6', 'WwbJJSXSwfTZgMe8YEp6eIF5a', NULL, '2019-05-11 12:21:04', '2019-05-11 12:21:04'),
(259, 18677, 'Abhishek Joshi', 'abhyshekjoshy@gmail.com', '$2y$10$MsQZkvVtu61e6wxkDem5x.BlyNHx3.TdFPirHo7SIsUJ35hRfohz6', 'RAiW4vhPwvGC5KfV5e3dpjjR4', 'YmV66oKzgsM5k8yt4v5Sf5kPSy0mpkjOYkjzErfDKYpVRuSnvrYSFSG5Bh4G', '2019-05-11 12:22:43', '2019-05-11 12:22:43'),
(260, 18090, 'Hariom', 'hariom12062000@gmail.com', '$2y$10$MsQZkvVtu61e6wxkDem5x.BlyNHx3.TdFPirHo7SIsUJ35hRfohz6', 'IPXFjvRyyC1jm56q0z3sb2mlI', NULL, '2019-05-11 12:22:46', '2019-05-11 12:22:46'),
(261, 18195, 'Vikas Singh', 'vikas9592531723@gmail.com', '$2y$10$MsQZkvVtu61e6wxkDem5x.BlyNHx3.TdFPirHo7SIsUJ35hRfohz6', 'ujLKRgPJPJdIVHdNjz3JYtEZg', NULL, '2019-05-11 12:23:37', '2019-05-11 12:23:37'),
(262, 18359, 'Alam Kathat', 'alamkathat213@gmail.com', '$2y$10$MsQZkvVtu61e6wxkDem5x.BlyNHx3.TdFPirHo7SIsUJ35hRfohz6', '8rCD4lbuHcJukDq1eNsn9y6NX', NULL, '2019-05-11 12:24:56', '2019-05-11 12:24:56'),
(263, 18017, 'Navjeet Singh', 'navjeetshekhawat5555@gmail.com', '$2y$10$MsQZkvVtu61e6wxkDem5x.BlyNHx3.TdFPirHo7SIsUJ35hRfohz6', 'n3pNzaLFRekDDReNiP9GZLitA', 'SwSjxTCw7yOLrmTneUrBhhDeaGpPW7JWvgSH4E2yhIJQimZ4b9vTJnzqjdJR', '2019-05-11 12:27:33', '2019-05-11 12:27:33'),
(264, 18334, 'Rahul Kumar Ojha', 'rahulkumarojha27@gmail.com', '$2y$10$MsQZkvVtu61e6wxkDem5x.BlyNHx3.TdFPirHo7SIsUJ35hRfohz6', 'Ejt0SBv6c7UjvuZEdmc7zl4A7', NULL, '2019-05-11 12:28:25', '2019-05-11 12:28:25'),
(265, 18255, 'Sourabh Mandal', 'sourabh.mandal.ait@gmail.com', '$2y$10$MsQZkvVtu61e6wxkDem5x.BlyNHx3.TdFPirHo7SIsUJ35hRfohz6', 'Ulr5NQSNtVVgpP2Ju6vGyBEoR', 'LiXZL4BZ1k18zTINYDdErF6vd8xVv6AHflekWUlCrPeYmXe1itMTkRBR7Lda', '2019-05-11 12:29:54', '2019-05-11 12:29:54'),
(266, 18592, 'Noel Sovy', 'noelsovy311@gmail.com', '$2y$10$MsQZkvVtu61e6wxkDem5x.BlyNHx3.TdFPirHo7SIsUJ35hRfohz6', 'rKKjkHJiIQcRsGYFIRPZpvIGe', NULL, '2019-05-11 12:30:57', '2019-05-11 12:30:57'),
(267, 18254, 'Bijay Singh', 'dididivya999@gmail.com', '$2y$10$MsQZkvVtu61e6wxkDem5x.BlyNHx3.TdFPirHo7SIsUJ35hRfohz6', 'fIbbaoNkALKAeRY1l1nXwoAfi', 'TPk2s8mkiQkJ6dbciVU1AguoEHp6FxA4GqLRXwOjaNJvcWGW7s4GuzFinGI1', '2019-05-11 12:31:20', '2019-05-11 12:31:20'),
(268, 18046, 'Abhishek Kumar Singh', 'nitusingh1546@gmail.com', '$2y$10$MsQZkvVtu61e6wxkDem5x.BlyNHx3.TdFPirHo7SIsUJ35hRfohz6', 'XrlBXebGnuRzCSzkLGN1gVbgH', 'eblr7tPKiPaXcehu3mlQ0XXP5e0h076d3Onfw7tf9TS57rge6dQZDaHUsCvR', '2019-05-11 12:32:17', '2019-05-11 12:32:17'),
(269, 18473, 'Alok Jhajhria', 'indra_singh71@rediffmail.com', '$2y$10$MsQZkvVtu61e6wxkDem5x.BlyNHx3.TdFPirHo7SIsUJ35hRfohz6', '8Y02HN73wNjjaUMK69uHy3hd3', 'XoKbLgtahd49XCYwJEgBNvsSkA6MF81KmnOmWYKJWc1ff19D3TwEMockbqGO', '2019-05-11 12:32:58', '2019-05-11 12:32:58'),
(270, 18267, 'Devesh Joshi', 'iitianaspirantdevesh@gmail.com', '$2y$10$MsQZkvVtu61e6wxkDem5x.BlyNHx3.TdFPirHo7SIsUJ35hRfohz6', 'zVsM04piNTtcjOqWf4I4LBgJu', 'goM2Zznhz1KxcQ5NhSk4mhN8sxyDhB8de0nmywiUzJTclARjfZwxqYhuFKcb', '2019-05-11 12:34:46', '2019-05-11 12:34:46'),
(271, 18203, 'Udit Chaudhary', 'uditschoolboy@gmail.com', '$2y$10$MsQZkvVtu61e6wxkDem5x.BlyNHx3.TdFPirHo7SIsUJ35hRfohz6', 'r51gzVKMrO1TrsOZ9zC0gFI6X', 'iNJk8LznbPVhDwQxCOLQIdoWQbalrq3xM2gTTePr6qZGdx8Zg34RPahLGCYo', '2019-05-11 12:38:47', '2019-05-11 12:38:47'),
(272, 18491, 'Arnab Singha Roy', 'arnabroy28ju@gmail.com', '$2y$10$MsQZkvVtu61e6wxkDem5x.BlyNHx3.TdFPirHo7SIsUJ35hRfohz6', '304CKodwMOyw8OKsSs7dSK8Uv', NULL, '2019-05-11 12:41:58', '2019-05-11 12:41:58'),
(273, 18033, 'Yashwant Singh Chauhan', 'yashwantyash123456789@gmail.com', '$2y$10$MsQZkvVtu61e6wxkDem5x.BlyNHx3.TdFPirHo7SIsUJ35hRfohz6', 'OxXTbB02Az5StvHncBxsIoL35', 'VZG0PZ7wvPIqjnHjGA4eIsa5k76ZVBh5IzbGUlzOqCEhJ0KXGf6dhObtIaE3', '2019-05-11 12:47:49', '2019-05-11 12:47:49'),
(274, 18503, 'Vijay Kumar', 'kmrvijay250@gmail.com', '$2y$10$MsQZkvVtu61e6wxkDem5x.BlyNHx3.TdFPirHo7SIsUJ35hRfohz6', '7jmpd7NnmKI00p1sEzlREQrbU', 'BnPKNXRXnwun0bpKAyaxNVrwgg9O7mOAanOgusU7oHvOCKpIayqOtjjvuKUO', '2019-05-11 12:51:46', '2019-05-11 12:51:46'),
(275, 18394, 'Gaurav Kumar Singh', 'kumarsinghgaurav54@gmail.com', '$2y$10$MsQZkvVtu61e6wxkDem5x.BlyNHx3.TdFPirHo7SIsUJ35hRfohz6', 'Nf2jL5Pw2MFXRb3KNZoeOXI5t', NULL, '2019-05-11 12:55:02', '2019-05-11 12:55:02'),
(276, 18196, 'Abhishek Bisht', 'ab06032000@gmail.com', '$2y$10$MsQZkvVtu61e6wxkDem5x.BlyNHx3.TdFPirHo7SIsUJ35hRfohz6', '1ffX4wO8aGjramQY2wGNUUkGH', NULL, '2019-05-11 13:01:37', '2019-05-11 13:01:37'),
(277, 18197, 'Ajay Kumar Dangi', 'mukeshdangi72694@gmail.com', '$2y$10$MsQZkvVtu61e6wxkDem5x.BlyNHx3.TdFPirHo7SIsUJ35hRfohz6', '2M6wRSa3Z2qEf4dwiRLVlbhEv', NULL, '2019-05-11 13:01:41', '2019-05-11 13:01:41'),
(278, 18512, 'Amit Kumar Bhuyan', 'bhuyanamit986@gmail.com', '$2y$10$MsQZkvVtu61e6wxkDem5x.BlyNHx3.TdFPirHo7SIsUJ35hRfohz6', 'trumEf5ROwlDin8hJQb6Lhfny', NULL, '2019-05-11 13:08:39', '2019-05-11 13:08:39'),
(279, 18558, 'Gaurav Mishra', 'gauravmishra19082000@gmail.com', '$2y$10$MsQZkvVtu61e6wxkDem5x.BlyNHx3.TdFPirHo7SIsUJ35hRfohz6', 'Sf58YLfqudO6dLS5dW4qzrSfB', NULL, '2019-05-11 13:10:12', '2019-05-11 13:10:12'),
(437, 18186, 'Sunil Choudhary', 'sunilchoudhary1631@gmail.com', '$2y$10$MsQZkvVtu61e6wxkDem5x.BlyNHx3.TdFPirHo7SIsUJ35hRfohz6', 'xXmDoKqOxdijtjJrhyCxTezlN', 'T4XkJ4jfYOEWrk4v9C5UC0hY7rGX4x8TDrCAn21qNsjFooGTNXFAegUHfrZ1', '2019-05-12 00:27:58', '2019-05-12 00:27:58'),
(281, 18249, 'Vimaleshwar Karuppiah Krishnamurthy', 'eeshwark2000@gmail.com', '$2y$10$MsQZkvVtu61e6wxkDem5x.BlyNHx3.TdFPirHo7SIsUJ35hRfohz6', 'ZqvCKCyoFWc0zV4Ci6aa3Vasj', NULL, '2019-05-11 13:16:04', '2019-05-11 13:16:04'),
(282, 18345, 'Akash Bhati', 'akash13091999@gmail.com', '$2y$10$MsQZkvVtu61e6wxkDem5x.BlyNHx3.TdFPirHo7SIsUJ35hRfohz6', 'QG2v90otbeTZwsnbRJA9ybKll', NULL, '2019-05-11 13:16:31', '2019-05-11 13:16:31'),
(283, 18523, 'Amit Kumar', 'www.aktluck@gmail.com', '$2y$10$MsQZkvVtu61e6wxkDem5x.BlyNHx3.TdFPirHo7SIsUJ35hRfohz6', 'MqHIRWfUWZJ6fAP8J8PF2EwYx', NULL, '2019-05-11 13:19:11', '2019-05-11 13:19:11'),
(284, 18207, 'Anurag Rawat', 'anuragrawat.088@gmail.com', '$2y$10$MsQZkvVtu61e6wxkDem5x.BlyNHx3.TdFPirHo7SIsUJ35hRfohz6', 'wXfR3ZG7q0jS2mfS6syay3rUQ', 'tny4WvIvoV4uftPUOLbSURXoS2KZPDCa94kOQ8Bp5GpuUc8TuZC5ptOmLNCY', '2019-05-11 13:22:57', '2019-05-11 13:22:57'),
(285, 18957, 'Kartik Sharma', 'chakarverti1972@gmail.com', '$2y$10$MsQZkvVtu61e6wxkDem5x.BlyNHx3.TdFPirHo7SIsUJ35hRfohz6', 'eEnziNP98Wbt7clLB6s1Zo0hx', 'VNtyYC5rHVsZaH9YkSFHJvBtxO9yWLhdZ970Ux8enbRLHiOxDIHmgT8XQFjQ', '2019-05-11 13:23:46', '2019-05-11 13:23:46'),
(286, 18257, 'SUMIT KUMAR', 'sumit818105@gmail.com', '$2y$10$MsQZkvVtu61e6wxkDem5x.BlyNHx3.TdFPirHo7SIsUJ35hRfohz6', 'l4LwMueezIEMR72qFTTyutv0l', 'qQnXShilfRYr1m20lIYEQDaiDSaAtDIhyVEPWeEuSLd9VRWmdt3VaTqYfLDy', '2019-05-11 13:24:02', '2019-05-11 13:24:02'),
(287, 18393, 'Saurabh Rai', 'saurabh1998rai@gmail.com', '$2y$10$MsQZkvVtu61e6wxkDem5x.BlyNHx3.TdFPirHo7SIsUJ35hRfohz6', 'cBuTTYI9EkUq7fK3T919Mnrai', 'lIM5l5jyKui7OQ8BCeo5GY7Cv8nqBg6rgNvUHKZl3INnHklMttZ1W3UCXWxT', '2019-05-11 13:25:51', '2019-05-11 13:25:51'),
(288, 18430, 'Prashant Kumar Sharma', '18pacific007@gmail.com', '$2y$10$MsQZkvVtu61e6wxkDem5x.BlyNHx3.TdFPirHo7SIsUJ35hRfohz6', '7nBbx0XlBuCKVQOSlUVzHpAbT', 'HihKTvlXOBAt1OJlCVQrNITZPF6Y1zrd9PIFUIGfutNlstfry0IsSjp19ciI', '2019-05-11 13:25:53', '2019-05-11 13:25:53'),
(289, 18487, 'Shubham Kumar', 'shubham8863004347@gmail.com', '$2y$10$MsQZkvVtu61e6wxkDem5x.BlyNHx3.TdFPirHo7SIsUJ35hRfohz6', 'MbaxY0TwJi10N1JnAXWZEgUK7', NULL, '2019-05-11 13:26:10', '2019-05-11 13:26:10'),
(290, 18376, 'Aman Singh', 'aman1122singh.as@gmail.com', '$2y$10$MsQZkvVtu61e6wxkDem5x.BlyNHx3.TdFPirHo7SIsUJ35hRfohz6', '5jNhakXEabuq9coCAKtvskYEj', 'G9OdoO1YL4f5BdRsokdWFUjHXOC2gZ3Tw8ThItWKnVSTNbPgFIJUFK0czxev', '2019-05-11 13:28:43', '2019-05-11 13:28:43'),
(291, 18341, 'Arun', 'aruntoni07@gmail.com', '$2y$10$MsQZkvVtu61e6wxkDem5x.BlyNHx3.TdFPirHo7SIsUJ35hRfohz6', '7JcGa2AqChAyvrm8dff7npM9f', NULL, '2019-05-11 13:32:05', '2019-05-11 13:32:05'),
(292, 18953, 'SANJU BALORIA', 'sanjubaloria12@gmail.com', '$2y$10$MsQZkvVtu61e6wxkDem5x.BlyNHx3.TdFPirHo7SIsUJ35hRfohz6', 's5S8hm2kqkhhU3Lej7kdYHZia', 'Lqv1fRyW9UqS9WXOB6kPdZWTNpng6WuJYnbfqpZDBN4ti7DySoG1VHN82XtU', '2019-05-11 13:33:22', '2019-05-11 13:33:22'),
(293, 18413, 'Prateek Shukla', 'prateekshukla39@gmail.com', '$2y$10$MsQZkvVtu61e6wxkDem5x.BlyNHx3.TdFPirHo7SIsUJ35hRfohz6', 'wmDAMcvs2mjJ1KdabuXcCrHBj', NULL, '2019-05-11 13:37:17', '2019-05-11 13:37:17'),
(294, 18833, 'Chetan Bhal', 'chetanbhal731@gmail.com', '$2y$10$MsQZkvVtu61e6wxkDem5x.BlyNHx3.TdFPirHo7SIsUJ35hRfohz6', 'uVEg2NnyMoZDz5tYPXSpO16ma', NULL, '2019-05-11 13:38:30', '2019-05-11 13:38:30'),
(295, 18379, 'Anuj Kumar Bugalia', 'bugaliaanuj37@gmail.com', '$2y$10$MsQZkvVtu61e6wxkDem5x.BlyNHx3.TdFPirHo7SIsUJ35hRfohz6', 'n2kQsHZUuUlaiUIXm7LGWAlck', 'vvTIDDt2IUHkyMErK28Tf1Ulp3cCyVkfKQBWBjN54pt8Meod2K2bR5Ss7ZZf', '2019-05-11 13:40:01', '2019-05-11 13:40:01'),
(296, 18198, 'Harritik Sharma', 'ritiksharma5247@gmail.com', '$2y$10$MsQZkvVtu61e6wxkDem5x.BlyNHx3.TdFPirHo7SIsUJ35hRfohz6', '7bMvmjnPDfaDfPErX7yvozzZk', 'PRT1LhogjlEuTf9wQQxcBFiFf19nKwtMOUs6jAA1n1gC0gQspj9DbmoEXQTz', '2019-05-11 13:40:10', '2019-05-11 13:40:10'),
(297, 18092, 'Pranay Mishra', 'quizpranay@gmail.com', '$2y$10$MsQZkvVtu61e6wxkDem5x.BlyNHx3.TdFPirHo7SIsUJ35hRfohz6', 'p17nhXtYrQWb8RX9duCVVNbo7', NULL, '2019-05-11 13:46:48', '2019-05-11 13:46:48'),
(298, 18388, 'Abhinandan Singh', 'bhoopns16@gmail.com', '$2y$10$MsQZkvVtu61e6wxkDem5x.BlyNHx3.TdFPirHo7SIsUJ35hRfohz6', 'IBudx93TczutS82pRlCcYgWpM', NULL, '2019-05-11 13:48:12', '2019-05-11 13:48:12'),
(299, 18418, 'Arman', 'armaanjhajharia@gmail.com', '$2y$10$MsQZkvVtu61e6wxkDem5x.BlyNHx3.TdFPirHo7SIsUJ35hRfohz6', '3cp3lu87dsNte45F7L7Fe1w7s', NULL, '2019-05-11 13:48:47', '2019-05-11 13:48:47'),
(300, 18537, 'Amit Kumar', 'amitchoudhary7696@gmail.com', '$2y$10$MsQZkvVtu61e6wxkDem5x.BlyNHx3.TdFPirHo7SIsUJ35hRfohz6', 'NdrXyzIYOq9GegFrojaS3AptJ', 'Zl4avFnU9fmY7knXzNhrUpVkRnHDTtxBLMTDWhI20TSdDCmHJ6IatE8Fe3Bj', '2019-05-11 13:51:54', '2019-05-11 13:51:54'),
(301, 18466, 'Narendra Kumar Yadav', 'narendra.yadav789789@gmail.com', '$2y$10$MsQZkvVtu61e6wxkDem5x.BlyNHx3.TdFPirHo7SIsUJ35hRfohz6', 'Aa3SwczEnBPZLRFBM5o1nECjd', '6PAD2K8mBexq8UABT16LQ4VODpYeHyiAQMY0egRmHTI9jK5sKkMrUv9zvHz1', '2019-05-11 13:53:25', '2019-05-11 13:53:25'),
(302, 18184, 'Vimal Kumar', 'vimalmatrix5@gmail.com', '$2y$10$MsQZkvVtu61e6wxkDem5x.BlyNHx3.TdFPirHo7SIsUJ35hRfohz6', 'wNKltcFtYci7DJo4zkP4qpwxZ', 'Am2NL5sehP682dyYPbzu7NeZ58ymur7CjiYNZzznqZlYQtBYVqHCbIDJgI87', '2019-05-11 13:53:41', '2019-05-11 13:53:41'),
(303, 18295, 'Sagar', 'indianocean24x7@gmail.com', '$2y$10$MsQZkvVtu61e6wxkDem5x.BlyNHx3.TdFPirHo7SIsUJ35hRfohz6', 'tKd6seoxQHtvfB4dln8W2x0Vm', 'Mkf59k8Pi8dO4lznIGRYPVCilyAgcWOsdsmCuYwuv5cdOjoQ1elD00O75bcl', '2019-05-11 13:53:44', '2019-05-11 13:53:44'),
(304, 18633, 'Abhishek Jha', '07abhishekrock@gmail.com', '$2y$10$MsQZkvVtu61e6wxkDem5x.BlyNHx3.TdFPirHo7SIsUJ35hRfohz6', 'g4YGD7BAQq5zNBkpqAuchlE2C', NULL, '2019-05-11 13:54:07', '2019-05-11 13:54:07'),
(305, 18621, 'Kiran Sanjay Wawre', 'kiran1wawre@gmail.com', '$2y$10$MsQZkvVtu61e6wxkDem5x.BlyNHx3.TdFPirHo7SIsUJ35hRfohz6', 'h2dLhmICkvzw8aMynyALgY6Al', 'XmNaFfjqCKIba4Rq7JoiU8DfDcq0XsOmKbbY4sIT2uaS98Okr70OrpEEzC78', '2019-05-11 13:56:15', '2019-05-11 13:56:15'),
(306, 18280, 'Sachin Bisht', 'sachinbisht37604@gmail.com', '$2y$10$MsQZkvVtu61e6wxkDem5x.BlyNHx3.TdFPirHo7SIsUJ35hRfohz6', 'CI8hwZcz95HtDIMB1FbUTYzlO', 'Z0ObUFdWYu8uguDaZICQaHDg7kh88AYE0fZvS9rEuQciksxlBqaR9JzoXce2', '2019-05-11 13:57:49', '2019-05-11 13:57:49'),
(307, 18594, 'Vishal Subhash Solanke', 'vsolanke02@gmail.com', '$2y$10$MsQZkvVtu61e6wxkDem5x.BlyNHx3.TdFPirHo7SIsUJ35hRfohz6', '8dwfZO12FxJnKvEB50huUlAg7', NULL, '2019-05-11 13:58:01', '2019-05-11 13:58:01'),
(308, 18444, 'Rohit Sangwan', 'sangwanrohit251@gmail.com', '$2y$10$MsQZkvVtu61e6wxkDem5x.BlyNHx3.TdFPirHo7SIsUJ35hRfohz6', 'FoIPASAQlkxrCnIaPtDWzYizD', NULL, '2019-05-11 13:58:04', '2019-05-11 13:58:04'),
(309, 18136, 'Akash Singh', 'aakashsinghdude@gmail.com', '$2y$10$MsQZkvVtu61e6wxkDem5x.BlyNHx3.TdFPirHo7SIsUJ35hRfohz6', 'rdcLjKdyNaJgz0vqENWoXROEw', 'Ks4en42zqvD9XVKaXHEX96rNF0FErj8uGS6EGIpaSk82tdR9DFtGmtqI1yP9', '2019-05-11 13:58:30', '2019-05-11 13:58:30'),
(310, 18456, 'Saurav Chauhan', 'sauravitachi@gmail.com', '$2y$10$MsQZkvVtu61e6wxkDem5x.BlyNHx3.TdFPirHo7SIsUJ35hRfohz6', 'C77fwb1yGoa4egF5LjkUVRELB', 'QY31wUKGpfH8uw4BCPFwOuJZbNwdryPmApc6qRWsbkkdqJ6fS7xmYBJkCzav', '2019-05-11 14:00:21', '2019-05-11 14:00:21'),
(311, 18634, 'Ankush Roy', 'ankushroy44@yahoo.com', '$2y$10$MsQZkvVtu61e6wxkDem5x.BlyNHx3.TdFPirHo7SIsUJ35hRfohz6', 'LklKiAEMcRmExp7LPQ4ZY2vrc', '2Zi7Ir2uPoFjRFGxBwpOInhHo5q7YdtAyDFudWpCLxj3cPpaPcyFabFxtKdD', '2019-05-11 14:02:01', '2019-05-11 14:02:01'),
(312, 18178, 'Satya Prakash', 'satya.prakash9500@gmail.com', '$2y$10$MsQZkvVtu61e6wxkDem5x.BlyNHx3.TdFPirHo7SIsUJ35hRfohz6', 'DQrOB8ppnmU1mSGdcT4sUJXYI', 'iRI2VLmNlRYPBjsDdIXKkULDs9xJ4nJSZLjzNKubpUerhbDF2tUlnZs32lt6', '2019-05-11 14:02:09', '2019-05-11 14:02:09'),
(313, 18455, 'Shubham Anand', 'shubhamoscar953@gmail.com', '$2y$10$MsQZkvVtu61e6wxkDem5x.BlyNHx3.TdFPirHo7SIsUJ35hRfohz6', 'FlUgzMnbgxBiSJiwHE4cJY8Fo', 'BxrDCzFR3tHVeruKfAv7R7UbvfBw4ppcJwrWNK75EFjwJjdYJnHN2SlZnz92', '2019-05-11 14:02:10', '2019-05-11 14:02:10'),
(314, 18205, 'Sachin Keshav', 'anilk7080@gmail.com', '$2y$10$MsQZkvVtu61e6wxkDem5x.BlyNHx3.TdFPirHo7SIsUJ35hRfohz6', 'BZnzdihht19fML4gcYvi0oaqi', NULL, '2019-05-11 14:02:37', '2019-05-11 14:02:37'),
(315, 18201, 'Devansh Sharma', 'devansh9011@gmail.com', '$2y$10$MsQZkvVtu61e6wxkDem5x.BlyNHx3.TdFPirHo7SIsUJ35hRfohz6', 'txgIBEqvhsr9qJ2iWZgOm2uFP', 'BAqDGl3AbpKqiFM51PyDMWMtHs0IM5bKdVOUNgyWp94KiDNlZ2HPWYPMqMb0', '2019-05-11 14:03:50', '2019-05-11 14:03:50'),
(316, 18300, 'Ashok Kumar', 'akkumar0069@gmail.com', '$2y$10$MsQZkvVtu61e6wxkDem5x.BlyNHx3.TdFPirHo7SIsUJ35hRfohz6', 'wJREwMCQkCmRpR4D0LnRjxt2a', 'A2Mn0uEDuvdjahcF1RBUjtBX7uN8TegNwrYkgT7hPPsm5iTrlLtzh9mpCo4y', '2019-05-11 14:04:18', '2019-05-11 14:04:18'),
(317, 18583, 'Shravan Kumar Veloori', 'vshravankumar777@gmail.com', '$2y$10$MsQZkvVtu61e6wxkDem5x.BlyNHx3.TdFPirHo7SIsUJ35hRfohz6', 'IcAre530JyFV1n6SrOEVQiQ7W', NULL, '2019-05-11 14:05:31', '2019-05-11 14:05:31'),
(318, 18786, 'Sushant Kumar', 'sushantthakurmuz1234@gmail.com', '$2y$10$MsQZkvVtu61e6wxkDem5x.BlyNHx3.TdFPirHo7SIsUJ35hRfohz6', 'qcIwYXJJA3YKiX3uvJGXKB7uB', NULL, '2019-05-11 14:08:10', '2019-05-11 14:08:10'),
(319, 18210, 'Subham Jena', 'subhamjena12@gmail.com', '$2y$10$MsQZkvVtu61e6wxkDem5x.BlyNHx3.TdFPirHo7SIsUJ35hRfohz6', 'WpNDLAWPICaay5B30YcZYHes0', NULL, '2019-05-11 14:09:00', '2019-05-11 14:09:00'),
(320, 18581, 'Ankit Singh', 'ankits323123@gmail.com', '$2y$10$MsQZkvVtu61e6wxkDem5x.BlyNHx3.TdFPirHo7SIsUJ35hRfohz6', 'BKJI6kGw2aYnfqjdrBeFJzagN', NULL, '2019-05-11 14:09:29', '2019-05-11 14:09:29'),
(321, 18202, 'S Suryanarayanan', 'surya91521@gmail.com', '$2y$10$MsQZkvVtu61e6wxkDem5x.BlyNHx3.TdFPirHo7SIsUJ35hRfohz6', 'GFX4vds4RA2WMD4fkQUiyALSE', NULL, '2019-05-11 14:10:30', '2019-05-11 14:10:30'),
(322, 18272, 'Shubham Raghav', 'shubham3raghav@gmail.com', '$2y$10$MsQZkvVtu61e6wxkDem5x.BlyNHx3.TdFPirHo7SIsUJ35hRfohz6', '4IpOn7ujHMF2MYX1rwtfHOuCX', 'xFvTZSX4dwhFn5KUageGAhXkHA8wG0YIgL9BmDRcQEKF8at4HD3FQoV10nZ7', '2019-05-11 14:10:36', '2019-05-11 14:10:36'),
(323, 18389, 'Gaurav Kumar Malik', 'gauravmalik561@gmail.com', '$2y$10$MsQZkvVtu61e6wxkDem5x.BlyNHx3.TdFPirHo7SIsUJ35hRfohz6', '22Dfigmdtk0aCoRwahyCWmrnW', 'oSZk4HUuUGGpTl2uUam0AQnDpbxvkJrEsOaSllq9drVbWxUpVQIDDjvSBEG3', '2019-05-11 14:11:53', '2019-05-11 14:11:53'),
(324, 18614, 'Vijay Pandey', 'vijaypandey2703@gmail.com', '$2y$10$MsQZkvVtu61e6wxkDem5x.BlyNHx3.TdFPirHo7SIsUJ35hRfohz6', 'rBLU0znxj7n3kBJefOw8mVDcv', 'tX9bZZSFBryVjf3hLvBPV0JE6PYynkV1sCP9KHuYAg4BGifPm68RZnA6ccM8', '2019-05-11 14:12:09', '2019-05-11 14:12:09'),
(325, 18130, 'Pawan Kumar Dixit', 'pawan585dixit@gmail.com', '$2y$10$MsQZkvVtu61e6wxkDem5x.BlyNHx3.TdFPirHo7SIsUJ35hRfohz6', 'DsfTYfxnUGoMpX0nqQdqEiP9K', '6E6ZDbN0Jsrht9gcdFPWJ8JhORSN665LDVy394dlVdHMFKyVHTV9aexfFT2T', '2019-05-11 14:12:26', '2019-05-11 14:12:26'),
(326, 18339, 'Karamvir Singh', 'ranvirsingh2101@gmail.com', '$2y$10$MsQZkvVtu61e6wxkDem5x.BlyNHx3.TdFPirHo7SIsUJ35hRfohz6', 'GTPzPmYLmVXQg7xHnQ8j1WWEm', 'GqxnHePayLdBeU4KZlo1WVPOjpDcx51rWUEAtST6TIATIZKNcvoC8BbwclyK', '2019-05-11 14:14:17', '2019-05-11 14:14:17'),
(327, 18687, 'Kapil Dev Sharma', 'kapil9057076239@gmail.com', '$2y$10$MsQZkvVtu61e6wxkDem5x.BlyNHx3.TdFPirHo7SIsUJ35hRfohz6', 'A2jPOyPxgMF1f67CIyoyvly2c', NULL, '2019-05-11 14:14:21', '2019-05-11 14:14:21'),
(328, 18229, 'Prantik Mahapatra', 'prantikmahapatrabest@gmail.com', '$2y$10$MsQZkvVtu61e6wxkDem5x.BlyNHx3.TdFPirHo7SIsUJ35hRfohz6', 'aXloUt4JsKWOt08Vcc7ITs4n7', '5K40TixMoWZ1Nnz0p3661lcKl2S1e6WAqYLoyBa0ipEOVISQj2AFWOfN97ek', '2019-05-11 14:14:44', '2019-05-11 14:14:44'),
(329, 18352, 'Roshan Rai', 'roshan22037@gmail.com', '$2y$10$MsQZkvVtu61e6wxkDem5x.BlyNHx3.TdFPirHo7SIsUJ35hRfohz6', '9AgZp0BuVg0bR9RnQzC4NYFmy', NULL, '2019-05-11 14:15:25', '2019-05-11 14:15:25'),
(330, 18414, 'Kedar Krishnarao Joshi', 'kedar.k.joshi10@gmail.com', '$2y$10$MsQZkvVtu61e6wxkDem5x.BlyNHx3.TdFPirHo7SIsUJ35hRfohz6', 'jnFs1vTDXTpLI43ZzIAE7FdbO', NULL, '2019-05-11 14:15:55', '2019-05-11 14:15:55'),
(331, 18378, 'Aman', 'aman01082000@gmail.com', '$2y$10$MsQZkvVtu61e6wxkDem5x.BlyNHx3.TdFPirHo7SIsUJ35hRfohz6', 'm5nrYKcuVWVMtTvjSdFBKdu6d', NULL, '2019-05-11 14:18:13', '2019-05-11 14:18:13'),
(332, 18331, 'Vamsi Krishna Shahukaru', 'svamsikrishna07012001@gmail.com', '$2y$10$MsQZkvVtu61e6wxkDem5x.BlyNHx3.TdFPirHo7SIsUJ35hRfohz6', 'O2qSsBKa4BULzSb8lzqLmiInI', 'Oyu7synlW7UVwgPuK0sN8g1wj8HcM3v5jLZTmNEoTXRFBOrpHwkpPqiL9Bvf', '2019-05-11 14:18:56', '2019-05-11 14:18:56'),
(333, 16652, 'Govind Kumar Mishra', 'govindkm.sv@gmail.com', '$2y$10$MsQZkvVtu61e6wxkDem5x.BlyNHx3.TdFPirHo7SIsUJ35hRfohz6', 'afM6xervFkmC0OgSOVb3nLFJS', 'LSJwrvcHieaBYDRLkH8sFXTf9ImHfEvg3dVi1nO5lYhXoxV5olJd2FDX5x4q', '2019-05-11 14:20:34', '2019-05-11 14:20:34'),
(334, 18406, 'Grandhi Abhisar', 'gabhisar@gmail.com', '$2y$10$MsQZkvVtu61e6wxkDem5x.BlyNHx3.TdFPirHo7SIsUJ35hRfohz6', 'YFmanSW1NNANct51ftGHT4X3B', NULL, '2019-05-11 14:23:29', '2019-05-11 14:23:29'),
(335, 18386, 'Ashish Kumar Garhwal', 'ashishkumargarhwal05@gmail.com', '$2y$10$MsQZkvVtu61e6wxkDem5x.BlyNHx3.TdFPirHo7SIsUJ35hRfohz6', 'oprj9zSq6xNu1C8mWIDF337Bs', NULL, '2019-05-11 14:25:22', '2019-05-11 14:25:22'),
(336, 18162, 'Pudi Siva Raj', 'sivarajpudi2000@gmail.com', '$2y$10$MsQZkvVtu61e6wxkDem5x.BlyNHx3.TdFPirHo7SIsUJ35hRfohz6', 'sxieFDpb1bmKubYw2ykXA21kg', NULL, '2019-05-11 14:26:26', '2019-05-11 14:26:26'),
(337, 18273, 'Krunal Ramesh Patil', 'patilkrunal1198@gmail.com', '$2y$10$MsQZkvVtu61e6wxkDem5x.BlyNHx3.TdFPirHo7SIsUJ35hRfohz6', 'zvNXMX0NydcRQx8Lh5lnixzNq', '2Q50pVoYbBZuj5aBkPoH7GmTCWTx1WMJDXgnIm0JaC3boRTItLQUjAO3XoQj', '2019-05-11 14:26:56', '2019-05-11 14:26:56'),
(338, 18072, 'Vijender', 'vijuc895@gmail.com', '$2y$10$MsQZkvVtu61e6wxkDem5x.BlyNHx3.TdFPirHo7SIsUJ35hRfohz6', 'FoLPBzzcjcVRUHjfwGSTBIciE', NULL, '2019-05-11 14:31:40', '2019-05-11 14:31:40'),
(339, 18718, 'Mohd Asif Farhan', 'akram.ameen222@gmail.com', '$2y$10$MsQZkvVtu61e6wxkDem5x.BlyNHx3.TdFPirHo7SIsUJ35hRfohz6', 'WySOK2C31yn4daPzkgZj87tAg', NULL, '2019-05-11 14:31:45', '2019-05-11 14:31:45'),
(340, 18228, 'Mujammil Khan', 'mujammilkhan321@gmail.com', '$2y$10$MsQZkvVtu61e6wxkDem5x.BlyNHx3.TdFPirHo7SIsUJ35hRfohz6', 'usg8tKgTQWUZiPkjUKmbJZcgS', 'i2BtlJ0zuahpJovON3ELVXprLqGUT7WMfNypHOz5ctPUZkG6ZLsL3IXQ7z2v', '2019-05-11 14:31:48', '2019-05-11 14:31:48'),
(341, 18152, 'Anil Kumar', 'anilkumar12012016@gmail.com', '$2y$10$MsQZkvVtu61e6wxkDem5x.BlyNHx3.TdFPirHo7SIsUJ35hRfohz6', 'pS9AUO3baSUPjKtjbq2VA9ME2', NULL, '2019-05-11 14:35:31', '2019-05-11 14:35:31'),
(342, 18452, 'Deepak Kumar', 'monu11081999@gmail.com', '$2y$10$MsQZkvVtu61e6wxkDem5x.BlyNHx3.TdFPirHo7SIsUJ35hRfohz6', 'KumkKJFZwWDl9Ddp9msDdDSFo', NULL, '2019-05-11 14:36:24', '2019-05-11 14:36:24'),
(343, 18535, 'Khushwant Singh', 'khushwantsingh257@gmail.com', '$2y$10$MsQZkvVtu61e6wxkDem5x.BlyNHx3.TdFPirHo7SIsUJ35hRfohz6', 'klTjkZlh7xsP8x33cjFeVpumA', NULL, '2019-05-11 14:36:53', '2019-05-11 14:36:53'),
(344, 18182, 'Shardul Palhania', 'shardulpalhania@gmail.com', '$2y$10$MsQZkvVtu61e6wxkDem5x.BlyNHx3.TdFPirHo7SIsUJ35hRfohz6', '0HFNpJOvfFo4gm2NVXrxaR6fR', 'rDcGoQBXxImzvGA1yloPBmyH3wTeaOpbN3fPf231O1XqUuJ8tzQOEMdBaVRS', '2019-05-11 14:37:48', '2019-05-11 14:37:48'),
(345, 18064, 'Vanshraj Seth', 'sethvanshraj@yahoo.in', '$2y$10$MsQZkvVtu61e6wxkDem5x.BlyNHx3.TdFPirHo7SIsUJ35hRfohz6', 's9nHauPLrB633wCDxm3iuQftT', NULL, '2019-05-11 14:39:54', '2019-05-11 14:39:54'),
(346, 18509, 'Additya Anand', 'additya2507@gmail.com', '$2y$10$MsQZkvVtu61e6wxkDem5x.BlyNHx3.TdFPirHo7SIsUJ35hRfohz6', 'gknLiQT7y4BKQTzTDYul9y0Uk', NULL, '2019-05-11 14:42:23', '2019-05-11 14:42:23'),
(347, 18143, 'Zaid Khan', 'zaidkhanxdxd@gmail.com', '$2y$10$MsQZkvVtu61e6wxkDem5x.BlyNHx3.TdFPirHo7SIsUJ35hRfohz6', 'wtQfFhPyv9eR4nhGdsp0YrCbK', 'bQcAbZl5GrghE8IV7SlSc6WTbatUt1Y0yz6JcJy5vBexonJolkXz66TrVs75', '2019-05-11 14:44:56', '2019-05-11 14:44:56'),
(348, 18363, 'Deepak Kumar', 'sk1561975@gmail.com', '$2y$10$MsQZkvVtu61e6wxkDem5x.BlyNHx3.TdFPirHo7SIsUJ35hRfohz6', 'arjlelhN9odyZcocZ0UKrhdNx', 'JYXS3vQW6imsDPhZ7zcUdJNWZvpEIEwbCGva9sFXIPP9DdHTD8eYHCze5ZG8', '2019-05-11 14:47:51', '2019-05-11 14:47:51'),
(349, 18772, 'Pranjal Singh', 'pranjal.1999.singh@gmail.com', '$2y$10$MsQZkvVtu61e6wxkDem5x.BlyNHx3.TdFPirHo7SIsUJ35hRfohz6', 'SQkwCIQ5Ogs3jnUOWSFjm2ish', 'IySXIem2C5p00iW1t2zIqxVAnuvWgiv4G09djoly8zjKb51ZDN1TMgYoc2o6', '2019-05-11 14:49:20', '2019-05-11 14:49:20'),
(350, 18232, 'Siddharth Singh', 'siddharthsiddhu899@gmail.com', '$2y$10$MsQZkvVtu61e6wxkDem5x.BlyNHx3.TdFPirHo7SIsUJ35hRfohz6', 'mX0wGUvS93tX9ZxpCKYaE2FbL', NULL, '2019-05-11 14:50:18', '2019-05-11 14:50:18'),
(351, 18471, 'Supriya Negi', 'supriya.negi.5@gmail.com', '$2y$10$MsQZkvVtu61e6wxkDem5x.BlyNHx3.TdFPirHo7SIsUJ35hRfohz6', '4jxMHx9pBwP1mtjpe8dYhVPQx', NULL, '2019-05-11 14:54:02', '2019-05-11 14:54:02'),
(352, 18288, 'Kapil Daulat', 'kapilchaudharykapil74@gmail.com', '$2y$10$MsQZkvVtu61e6wxkDem5x.BlyNHx3.TdFPirHo7SIsUJ35hRfohz6', 'ZHTdoMujQOa2CepP7svaVaGjp', NULL, '2019-05-11 14:57:22', '2019-05-11 14:57:22'),
(353, 18183, 'Diwaker Singh', 'devthegreat711@gmail.com', '$2y$10$MsQZkvVtu61e6wxkDem5x.BlyNHx3.TdFPirHo7SIsUJ35hRfohz6', 'zXdEMdUYsV1zMNuu9TJG506Cc', 'xfsNqjKSmBJDZDX4ZxO2vOt1HynjLCiSzO0dKMyqIuQk0oYOKMNmDn0S6MAt', '2019-05-11 15:03:28', '2019-05-11 15:03:28'),
(354, 18312, 'Shaik Aftab', 'shaikaftab0921@gmail.com', '$2y$10$MsQZkvVtu61e6wxkDem5x.BlyNHx3.TdFPirHo7SIsUJ35hRfohz6', 'GjLRgGEhiuLArsHZAa6d70fqO', NULL, '2019-05-11 15:15:17', '2019-05-11 15:15:17'),
(355, 18234, 'Yash Chaudhary', 'yashflorida@gmail.com', '$2y$10$MsQZkvVtu61e6wxkDem5x.BlyNHx3.TdFPirHo7SIsUJ35hRfohz6', 'jBc3makpAxy7ApeBW3JssvtCl', '4UDVZUUfYYXrHC3iWeXn8VsCvfzL70h5WAgHJXlGrYaL1R2ooHsGiErXaD38', '2019-05-11 15:16:16', '2019-05-11 15:16:16'),
(356, 18580, 'Sangam Poonia', 'sangampoonia55@gmail.com', '$2y$10$MsQZkvVtu61e6wxkDem5x.BlyNHx3.TdFPirHo7SIsUJ35hRfohz6', 'jIf8o2rehwyitHhPQLvLgANdS', 'FtJ6DLJ401SB4keTvR5ETz0nKDoMumvMiaR8EQ0QwBsu5oKP1ZgAJ8UKcoTL', '2019-05-11 15:23:19', '2019-05-11 15:23:19'),
(357, 18540, 'Shuvam Kumar', 'shuvamk564@gmail.com', '$2y$10$MsQZkvVtu61e6wxkDem5x.BlyNHx3.TdFPirHo7SIsUJ35hRfohz6', 'n8e1V5AkfatQodITvDb5FUQzD', 'OPIr5bnAW80Zid0B6xFBB6TLF0wiEJqnHl6vS8E5LnWTfrPeOiMCXfaLFqOw', '2019-05-11 15:29:27', '2019-05-11 15:29:27'),
(358, 18443, 'HARSH CHAUHAN', 'tumhekyobatao@gmail.com', '$2y$10$MsQZkvVtu61e6wxkDem5x.BlyNHx3.TdFPirHo7SIsUJ35hRfohz6', 'DT4Y94t93odaYbtmzJ8mblHPV', NULL, '2019-05-11 15:30:41', '2019-05-11 15:30:41'),
(359, 18365, 'P L V Sai Pawan Kumar', 'plvsaipawankumar@gmail.com', '$2y$10$MsQZkvVtu61e6wxkDem5x.BlyNHx3.TdFPirHo7SIsUJ35hRfohz6', 'NpkDRWK6ad4geQYXWryTraL98', NULL, '2019-05-11 15:33:06', '2019-05-11 15:33:06'),
(360, 18538, 'Rohan Dalal', 'rohandalal14101998@gmail.com', '$2y$10$MsQZkvVtu61e6wxkDem5x.BlyNHx3.TdFPirHo7SIsUJ35hRfohz6', '6NxknUqhJ4Lbpp4eC9WJmTcAL', 'ofNygEMD9RTo7N10GDtnlOX7HttvrhEJeLYnDxkFlS1tDIaJpyfByeY7UZSj', '2019-05-11 15:34:56', '2019-05-11 15:34:56'),
(361, 18958, 'SACHIN DOGRA', 'digra.sachinsd@gmail.com', '$2y$10$MsQZkvVtu61e6wxkDem5x.BlyNHx3.TdFPirHo7SIsUJ35hRfohz6', 'x3q3WFpX0LoglSuxhln1ZYWzW', NULL, '2019-05-11 15:36:09', '2019-05-11 15:36:09'),
(362, 18362, 'Saurabh Hitendra Marathe', 'saurabhmarathe007@gmail.com', '$2y$10$MsQZkvVtu61e6wxkDem5x.BlyNHx3.TdFPirHo7SIsUJ35hRfohz6', 'Dwk99BUQPYfXbUBnsdrAOh6ZU', NULL, '2019-05-11 15:43:18', '2019-05-11 15:43:18'),
(363, 18625, 'Rahul', 'rah991999@gmail.com', '$2y$10$MsQZkvVtu61e6wxkDem5x.BlyNHx3.TdFPirHo7SIsUJ35hRfohz6', 'FJCsRV6285ruus99IJOphABBY', NULL, '2019-05-11 15:43:29', '2019-05-11 15:43:29'),
(364, 18605, 'Rudra Pratap Singh', 'rudra4365@gmail.com', '$2y$10$MsQZkvVtu61e6wxkDem5x.BlyNHx3.TdFPirHo7SIsUJ35hRfohz6', 'RuaCnqck2ohNY5bLRaImXDJdN', '51xDAJcNbUCQ2tlN0VHODJWG4WWzygNkTGdD4xXsPSYSap2FjabCkqwfrLTU', '2019-05-11 15:56:53', '2019-05-11 15:56:53'),
(365, 18326, 'Akshit Mamgain', 'mamgain.mohan5@gmail.com', '$2y$10$MsQZkvVtu61e6wxkDem5x.BlyNHx3.TdFPirHo7SIsUJ35hRfohz6', 'rT2iUQrb1E4ZG4sS0MZwkJhUn', NULL, '2019-05-11 15:59:12', '2019-05-11 15:59:12'),
(366, 18087, 'Aman Semwal', 'amansemwal9872@gmail.com', '$2y$10$MsQZkvVtu61e6wxkDem5x.BlyNHx3.TdFPirHo7SIsUJ35hRfohz6', 'F6cAucX9jTv7pR7dfkr2hFbqt', NULL, '2019-05-11 16:05:28', '2019-05-11 16:05:28'),
(367, 18158, 'Abhishek Kumar', 'abhishek901k@gmail.com', '$2y$10$MsQZkvVtu61e6wxkDem5x.BlyNHx3.TdFPirHo7SIsUJ35hRfohz6', 'iVh7ojNx37w7QHpvirmhJV2FZ', 'Gng8n8j9A6EDA0FMzWaozC9h1cDuvMu4o7d97b214PO6G9RZqJ19vZOYhXr9', '2019-05-11 16:06:05', '2019-05-11 16:06:05'),
(368, 18644, 'Surya Prakash', 'raghuveergurjar1007@gmail.com', '$2y$10$MsQZkvVtu61e6wxkDem5x.BlyNHx3.TdFPirHo7SIsUJ35hRfohz6', 'FOYC5cEZafJL1uaWE6nw5Ovtv', NULL, '2019-05-11 16:16:47', '2019-05-11 16:16:47'),
(369, 18449, 'Ashish Singh', 'ashishsingh020300@gmail.com', '$2y$10$MsQZkvVtu61e6wxkDem5x.BlyNHx3.TdFPirHo7SIsUJ35hRfohz6', 'DyvVLDcUHKiHVM5O8OPIk4AxO', NULL, '2019-05-11 16:17:11', '2019-05-11 16:17:11'),
(370, 18171, 'Pranay Pandurang Gaikwad', 'pranaygaikwad1820@gmail.com', '$2y$10$MsQZkvVtu61e6wxkDem5x.BlyNHx3.TdFPirHo7SIsUJ35hRfohz6', 'SKOE8Fw9hXzY4gFJu7fmPs53f', 'k3FUXt9DRsTWyFmLxKgYvOshhBQzbckcOEvI0wKaZul6QBEFxUixWCYpPPls', '2019-05-11 16:17:57', '2019-05-11 16:17:57'),
(371, 18678, 'Sunny Bhandari', 'sunnybhandari20167@gmail.com', '$2y$10$MsQZkvVtu61e6wxkDem5x.BlyNHx3.TdFPirHo7SIsUJ35hRfohz6', 'YC7soonqttTZNG6Oea0Dv3rD1', 'sNhkbi5W1ohWTd98QjKNcmJS5M0VtMbn2CfHORAsGIph0lxkJKqcW5j96pBE', '2019-05-11 16:20:15', '2019-05-11 16:20:15'),
(372, 18209, 'Rohit Godara', 'rohitgodara777@gmail.com', '$2y$10$MsQZkvVtu61e6wxkDem5x.BlyNHx3.TdFPirHo7SIsUJ35hRfohz6', 'fydtZzP7R9E8cScLs623RAzAV', NULL, '2019-05-11 16:32:41', '2019-05-11 16:32:41'),
(373, 18325, 'Amandeep Rawat', 'rawatshubham464@gmail.com', '$2y$10$MsQZkvVtu61e6wxkDem5x.BlyNHx3.TdFPirHo7SIsUJ35hRfohz6', 'lnxT1rdK9Y0oPW2aMcYCR7Ivc', NULL, '2019-05-11 16:35:09', '2019-05-11 16:35:09'),
(374, 18647, 'Rajdip Akhuli', 'rajdipakhuli1999@gmail.com', '$2y$10$MsQZkvVtu61e6wxkDem5x.BlyNHx3.TdFPirHo7SIsUJ35hRfohz6', 'z5pry7vTrjsHXff3AxLYhguQR', 'ZcX4v1eDGbaXxqzSBrBKvc7nK4R8DFwR4sOJGKwws8IN1e52VgFKHkh31zBt', '2019-05-11 16:38:29', '2019-05-11 16:38:29'),
(375, 18799, 'Kashi Nath Singh', 'knsingh2016@gmail.com', '$2y$10$MsQZkvVtu61e6wxkDem5x.BlyNHx3.TdFPirHo7SIsUJ35hRfohz6', '3Er8w2TCqvKVaq9iruGMyA67j', NULL, '2019-05-11 16:44:28', '2019-05-11 16:44:28'),
(376, 18719, 'Raj Shekhar Singh', 'rajshekharsingh09@gmail.com', '$2y$10$MsQZkvVtu61e6wxkDem5x.BlyNHx3.TdFPirHo7SIsUJ35hRfohz6', 'xaQaGzquNDbhoYbF75OoZOTVf', NULL, '2019-05-11 16:45:15', '2019-05-11 16:45:15'),
(377, 18323, 'Akshay Singh Rawat', 'dsrawat2709@yahoo.com', '$2y$10$MsQZkvVtu61e6wxkDem5x.BlyNHx3.TdFPirHo7SIsUJ35hRfohz6', 'WgFpXpkCDq4crclMoVLrebbvQ', NULL, '2019-05-11 16:45:41', '2019-05-11 16:45:41'),
(378, 18047, 'Shreya Dubey', 'shreyadubey1802@gmail.com', '$2y$10$MsQZkvVtu61e6wxkDem5x.BlyNHx3.TdFPirHo7SIsUJ35hRfohz6', 'Of5CPmJn4rxb0W7LAf7NZ3w14', NULL, '2019-05-11 16:50:48', '2019-05-11 16:50:48'),
(379, 18050, 'Vivek Kumar Mishra', 'vm388388@gmail.com', '$2y$10$MsQZkvVtu61e6wxkDem5x.BlyNHx3.TdFPirHo7SIsUJ35hRfohz6', 'c997D5qyCA3iq0EjHOAsbX9Qz', 'wWBXzzCWja1bgSXmCw71KyhFZZ2HN7GWeFoJJuS9c87pBMW1QkLhVostq8jA', '2019-05-11 16:52:56', '2019-05-11 16:52:56'),
(380, 18660, 'Aditya Alok', 'maheshwarprasadlal25@gmail.com', '$2y$10$MsQZkvVtu61e6wxkDem5x.BlyNHx3.TdFPirHo7SIsUJ35hRfohz6', '2NhYnULsCzyg2JYdW8DSa9NaS', 'A7dfcTh9rSLxeFhp2N9wuAgcRqeFAaCF4Bwk30puouAuYjogviqX1kP9qANJ', '2019-05-11 16:54:46', '2019-05-11 16:54:46'),
(381, 18607, 'Kanchu Tarun', 'tarunmessi1993@gmail.com', '$2y$10$MsQZkvVtu61e6wxkDem5x.BlyNHx3.TdFPirHo7SIsUJ35hRfohz6', 'zICGUsZHvIwjnONgVl3TN4CEv', 'dIorxKppWYrddXR3TJcd6WHu0y6aDgU4HeAuThHDancGAIFP65eG23QrEtbt', '2019-05-11 16:55:08', '2019-05-11 16:55:08'),
(382, 18615, 'Vivek Singh', 'vivekzs440@gmail.com', '$2y$10$MsQZkvVtu61e6wxkDem5x.BlyNHx3.TdFPirHo7SIsUJ35hRfohz6', '5GfVqR3WFPrzcMqPjOlmhfq5i', NULL, '2019-05-11 17:02:41', '2019-05-11 17:02:41'),
(383, 18682, 'Nikhil Tiwari', 'tiwainikhil1409@gmail.com', '$2y$10$MsQZkvVtu61e6wxkDem5x.BlyNHx3.TdFPirHo7SIsUJ35hRfohz6', 'vNU6t8291owQhMYME3zsNqkUp', NULL, '2019-05-11 17:03:05', '2019-05-11 17:03:05'),
(384, 18547, 'Sahil Sharma', 'sahilsharmajarvis@gmail.com', '$2y$10$MsQZkvVtu61e6wxkDem5x.BlyNHx3.TdFPirHo7SIsUJ35hRfohz6', 'vfdBWroob50nFtFd1HTwn7nAr', NULL, '2019-05-11 17:17:53', '2019-05-11 17:17:53'),
(385, 18690, 'Bhagat Singh Bisht', 'skhim672@gmail.com', '$2y$10$MsQZkvVtu61e6wxkDem5x.BlyNHx3.TdFPirHo7SIsUJ35hRfohz6', 'Oui0U7Pz1LSldDbZrS8vvdx4G', NULL, '2019-05-11 17:19:03', '2019-05-11 17:19:03'),
(386, 18462, 'R Sankalp Shukla', 'sankalpshukla966@gmail.com', '$2y$10$MsQZkvVtu61e6wxkDem5x.BlyNHx3.TdFPirHo7SIsUJ35hRfohz6', 'WSrRIr70Igak9DWJQe12rmzat', NULL, '2019-05-11 17:19:12', '2019-05-11 17:19:12');
INSERT INTO `users` (`id`, `regno`, `name`, `email`, `password`, `token`, `remember_token`, `created_at`, `updated_at`) VALUES
(387, 18598, 'Saurav Singh', 'ssaurav1772000@gmail.com', '$2y$10$MsQZkvVtu61e6wxkDem5x.BlyNHx3.TdFPirHo7SIsUJ35hRfohz6', 'YoYSERHdPHhdtrh9bPhJBSWlI', NULL, '2019-05-11 17:20:29', '2019-05-11 17:20:29'),
(388, 18954, 'SHIVA CHARAK', 'shivacharak7299@gmail.com', '$2y$10$MsQZkvVtu61e6wxkDem5x.BlyNHx3.TdFPirHo7SIsUJ35hRfohz6', 'RdVKk3I2Coso3e9gThXYNL9JF', NULL, '2019-05-11 17:34:55', '2019-05-11 17:34:55'),
(389, 18468, 'S Hussain Ali', 'hussainali2850@gmail.com', '$2y$10$MsQZkvVtu61e6wxkDem5x.BlyNHx3.TdFPirHo7SIsUJ35hRfohz6', 'y8mx0EjcQSgp47RHkYwgF7v3E', NULL, '2019-05-11 17:38:57', '2019-05-11 17:38:57'),
(390, 18204, 'Sumit Singh', 'sumitsingh78630@gmail.com', '$2y$10$MsQZkvVtu61e6wxkDem5x.BlyNHx3.TdFPirHo7SIsUJ35hRfohz6', 'S0HyangagbTlupXt7SXzFGGw9', NULL, '2019-05-11 17:41:10', '2019-05-11 17:41:10'),
(391, 18431, 'Robin Acharya', 'robinacharya9@gmail.com', '$2y$10$MsQZkvVtu61e6wxkDem5x.BlyNHx3.TdFPirHo7SIsUJ35hRfohz6', 'VBFduU8evzbttZkagIURjaxuJ', NULL, '2019-05-11 17:45:14', '2019-05-11 17:45:14'),
(392, 18145, 'Suraj Singh Kanyal', 'surajkanyal2412@gmail.com', '$2y$10$MsQZkvVtu61e6wxkDem5x.BlyNHx3.TdFPirHo7SIsUJ35hRfohz6', 'TQ1ocTfJVDTahiCMS5HTIZIPq', NULL, '2019-05-11 17:46:14', '2019-05-11 17:46:14'),
(393, 18464, 'Abhilash Kumar Trivedi', 'abhilashtrivedi99@gmail.com', '$2y$10$MsQZkvVtu61e6wxkDem5x.BlyNHx3.TdFPirHo7SIsUJ35hRfohz6', 'q6jZqVAPRgoNnzw7VywOJHMAg', NULL, '2019-05-11 17:48:13', '2019-05-11 17:48:13'),
(394, 18322, 'Meghaj Singh', 'meghajsingh13@gmail.com', '$2y$10$MsQZkvVtu61e6wxkDem5x.BlyNHx3.TdFPirHo7SIsUJ35hRfohz6', 'OvKCD39wJZhDPugV0o4anpx8C', NULL, '2019-05-11 17:48:32', '2019-05-11 17:48:32'),
(395, 18208, 'Manish Kumar', 'manishnain222@gmail.com', '$2y$10$MsQZkvVtu61e6wxkDem5x.BlyNHx3.TdFPirHo7SIsUJ35hRfohz6', 'QtPN4to1ppKfqiZWSLyuxitCR', NULL, '2019-05-11 17:49:31', '2019-05-11 17:49:31'),
(396, 18307, 'Akshay Sharma', 'akshaysharma30121999@gmail.com', '$2y$10$MsQZkvVtu61e6wxkDem5x.BlyNHx3.TdFPirHo7SIsUJ35hRfohz6', 'JWEQQhFdUjtxqcICWpweqaJkB', NULL, '2019-05-11 17:50:04', '2019-05-11 17:50:04'),
(397, 18568, 'Devansh Rai', 'theyvanshrai01@gmail.com', '$2y$10$MsQZkvVtu61e6wxkDem5x.BlyNHx3.TdFPirHo7SIsUJ35hRfohz6', 'eIlyrk9oTLqkdvKOSeSWhLe0B', '6HD35oZ2ZKGZpWKOjBbeU1d1R5rWq17EQx5rDn1IxvLJk4hzy55aP7jCFkZq', '2019-05-11 17:51:37', '2019-05-11 17:51:37'),
(398, 18526, 'Prabhat Gurung', 'prabhatgurung8954@gmail.com', '$2y$10$MsQZkvVtu61e6wxkDem5x.BlyNHx3.TdFPirHo7SIsUJ35hRfohz6', 'Kbsqesuadi14atlk4H2nNHEFH', 'SnrOY6di5qyOmMfirITdUnAwrZ6HEl0oe11msRUJdOwVZHaw6kVGgXVLeeEy', '2019-05-11 17:52:39', '2019-05-11 17:52:39'),
(399, 18149, 'Anmol Majhi', '237anmol@gmail.com', '$2y$10$MsQZkvVtu61e6wxkDem5x.BlyNHx3.TdFPirHo7SIsUJ35hRfohz6', 'Nylh3GEH5wp4zvOfFxL0A93U3', NULL, '2019-05-11 18:14:15', '2019-05-11 18:14:15'),
(400, 18661, 'Manoj Singh', 'balwantdanu76@gmail.com', '$2y$10$MsQZkvVtu61e6wxkDem5x.BlyNHx3.TdFPirHo7SIsUJ35hRfohz6', 'KFt6ueb2OKg5kagEmDkDCWXiN', NULL, '2019-05-11 18:15:13', '2019-05-11 18:15:13'),
(401, 18387, 'Ajay Bohra', 'bohraajay123@gmail.com', '$2y$10$MsQZkvVtu61e6wxkDem5x.BlyNHx3.TdFPirHo7SIsUJ35hRfohz6', 'bDJPNiCOldKncc19LjeejL32R', NULL, '2019-05-11 18:17:26', '2019-05-11 18:17:26'),
(402, 18375, 'Karan Yadav', 'krykaran29@gmail.com', '$2y$10$MsQZkvVtu61e6wxkDem5x.BlyNHx3.TdFPirHo7SIsUJ35hRfohz6', 'QFArvo9AYyRcP8CBGQkzUaDJ4', 'iBHvY1UtDVg53sFG2kF1WOp3sjr18gQuzmQ0B3RmBPGytNxBVgqQjNQo1Al3', '2019-05-11 18:19:29', '2019-05-11 18:19:29'),
(403, 18151, 'SWAPNIL PANDEY', 'praveenp8870@gmail.com', '$2y$10$MsQZkvVtu61e6wxkDem5x.BlyNHx3.TdFPirHo7SIsUJ35hRfohz6', 'D6eHE7TE6r0lwXwXfqlWzSSMx', NULL, '2019-05-11 18:19:44', '2019-05-11 18:19:44'),
(404, 18596, 'Yaman Deep Singh', 'ydsingh123@gmail.com', '$2y$10$MsQZkvVtu61e6wxkDem5x.BlyNHx3.TdFPirHo7SIsUJ35hRfohz6', '8MER06HNNxkcTCO2ZGBwfZ20q', 'myuZHmf9WQtaKzCdAy1Zk1y9AC4JjzcWpndnyfdwh2J4HxPGD0kYkMdSgGK4', '2019-05-11 18:22:26', '2019-05-11 18:22:26'),
(405, 18490, 'Rahul Yadav', 'ry48ra@gmail.com', '$2y$10$MsQZkvVtu61e6wxkDem5x.BlyNHx3.TdFPirHo7SIsUJ35hRfohz6', 'SGvpi7pQNNZUygb3jVGtxlbiF', 'gjw1DsxBzmW1Sm4qz8ji11LQfmFSZFHt4H6q2OhbE0D3ESzZV4M3iNujC24N', '2019-05-11 18:22:30', '2019-05-11 18:22:30'),
(406, 18704, 'Guduru Sai Kumar Reddy', 'saikumarreddy0030@gmail.com', '$2y$10$MsQZkvVtu61e6wxkDem5x.BlyNHx3.TdFPirHo7SIsUJ35hRfohz6', 'q1ZzbH0mLciGEySuNlCseAd9R', 'EWLTPHiAnr6LGuA4fTaGRSqB3jSP2KdkGq9eIfP2nKTAzYKNg8GJ9YVfJ2Wj', '2019-05-11 18:23:40', '2019-05-11 18:23:40'),
(407, 18278, 'Ayush Kumar Tiwari', 'yoakt2000@gmail.com', '$2y$10$MsQZkvVtu61e6wxkDem5x.BlyNHx3.TdFPirHo7SIsUJ35hRfohz6', 'YN1UwSLPA65HLSiFQmHyubHX4', 'jQlZ07Dn17ikgh6OeQi6tVS7B8NQRFtdUM9xs00P6Zh0U8QqGdM07cL0WD9i', '2019-05-11 18:24:54', '2019-05-11 18:24:54'),
(408, 18792, 'CINDHER K P', 'cindherkp@gmail.com', '$2y$10$MsQZkvVtu61e6wxkDem5x.BlyNHx3.TdFPirHo7SIsUJ35hRfohz6', 'HGwmTrONkouWe05DAHrYL5Mn7', NULL, '2019-05-11 18:25:35', '2019-05-11 18:25:35'),
(409, 18260, 'Rustom Singh Yadav', 'rustom272000@gmail.com', '$2y$10$MsQZkvVtu61e6wxkDem5x.BlyNHx3.TdFPirHo7SIsUJ35hRfohz6', 'SUpUQLwy5rDiZ4NhxXDj1a6Io', NULL, '2019-05-11 18:27:05', '2019-05-11 18:27:05'),
(410, 18438, 'Kumar Saurav', 'sstark849@gmail.com', '$2y$10$MsQZkvVtu61e6wxkDem5x.BlyNHx3.TdFPirHo7SIsUJ35hRfohz6', 'wtPczRraWrcxovfLheBZaHwfv', 'qx0ueWXZVjrDab3eCgEdY0gIPv4hnsY9um1l3p1ksCyHgj67yGbl6jvnjmuG', '2019-05-11 18:27:13', '2019-05-11 18:27:13'),
(411, 18174, 'Ayush Negi', 'ayushnegi18769@gmail.com', '$2y$10$MsQZkvVtu61e6wxkDem5x.BlyNHx3.TdFPirHo7SIsUJ35hRfohz6', '9Qy1esXiBCQ5Hmb0tM72DgN5R', 'Lay7SeGQi8WcsweSl1wwRbIxLe5sS3AzKOSnu8Pox2G16F97UuWr8irDGtf6', '2019-05-11 18:27:54', '2019-05-11 18:27:54'),
(412, 18528, 'Harvinder Yadav', 'harvinderpreet1008@gmail.com', '$2y$10$MsQZkvVtu61e6wxkDem5x.BlyNHx3.TdFPirHo7SIsUJ35hRfohz6', 'cgCidplYe6MG5XWLrPljiBgIw', 'tVz26McraPi0wDI0d7fjxQQHXEZN0yHB6fsEQMvgF0jcWz1TklFuvKj6USHs', '2019-05-11 18:27:56', '2019-05-11 18:27:56'),
(413, 18748, 'Sparsh Gupta', 'dkgupta67@hotmail.com', '$2y$10$MsQZkvVtu61e6wxkDem5x.BlyNHx3.TdFPirHo7SIsUJ35hRfohz6', '7Rb0MVOS21S2YmCzDG7TjVCBu', NULL, '2019-05-11 18:34:32', '2019-05-11 18:34:32'),
(414, 18124, 'Rutvik N', 'rutviknmarvania@gmail.com', '$2y$10$MsQZkvVtu61e6wxkDem5x.BlyNHx3.TdFPirHo7SIsUJ35hRfohz6', 'AB7KNJnDDhZmNBJ2QTVfaOf4C', 'Lv4CJy1iJQZCoLhna5OEydjy75UjooG2ScKb1XE756QKAdJ1gmSCZQ4BOSzu', '2019-05-11 18:36:31', '2019-05-11 18:36:31'),
(415, 18304, 'Nitin Siradhana', 'nitinsiradhana4207@gmail.com', '$2y$10$MsQZkvVtu61e6wxkDem5x.BlyNHx3.TdFPirHo7SIsUJ35hRfohz6', 'Pf7ACzwAJCHaS0vPzg23pCcf6', NULL, '2019-05-11 18:40:11', '2019-05-11 18:40:11'),
(416, 18318, 'Arjun Singh', 'arjun9770288@gmail.com', '$2y$10$MsQZkvVtu61e6wxkDem5x.BlyNHx3.TdFPirHo7SIsUJ35hRfohz6', '3IhPazFIguxw07skAevUuKa91', NULL, '2019-05-11 18:40:47', '2019-05-11 18:40:47'),
(417, 18040, 'Vishwajit Singh', 'vishwajitsingh27051999@gmail.com', '$2y$10$MsQZkvVtu61e6wxkDem5x.BlyNHx3.TdFPirHo7SIsUJ35hRfohz6', 'Iq73XZ9yMbl67zgxe0Jp3nmQS', NULL, '2019-05-11 18:41:15', '2019-05-11 18:41:15'),
(418, 18028, 'Manish Kumar', 'mk718939880802@gmail.com', '$2y$10$MsQZkvVtu61e6wxkDem5x.BlyNHx3.TdFPirHo7SIsUJ35hRfohz6', '5o8WOP25qI4kdeBZFzuLJ7BIw', '8brmVSQK74C2efXh7oyC6bH8LrgbBDjeVQFk9r3chPUW8I143vEofr6CIINj', '2019-05-11 18:41:37', '2019-05-11 18:41:37'),
(419, 18118, 'Vijay Singh Tomar', 'vijaysinghtoma@gmail.com', '$2y$10$MsQZkvVtu61e6wxkDem5x.BlyNHx3.TdFPirHo7SIsUJ35hRfohz6', 'U4gI0eA93sdH53w0ABJzPEg1u', NULL, '2019-05-11 18:41:57', '2019-05-11 18:41:57'),
(420, 18271, 'Ayush Shukla', 'ayushsuklapbh945@gmail.com', '$2y$10$MsQZkvVtu61e6wxkDem5x.BlyNHx3.TdFPirHo7SIsUJ35hRfohz6', 'aPyWJbC92TdNQj0Wq1gSV35tJ', NULL, '2019-05-11 19:04:19', '2019-05-11 19:04:19'),
(421, 18593, 'Snehasish Pradhan', 'snehasishpradhan9@gmail.com', '$2y$10$MsQZkvVtu61e6wxkDem5x.BlyNHx3.TdFPirHo7SIsUJ35hRfohz6', 'DPGGErQlKvF4XK0G7Hyj1URqV', NULL, '2019-05-11 20:15:41', '2019-05-11 20:15:41'),
(422, 18251, 'P Deepak Raj', 'deepakrajj.28@gmail.com', '$2y$10$MsQZkvVtu61e6wxkDem5x.BlyNHx3.TdFPirHo7SIsUJ35hRfohz6', 'eMZLozVmEVIp84HITOF7Is1fa', NULL, '2019-05-11 20:21:44', '2019-05-11 20:21:44'),
(423, 18270, 'Pushpendra Kumar', 'pkc3766@gmail.com', '$2y$10$MsQZkvVtu61e6wxkDem5x.BlyNHx3.TdFPirHo7SIsUJ35hRfohz6', 'gBAhqFACPFQlMAyHGuvGt2h1F', NULL, '2019-05-11 21:13:30', '2019-05-11 21:13:30'),
(424, 18437, 'Vishvajeet Singh Chandrawat', 'vishvajeetsinghchandrawat@gmail.com', '$2y$10$MsQZkvVtu61e6wxkDem5x.BlyNHx3.TdFPirHo7SIsUJ35hRfohz6', 'TDol2r3BPVdX2QXbPHII9P0RE', '8JJMxZtVevT7koUY7chVyWYIfSGoubPo04G8DSXFL9ObHnNV7LGqnSAKYuRc', '2019-05-11 21:13:43', '2019-05-11 21:13:43'),
(425, 18400, 'Sandeep Kumar Panigrahi', 'sandeeppanigrahi53@gmail.com', '$2y$10$MsQZkvVtu61e6wxkDem5x.BlyNHx3.TdFPirHo7SIsUJ35hRfohz6', 'WfgbgDCSb0CyycqMAO5HOL8xC', NULL, '2019-05-11 21:32:19', '2019-05-11 21:32:19'),
(426, 18297, 'Amandeep Singh', 'amanrandhawa1999@gmail.com', '$2y$10$MsQZkvVtu61e6wxkDem5x.BlyNHx3.TdFPirHo7SIsUJ35hRfohz6', 'Jt16bRkgWDbt95N01AbYL2PI9', 'NKyUJ5PNuQxDlNY2qCGI0nHIAbj2lMnxTg8WnpP3gumIc2bJ4oaxFS5IuoUn', '2019-05-11 21:39:48', '2019-05-11 21:39:48'),
(427, 18559, 'Vineet Kumar Pandey', 'vineetkumarpandey0315@gmail.com', '$2y$10$MsQZkvVtu61e6wxkDem5x.BlyNHx3.TdFPirHo7SIsUJ35hRfohz6', '3E76ErqA3GRfq9iKRnoIHg65R', 'MQbqFYJDrKdhEsS9pw9J3SjgsxtVd8uIiiVu10FzXLGfKthLaz0kI3mF6X76', '2019-05-11 21:41:21', '2019-05-11 21:41:21'),
(428, 18132, 'Nikhil Bhatt', 'nikhilbhatt688@gmail.com', '$2y$10$MsQZkvVtu61e6wxkDem5x.BlyNHx3.TdFPirHo7SIsUJ35hRfohz6', 'fRMxtxIbE5cUKw4zE8eMqpLqD', 'qq5W6cuC6qTxpr4FNawBoXkFiXGgQ64LMB0suvbjj1pVBtF1YroYp1aP5IQ4', '2019-05-11 21:56:57', '2019-05-11 21:56:57'),
(429, 18723, 'Chetan Vijay Sirsikar', 'chetansirsikar05@gmail.com', '$2y$10$MsQZkvVtu61e6wxkDem5x.BlyNHx3.TdFPirHo7SIsUJ35hRfohz6', 'j2GqWrl1PC3vbWbnzddMj1Vcx', NULL, '2019-05-11 22:12:34', '2019-05-11 22:12:34'),
(430, 18347, 'Gaurav Singh Dhek', 'deepak10397@yahoo.in', '$2y$10$MsQZkvVtu61e6wxkDem5x.BlyNHx3.TdFPirHo7SIsUJ35hRfohz6', 'wn3ta21YU0IPKKGuWsEg6KV6K', NULL, '2019-05-11 22:27:40', '2019-05-11 22:27:40'),
(431, 18566, 'Ayush Mani Tripathi', 'ayushtripathi9794@gmail.com', '$2y$10$MsQZkvVtu61e6wxkDem5x.BlyNHx3.TdFPirHo7SIsUJ35hRfohz6', 'iGVuSIP8WIyiAjjEIkpTfoS2y', NULL, '2019-05-11 22:27:41', '2019-05-11 22:27:41'),
(432, 16482, 'Shivam Singh Tomar', 'shivamtomar0124@gmail.com', '$2y$10$MsQZkvVtu61e6wxkDem5x.BlyNHx3.TdFPirHo7SIsUJ35hRfohz6', 'MWImVbDI99VmDtZIZvQWu3RTw', 'lr5mKJJjPVqdC3JGZ1XaNdC8jUK9ymni1kAhJjQP9n7pbjQmt1NoK8aAn0rH', '2019-05-11 22:33:35', '2019-05-11 22:33:35'),
(433, 18472, 'Akash Dahiya', 'akashdahiya2009@gmail.com', '$2y$10$MsQZkvVtu61e6wxkDem5x.BlyNHx3.TdFPirHo7SIsUJ35hRfohz6', 'EuFpcbrEdFlTNgm48YNYCWb3y', 'uxZRc0LMYAB3frlJYaj5X9VHsxoB78m42LD6O9EsRYJMraT8jIyZMIfG5Ezd', '2019-05-11 22:37:48', '2019-05-11 22:37:48'),
(434, 18163, 'Yashvardhan Singh Negi', 'priyarnegi@gmail.com', '$2y$10$MsQZkvVtu61e6wxkDem5x.BlyNHx3.TdFPirHo7SIsUJ35hRfohz6', 'jCsYFPBgvfWdxjWXycCqf0wqB', NULL, '2019-05-11 22:40:41', '2019-05-11 22:40:41'),
(438, 16670, 'Raunak Pandey', 'pandeyraunak143@gmail.com', '$2y$10$gcjENHbeYi.kbJ10SUAPq.CDscSUcIgILm4jV1S/QUly9A99./QTG', 'Lubnyd5uNBXTg2pjx7ICbQF95', NULL, '2019-08-06 23:47:39', '2019-08-06 23:47:39'),
(439, 18628, 'Suraj Sudhakar Kekan', '21102000sskekan@gmail.com', '$2y$10$EFjg2EOdztTC92V5KP6F5O1Jw2HpBxbzkYrOaulbXJfXzaDJnjrGC', 'HzkkbJAfB7FKBF8mioUnWGh1r', 'KBoEu1J6n7ytbHagjBLTY9s4sCrYuWZ1NH5bnbV2WF44lZ5VPTKD8ViE4gen', '2019-08-11 22:25:04', '2019-08-11 22:25:04');

-- --------------------------------------------------------

--
-- Table structure for table `user_data`
--

CREATE TABLE `user_data` (
  `id` int(10) UNSIGNED NOT NULL,
  `regno` int(10) UNSIGNED NOT NULL,
  `name` varchar(191) COLLATE utf8mb4_unicode_ci NOT NULL,
  `year` int(11) DEFAULT NULL,
  `branch` int(11) DEFAULT NULL,
  `email` varchar(191) COLLATE utf8mb4_unicode_ci NOT NULL,
  `sex` varchar(191) COLLATE utf8mb4_unicode_ci NOT NULL,
  `created_at` timestamp NULL DEFAULT NULL,
  `updated_at` timestamp NULL DEFAULT NULL
) ENGINE=MyISAM DEFAULT CHARSET=utf8mb4 COLLATE=utf8mb4_unicode_ci;

--
-- Dumping data for table `user_data`
--

INSERT INTO `user_data` (`id`, `regno`, `name`, `year`, `branch`, `email`, `sex`, `created_at`, `updated_at`) VALUES
(922, 18448, 'Soudip Das', 1, 3, 'aparnadas1211981@gmail.com', 'MALE', '2019-05-10 19:18:29', '2019-05-10 19:18:29'),
(921, 18455, 'Shubham Anand', 1, 3, 'shubhamoscar953@gmail.com', 'MALE', '2019-05-10 19:18:29', '2019-05-10 19:18:29'),
(920, 18344, 'Shivam Kumar Rai', 1, 3, 'shivamrai9510@gmail.com', 'MALE', '2019-05-10 19:18:29', '2019-05-10 19:18:29'),
(919, 18374, 'Shikha Jha', 1, 3, 'jha.shikha@hotmail.com', 'FEMALE', '2019-05-10 19:18:29', '2019-05-10 19:18:29'),
(918, 18456, 'Saurav Chauhan', 1, 3, 'sauravitachi@gmail.com', 'MALE', '2019-05-10 19:18:28', '2019-05-10 19:18:28'),
(917, 18453, 'Saurabh Singh Chauhan', 1, 3, 'saurabhsinghchauhan1507@gmail.com', 'MALE', '2019-05-10 19:18:28', '2019-05-10 19:18:28'),
(916, 18362, 'Saurabh Hitendra Marathe', 1, 3, 'saurabhmarathe007@gmail.com', 'MALE', '2019-05-10 19:18:28', '2019-05-10 19:18:28'),
(915, 18393, 'Saurabh Rai', 1, 3, 'saurabh1998rai@gmail.com', 'MALE', '2019-05-10 19:18:28', '2019-05-10 19:18:28'),
(914, 18352, 'Roshan Rai', 1, 3, 'roshan22037@gmail.com', 'MALE', '2019-05-10 19:18:28', '2019-05-10 19:18:28'),
(913, 18444, 'Rohit Sangwan', 1, 3, 'sangwanrohit251@gmail.com', 'MALE', '2019-05-10 19:18:28', '2019-05-10 19:18:28'),
(912, 18431, 'Robin Acharya', 1, 3, 'robinacharya9@gmail.com', 'MALE', '2019-05-10 19:18:28', '2019-05-10 19:18:28'),
(911, 18440, 'Riya', 1, 3, 'aakasheoran@gmail.com', 'FEMALE', '2019-05-10 19:18:28', '2019-05-10 19:18:28'),
(910, 18462, 'R Sankalp Shukla', 1, 3, 'sankalpshukla966@gmail.com', 'MALE', '2019-05-10 19:18:28', '2019-05-10 19:18:28'),
(909, 18415, 'PUSHPA', 1, 3, 'pushpachoudhary5@gmail.com', 'FEMALE', '2019-05-10 19:18:28', '2019-05-10 19:18:28'),
(908, 18430, 'Prashant Kumar Sharma', 1, 3, '18pacific007@gmail.com', 'MALE', '2019-05-10 19:18:28', '2019-05-10 19:18:28'),
(907, 18229, 'Prantik Mahapatra', 1, 3, 'prantikmahapatrabest@gmail.com', 'MALE', '2019-05-10 19:18:28', '2019-05-10 19:18:28'),
(906, 18409, 'Payal', 1, 3, 'payalyadav209@gmail.com', 'FEMALE', '2019-05-10 19:18:28', '2019-05-10 19:18:28'),
(905, 18365, 'P L V Sai Pawan Kumar', 1, 3, 'plvsaipawankumar@gmail.com', 'MALE', '2019-05-10 19:18:28', '2019-05-10 19:18:28'),
(904, 18470, 'Nikhil Kumar', 1, 3, 'nikhilproject1@gmail.com', 'MALE', '2019-05-10 19:18:28', '2019-05-10 19:18:28'),
(903, 18466, 'Narendra Kumar Yadav', 1, 3, 'narendra.yadav789789@gmail.com', 'MALE', '2019-05-10 19:18:28', '2019-05-10 19:18:28'),
(902, 18422, 'Naincy Rathore', 1, 3, 'rathoreharshit847@gmail.com', 'FEMALE', '2019-05-10 19:18:28', '2019-05-10 19:18:28'),
(901, 18398, 'Nabhishek Singh', 1, 3, 'nabhishekmandouli@gmail.com', 'MALE', '2019-05-10 19:18:28', '2019-05-10 19:18:28'),
(900, 18340, 'Kunal Khanra', 1, 3, 'kunal8111999@gmail.com', 'MALE', '2019-05-10 19:18:28', '2019-05-10 19:18:28'),
(899, 18375, 'Karan Yadav', 1, 3, 'krykaran29@gmail.com', 'MALE', '2019-05-10 19:18:28', '2019-05-10 19:18:28'),
(898, 18339, 'Karamvir Singh', 1, 3, 'ranvirsingh2101@gmail.com', 'MALE', '2019-05-10 19:18:28', '2019-05-10 19:18:28'),
(897, 18366, 'jatin kumar', 1, 3, 'jatunloras@gmail.com', 'MALE', '2019-05-10 19:18:27', '2019-05-10 19:18:27'),
(896, 18443, 'HARSH CHAUHAN', 1, 3, 'tumhekyobatao@gmail.com', 'MALE', '2019-05-10 19:18:27', '2019-05-10 19:18:27'),
(895, 18406, 'Grandhi Abhisar', 1, 3, 'gabhisar@gmail.com', 'MALE', '2019-05-10 19:18:27', '2019-05-10 19:18:27'),
(894, 18347, 'Gaurav Singh Dhek', 1, 3, 'deepak10397@yahoo.in', 'MALE', '2019-05-10 19:18:27', '2019-05-10 19:18:27'),
(893, 18394, 'Gaurav Kumar Singh', 1, 3, 'kumarsinghgaurav54@gmail.com', 'MALE', '2019-05-10 19:18:27', '2019-05-10 19:18:27'),
(892, 18389, 'Gaurav Kumar Malik', 1, 3, 'gauravmalik561@gmail.com', 'MALE', '2019-05-10 19:18:27', '2019-05-10 19:18:27'),
(891, 18382, 'Ayush Adhikari', 1, 3, 'madan_suchita@rediffmail.com', 'MALE', '2019-05-10 19:18:27', '2019-05-10 19:18:27'),
(890, 18429, 'Atul Kumar Tiwari', 1, 3, 'tiwariarti2612@gmail.com', 'MALE', '2019-05-10 19:18:27', '2019-05-10 19:18:27'),
(889, 18425, 'ashish mishra', 1, 3, 'ashishkite88@gmail.com', 'MALE', '2019-05-10 19:18:27', '2019-05-10 19:18:27'),
(888, 18449, 'Ashish Singh', 1, 3, 'ashishsingh020300@gmail.com', 'MALE', '2019-05-10 19:18:27', '2019-05-10 19:18:27'),
(887, 18341, 'Arun', 1, 3, 'aruntoni07@gmail.com', 'MALE', '2019-05-10 19:18:27', '2019-05-10 19:18:27'),
(886, 18418, 'Arman', 1, 3, 'armaanjhajharia@gmail.com', 'MALE', '2019-05-10 19:18:27', '2019-05-10 19:18:27'),
(885, 18379, 'Anuj Kumar Bugalia', 1, 3, 'bugaliaanuj37@gmail.com', 'MALE', '2019-05-10 19:18:27', '2019-05-10 19:18:27'),
(884, 18396, 'Ankit Kumar', 1, 3, 'ankitkumar83346@gmail.com', 'MALE', '2019-05-10 19:18:27', '2019-05-10 19:18:27'),
(882, 18376, 'Aman Singh', 1, 3, 'aman1122singh.as@gmail.com', 'MALE', '2019-05-10 19:18:27', '2019-05-10 19:18:27'),
(883, 18447, 'Anand Kumar Pandey', 1, 3, 'anandthegreat8@gmail.com', 'MALE', '2019-05-10 19:18:27', '2019-05-10 19:18:27'),
(881, 18428, 'Aman Gupta', 1, 3, 'amangupta2242000@gmail.com', 'MALE', '2019-05-10 19:18:27', '2019-05-10 19:18:27'),
(880, 18378, 'Aman', 1, 3, 'aman01082000@gmail.com', 'MALE', '2019-05-10 19:18:27', '2019-05-10 19:18:27'),
(879, 18359, 'Alam Kathat', 1, 3, 'alamkathat213@gmail.com', 'MALE', '2019-05-10 19:18:27', '2019-05-10 19:18:27'),
(878, 18345, 'Akash Bhati', 1, 3, 'akash13091999@gmail.com', 'MALE', '2019-05-10 19:18:27', '2019-05-10 19:18:27'),
(877, 18387, 'Ajay Bohra', 1, 3, 'bohraajay123@gmail.com', 'MALE', '2019-05-10 19:18:27', '2019-05-10 19:18:27'),
(876, 18388, 'Abhinandan Singh', 1, 3, 'bhoopns16@gmail.com', 'MALE', '2019-05-10 19:18:27', '2019-05-10 19:18:27'),
(875, 18833, 'Chetan Bhal', 1, 4, 'chetanbhal731@gmail.com', 'MALE', '2019-05-10 19:18:27', '2019-05-10 19:18:27'),
(874, 18900, 'Vartika Poonia', 1, 4, 'vartikapoonia5547@gmail.com', 'FEMALE', '2019-05-10 19:18:27', '2019-05-10 19:18:27'),
(873, 18810, 'Asit Kumar Ray', 1, 4, 'asitkumarray83@gmail.com', 'MALE', '2019-05-10 19:18:27', '2019-05-10 19:18:27'),
(872, 18805, 'M Deepak Kumar', 1, 4, 'mdeepakkumar25@gmail.com', 'MALE', '2019-05-10 19:18:27', '2019-05-10 19:18:27'),
(871, 18727, 'Harshit Pandey', 1, 4, 'harshitpandey440@gmail.com', 'MALE', '2019-05-10 19:18:27', '2019-05-10 19:18:27'),
(870, 18806, 'Sachin Singh', 1, 4, 'sachin16june1992@gmail.com', 'MALE', '2019-05-10 19:18:27', '2019-05-10 19:18:27'),
(869, 18687, 'Kapil Dev Sharma', 1, 4, 'kapil9057076239@gmail.com', 'MALE', '2019-05-10 19:18:27', '2019-05-10 19:18:27'),
(868, 18785, 'Vivek Krishnan', 1, 4, 'krishnanvivek2799@gmail.com', 'MALE', '2019-05-10 19:18:27', '2019-05-10 19:18:27'),
(867, 18955, 'Tajinderpal singh', 1, 4, 'tajinderpalsingh26@gmail.com', 'MALE', '2019-05-10 19:18:27', '2019-05-10 19:18:27'),
(866, 18774, 'Vishal', 1, 4, 'vishalk.9685211988@gmail.com', 'MALE', '2019-05-10 19:18:27', '2019-05-10 19:18:27'),
(865, 18786, 'Sushant Kumar', 1, 4, 'sushantthakurmuz1234@gmail.com', 'MALE', '2019-05-10 19:18:27', '2019-05-10 19:18:27'),
(864, 18780, 'Arvind Singh Bohra', 1, 4, 'abohra09@gmail.com', 'MALE', '2019-05-10 19:18:27', '2019-05-10 19:18:27'),
(862, 18655, 'Mukesh Kumar Hudda', 1, 4, 'mukesh9549656372@gmail.com', 'MALE', '2019-05-10 19:18:27', '2019-05-10 19:18:27'),
(863, 18682, 'Nikhil Tiwari', 1, 4, 'tiwainikhil1409@gmail.com', 'MALE', '2019-05-10 19:18:27', '2019-05-10 19:18:27'),
(861, 18792, 'CINDHER K P', 1, 4, 'cindherkp@gmail.com', 'MALE', '2019-05-10 19:18:27', '2019-05-10 19:18:27'),
(860, 18799, 'Kashi Nath Singh', 1, 4, 'knsingh2016@gmail.com', 'MALE', '2019-05-10 19:18:27', '2019-05-10 19:18:27'),
(859, 18763, 'Amit Kumar Jha', 1, 4, 'amitranjanjha4552@gmail.com', 'MALE', '2019-05-10 19:18:26', '2019-05-10 19:18:26'),
(858, 18748, 'Sparsh Gupta', 1, 4, 'dkgupta67@hotmail.com', 'MALE', '2019-05-10 19:18:26', '2019-05-10 19:18:26'),
(857, 18954, 'SHIVA CHARAK', 1, 4, 'shivacharak7299@gmail.com', 'MALE', '2019-05-10 19:18:26', '2019-05-10 19:18:26'),
(856, 18723, 'Chetan Vijay Sirsikar', 1, 4, 'chetansirsikar05@gmail.com', 'MALE', '2019-05-10 19:18:26', '2019-05-10 19:18:26'),
(855, 18728, 'Hemant Singh', 1, 4, 'hsinghpandav88@gmail.com', 'MALE', '2019-05-10 19:18:26', '2019-05-10 19:18:26'),
(854, 18722, 'Anjali Sharma', 1, 4, 'anjalee0299@gmail.com', 'FEMALE', '2019-05-10 19:18:26', '2019-05-10 19:18:26'),
(853, 18772, 'Pranjal Singh', 1, 4, 'pranjal.1999.singh@gmail.com', 'MALE', '2019-05-10 19:18:26', '2019-05-10 19:18:26'),
(852, 18690, 'Bhagat Singh Bisht', 1, 4, 'skhim672@gmail.com', 'MALE', '2019-05-10 19:18:26', '2019-05-10 19:18:26'),
(850, 18719, 'Raj Shekhar Singh', 1, 4, 'rajshekharsingh09@gmail.com', 'MALE', '2019-05-10 19:18:26', '2019-05-10 19:18:26'),
(851, 18625, 'Rahul', 1, 4, 'rah991999@gmail.com', 'MALE', '2019-05-10 19:18:26', '2019-05-10 19:18:26'),
(849, 18715, 'RISHABH KUMAR', 1, 4, 'rikugeorgian96@gmail.com', 'MALE', '2019-05-10 19:18:26', '2019-05-10 19:18:26'),
(848, 18627, 'Pravendra Rana', 1, 4, 'pravendrarana56@gmail.com', 'MALE', '2019-05-10 19:18:26', '2019-05-10 19:18:26'),
(847, 18607, 'Kanchu Tarun', 1, 4, 'tarunmessi1993@gmail.com', 'MALE', '2019-05-10 19:18:26', '2019-05-10 19:18:26'),
(846, 18397, 'Vishal', 1, 4, 'vishalkadianinfo@gmail.com', 'MALE', '2019-05-10 19:18:26', '2019-05-10 19:18:26'),
(845, 18442, 'Sushant Gaikwad', 1, 4, 'sushantrbgaikwad18032001@gmail.com', 'MALE', '2019-05-10 19:18:26', '2019-05-10 19:18:26'),
(844, 18644, 'Surya Prakash', 1, 4, 'raghuveergurjar1007@gmail.com', 'MALE', '2019-05-10 19:18:26', '2019-05-10 19:18:26'),
(843, 18628, 'Suraj Sudhakar Kekan', 1, 4, '21102000sskekan@gmail.com', 'MALE', '2019-05-10 19:18:26', '2019-05-10 19:18:26'),
(842, 18583, 'Shravan Kumar Veloori', 1, 4, 'vshravankumar777@gmail.com', 'MALE', '2019-05-10 19:18:26', '2019-05-10 19:18:26'),
(841, 18169, 'Shivam Singh', 1, 4, 'umeshji54@gmail.com', 'MALE', '2019-05-10 19:18:26', '2019-05-10 19:18:26'),
(840, 18539, 'Shailesh Kumar', 1, 4, 'sk1911999@gmail.com', 'MALE', '2019-05-10 19:18:26', '2019-05-10 19:18:26'),
(839, 18353, 'Sandeep Kumar Gurjar', 1, 4, 'sandeepgurjar614@gmail.com', 'MALE', '2019-05-10 19:18:26', '2019-05-10 19:18:26'),
(838, 18381, 'Rajvir Singh', 1, 4, 'rajvirrk2000@gmail.com', 'MALE', '2019-05-10 19:18:26', '2019-05-10 19:18:26'),
(837, 18413, 'Prateek Shukla', 1, 4, 'prateekshukla39@gmail.com', 'MALE', '2019-05-10 19:18:26', '2019-05-10 19:18:26'),
(836, 18565, 'Pranav Menon', 1, 4, 'pranav260101@gmail.com', 'MALE', '2019-05-10 19:18:26', '2019-05-10 19:18:26'),
(835, 18745, 'Pooja Singh', 1, 4, 'poojadexter@gmail.com', 'FEMALE', '2019-05-10 19:18:26', '2019-05-10 19:18:26'),
(834, 18592, 'Noel Sovy', 1, 4, 'noelsovy311@gmail.com', 'MALE', '2019-05-10 19:18:26', '2019-05-10 19:18:26'),
(833, 18767, 'Naveen Gaur', 1, 4, 'naveen200gaur@gmail.com', 'MALE', '2019-05-10 19:18:26', '2019-05-10 19:18:26'),
(832, 18718, 'Mohd Asif Farhan', 1, 4, 'akram.ameen222@gmail.com', 'MALE', '2019-05-10 19:18:26', '2019-05-10 19:18:26'),
(831, 18172, 'Manjeet Singh Saini', 1, 4, 'manjeetsaini8504@gmail.com', 'MALE', '2019-05-10 19:18:26', '2019-05-10 19:18:26'),
(830, 18208, 'Manish Kumar', 1, 4, 'manishnain222@gmail.com', 'MALE', '2019-05-10 19:18:26', '2019-05-10 19:18:26'),
(829, 18585, 'Manish Kumar', 1, 4, 'kumarmanishjee2018@gmail.com', 'MALE', '2019-05-10 19:18:26', '2019-05-10 19:18:26'),
(828, 18582, 'Mangesh Shivaji Jadhav', 1, 4, 'mangeshjadhav7808@gmail.com', 'MALE', '2019-05-10 19:18:26', '2019-05-10 19:18:26'),
(827, 18621, 'Kiran Sanjay Wawre', 1, 4, 'kiran1wawre@gmail.com', 'MALE', '2019-05-10 19:18:26', '2019-05-10 19:18:26'),
(826, 18407, 'Harshvardhan Singh Shekhawat', 1, 4, 'harshvardhan194@gmail.com', 'MALE', '2019-05-10 19:18:26', '2019-05-10 19:18:26'),
(825, 18530, 'Gagan Yadav', 1, 4, 'gaganyadav424266@gmail.com', 'MALE', '2019-05-10 19:18:26', '2019-05-10 19:18:26'),
(824, 18568, 'Devansh Rai', 1, 4, 'theyvanshrai01@gmail.com', 'MALE', '2019-05-10 19:18:26', '2019-05-10 19:18:26'),
(823, 18465, 'DEEPTI PRALHAD KALE', 1, 4, 'pralhad6635@gmail.com', 'FEMALE', '2019-05-10 19:18:26', '2019-05-10 19:18:26'),
(822, 18363, 'Deepak Kumar', 1, 4, 'sk1561975@gmail.com', 'MALE', '2019-05-10 19:18:26', '2019-05-10 19:18:26'),
(821, 18506, 'Bhrigu Sharma', 1, 4, 'bhrigu.sharma0207@gmail.com', 'MALE', '2019-05-10 19:18:26', '2019-05-10 19:18:26'),
(820, 18601, 'Aniket', 1, 4, 'akaggarwal11082000@gmail.com', 'MALE', '2019-05-10 19:18:26', '2019-05-10 19:18:26'),
(819, 18332, 'Aman Singh', 1, 4, 'amanrathore81465@gmail.com', 'MALE', '2019-05-10 19:18:26', '2019-05-10 19:18:26'),
(818, 18472, 'Akash Dahiya', 1, 4, 'akashdahiya2009@gmail.com', 'MALE', '2019-05-10 19:18:26', '2019-05-10 19:18:26'),
(817, 18436, 'Ajay Choudhary', 1, 4, 'jai30121977@gmail.com', 'MALE', '2019-05-10 19:18:26', '2019-05-10 19:18:26'),
(816, 18640, 'Abhishek Shukla', 1, 4, 'durgesh.shukla1997@gmail.com', 'MALE', '2019-05-10 19:18:26', '2019-05-10 19:18:26'),
(815, 18704, 'Guduru Sai Kumar Reddy', 1, 1, 'saikumarreddy0030@gmail.com', 'MALE', '2019-05-10 19:18:26', '2019-05-10 19:18:26'),
(814, 18677, 'Abhishek Joshi', 1, 1, 'abhyshekjoshy@gmail.com', 'MALE', '2019-05-10 19:18:26', '2019-05-10 19:18:26'),
(813, 18661, 'Manoj Singh', 1, 1, 'balwantdanu76@gmail.com', 'MALE', '2019-05-10 19:18:26', '2019-05-10 19:18:26'),
(812, 18615, 'Vivek Singh', 1, 1, 'vivekzs440@gmail.com', 'MALE', '2019-05-10 19:18:26', '2019-05-10 19:18:26'),
(811, 18537, 'Amit Kumar', 1, 1, 'amitchoudhary7696@gmail.com', 'MALE', '2019-05-10 19:18:26', '2019-05-10 19:18:26'),
(810, 18957, 'Kartik Sharma', 1, 1, 'chakarverti1972@gmail.com', 'MALE', '2019-05-10 19:18:26', '2019-05-10 19:18:26'),
(809, 18580, 'Sangam Poonia', 1, 1, 'sangampoonia55@gmail.com', 'MALE', '2019-05-10 19:18:26', '2019-05-10 19:18:26'),
(808, 18689, 'Priya Pandey', 1, 1, 'pandey20prashant@gmail.com', 'FEMALE', '2019-05-10 19:18:26', '2019-05-10 19:18:26'),
(807, 18528, 'Harvinder Yadav', 1, 1, 'harvinderpreet1008@gmail.com', 'MALE', '2019-05-10 19:18:26', '2019-05-10 19:18:26'),
(806, 17446, 'AISHWARYA VERMA', 1, 1, 'aishwarya1399@gmail.com', 'FEMALE', '2019-05-10 19:18:26', '2019-05-10 19:18:26'),
(805, 18596, 'Yaman Deep Singh', 1, 1, 'ydsingh123@gmail.com', 'MALE', '2019-05-10 19:18:26', '2019-05-10 19:18:26'),
(804, 18594, 'Vishal Subhash Solanke', 1, 1, 'vsolanke02@gmail.com', 'MALE', '2019-05-10 19:18:26', '2019-05-10 19:18:26'),
(803, 18559, 'Vineet Kumar Pandey', 1, 1, 'vineetkumarpandey0315@gmail.com', 'MALE', '2019-05-10 19:18:26', '2019-05-10 19:18:26'),
(802, 18614, 'Vijay Pandey', 1, 1, 'vijaypandey2703@gmail.com', 'MALE', '2019-05-10 19:18:26', '2019-05-10 19:18:26'),
(801, 18503, 'Vijay Kumar', 1, 1, 'kmrvijay250@gmail.com', 'MALE', '2019-05-10 19:18:25', '2019-05-10 19:18:25'),
(800, 18678, 'Sunny Bhandari', 1, 1, 'sunnybhandari20167@gmail.com', 'MALE', '2019-05-10 19:18:25', '2019-05-10 19:18:25'),
(799, 18186, 'Sunil Choudhary', 1, 1, 'sunilchoudhary1631@gmail.com', 'MALE', '2019-05-10 19:18:25', '2019-05-10 19:18:25'),
(798, 18563, 'Soumer Singh Karki', 1, 1, 'soumer_27@yahoo.in', 'MALE', '2019-05-10 19:18:25', '2019-05-10 19:18:25'),
(797, 18593, 'Snehasish Pradhan', 1, 1, 'snehasishpradhan9@gmail.com', 'MALE', '2019-05-10 19:18:25', '2019-05-10 19:18:25'),
(796, 18385, 'Sneha Choudhary', 1, 1, 'sneha332718@gmail.com', 'FEMALE', '2019-05-10 19:18:25', '2019-05-10 19:18:25'),
(795, 18540, 'Shuvam Kumar', 1, 1, 'shuvamk564@gmail.com', 'MALE', '2019-05-10 19:18:25', '2019-05-10 19:18:25'),
(794, 18377, 'Shubhangini Pandey', 1, 1, 'write2shubhangini@gmail.com', 'FEMALE', '2019-05-10 19:18:25', '2019-05-10 19:18:25'),
(793, 18598, 'Saurav Singh', 1, 1, 'ssaurav1772000@gmail.com', 'MALE', '2019-05-10 19:18:25', '2019-05-10 19:18:25'),
(792, 18609, 'Sarini Khasnavis', 1, 1, 'khasnavissarini15@gmail.com', 'FEMALE', '2019-05-10 19:18:25', '2019-05-10 19:18:25'),
(791, 18400, 'Sandeep Kumar Panigrahi', 1, 1, 'sandeeppanigrahi53@gmail.com', 'MALE', '2019-05-10 19:18:25', '2019-05-10 19:18:25'),
(790, 18547, 'Sahil Sharma', 1, 1, 'sahilsharmajarvis@gmail.com', 'MALE', '2019-05-10 19:18:25', '2019-05-10 19:18:25'),
(789, 18468, 'S Hussain Ali', 1, 1, 'hussainali2850@gmail.com', 'MALE', '2019-05-10 19:18:25', '2019-05-10 19:18:25'),
(788, 18605, 'Rudra Pratap Singh', 1, 1, 'rudra4365@gmail.com', 'MALE', '2019-05-10 19:18:25', '2019-05-10 19:18:25'),
(786, 18647, 'Rajdip Akhuli', 1, 1, 'rajdipakhuli1999@gmail.com', 'MALE', '2019-05-10 19:18:25', '2019-05-10 19:18:25'),
(787, 18538, 'Rohan Dalal', 1, 1, 'rohandalal14101998@gmail.com', 'MALE', '2019-05-10 19:18:25', '2019-05-10 19:18:25'),
(785, 18490, 'Rahul Yadav', 1, 1, 'ry48ra@gmail.com', 'MALE', '2019-05-10 19:18:25', '2019-05-10 19:18:25'),
(784, 18604, 'Prijwal Singh Kushwah', 1, 1, 'prijwalrajavat@gmail.com', 'MALE', '2019-05-10 19:18:25', '2019-05-10 19:18:25'),
(783, 18526, 'Prabhat Gurung', 1, 1, 'prabhatgurung8954@gmail.com', 'MALE', '2019-05-10 19:18:25', '2019-05-10 19:18:25'),
(782, 18564, 'Mukesh Saran', 1, 1, 'mukeshsaran404@gmail.com', 'MALE', '2019-05-10 19:18:25', '2019-05-10 19:18:25'),
(781, 18612, 'Mohika Bansal', 1, 1, 'mohikabansal2001@gmail.com', 'FEMALE', '2019-05-10 19:18:25', '2019-05-10 19:18:25'),
(780, 18438, 'Kumar Saurav', 1, 1, 'sstark849@gmail.com', 'MALE', '2019-05-10 19:18:25', '2019-05-10 19:18:25'),
(779, 18535, 'Khushwant Singh', 1, 1, 'khushwantsingh257@gmail.com', 'MALE', '2019-05-10 19:18:25', '2019-05-10 19:18:25'),
(778, 18414, 'Kedar Krishnarao Joshi', 1, 1, 'kedar.k.joshi10@gmail.com', 'MALE', '2019-05-10 19:18:25', '2019-05-10 19:18:25'),
(777, 18507, 'Himani Singh', 1, 1, 'himani.singh889@gmail.com', 'FEMALE', '2019-05-10 19:18:25', '2019-05-10 19:18:25'),
(776, 18562, 'Harshvardhan', 1, 1, 'vardhanh289@gmail.com', 'MALE', '2019-05-10 19:18:25', '2019-05-10 19:18:25'),
(775, 18558, 'Gaurav Mishra', 1, 1, 'gauravmishra19082000@gmail.com', 'MALE', '2019-05-10 19:18:25', '2019-05-10 19:18:25'),
(774, 18531, 'Dipesh Kumar Singh', 1, 1, 'dksingh1952000@gmail.com', 'MALE', '2019-05-10 19:18:25', '2019-05-10 19:18:25'),
(773, 18452, 'Deepak Kumar', 1, 1, 'monu11081999@gmail.com', 'MALE', '2019-05-10 19:18:25', '2019-05-10 19:18:25'),
(772, 18578, 'Deepak Tiwari', 1, 1, 'deeparmyschool456@gmail.com', 'MALE', '2019-05-10 19:18:25', '2019-05-10 19:18:25'),
(771, 18576, 'Deepak Bhadoria', 1, 1, 'deepakbhadoria05011998@gmail.com', 'MALE', '2019-05-10 19:18:25', '2019-05-10 19:18:25'),
(770, 18566, 'Ayush Mani Tripathi', 1, 1, 'ayushtripathi9794@gmail.com', 'MALE', '2019-05-10 19:18:25', '2019-05-10 19:18:25'),
(769, 18386, 'Ashish Kumar Garhwal', 1, 1, 'ashishkumargarhwal05@gmail.com', 'MALE', '2019-05-10 19:18:25', '2019-05-10 19:18:25'),
(768, 18491, 'Arnab Singha Roy', 1, 1, 'arnabroy28ju@gmail.com', 'MALE', '2019-05-10 19:18:25', '2019-05-10 19:18:25'),
(767, 18634, 'Ankush Roy', 1, 1, 'ankushroy44@yahoo.com', 'MALE', '2019-05-10 19:18:25', '2019-05-10 19:18:25'),
(766, 18581, 'Ankit Singh', 1, 1, 'ankits323123@gmail.com', 'MALE', '2019-05-10 19:18:25', '2019-05-10 19:18:25'),
(765, 18500, 'Anjali Kushwah', 1, 1, 'kushwah4840@gmail.com', 'FEMALE', '2019-05-10 19:18:25', '2019-05-10 19:18:25'),
(764, 18512, 'Amit Kumar Bhuyan', 1, 1, 'bhuyanamit986@gmail.com', 'MALE', '2019-05-10 19:18:25', '2019-05-10 19:18:25'),
(763, 18523, 'Amit Kumar', 1, 1, 'www.aktluck@gmail.com', 'MALE', '2019-05-10 19:18:25', '2019-05-10 19:18:25'),
(762, 18561, 'Amit Joshi', 1, 1, 'amitjoshi438.aj@gmail.com', 'MALE', '2019-05-10 19:18:25', '2019-05-10 19:18:25'),
(761, 18489, 'Akshay Kumar Tripathi', 1, 1, 'tripathiakshay5@gmail.com', 'MALE', '2019-05-10 19:18:25', '2019-05-10 19:18:25'),
(760, 18501, 'Akash', 1, 1, 'akash24nov2000@gmail.com', 'MALE', '2019-05-10 19:18:25', '2019-05-10 19:18:25'),
(759, 18666, 'Ajay Poonia', 1, 1, 'ajaypoonia101299@gmail.com', 'MALE', '2019-05-10 19:18:24', '2019-05-10 19:18:24'),
(758, 18660, 'Aditya Alok', 1, 1, 'maheshwarprasadlal25@gmail.com', 'MALE', '2019-05-10 19:18:24', '2019-05-10 19:18:24'),
(757, 18509, 'Additya Anand', 1, 1, 'additya2507@gmail.com', 'MALE', '2019-05-10 19:18:24', '2019-05-10 19:18:24'),
(756, 18633, 'Abhishek Jha', 1, 1, '07abhishekrock@gmail.com', 'MALE', '2019-05-10 19:18:24', '2019-05-10 19:18:24'),
(755, 18083, 'DEEPAK KUMAR UPADHYAY', 1, 5, 'upadhyaymanoj1000@gmail.com', 'MALE', '2019-05-10 19:18:24', '2019-05-10 19:18:24'),
(754, 18952, 'SHUBAM PARIHAR', 1, 5, 'shubamparihar32@gmail.com', 'MALE', '2019-05-10 19:18:24', '2019-05-10 19:18:24'),
(753, 18951, 'PRANVI GUPTA', 1, 5, 'pranvigupta0707@gmail.com', 'FEMALE', '2019-05-10 19:18:24', '2019-05-10 19:18:24'),
(752, 18050, 'Vivek Kumar Mishra', 1, 5, 'vm388388@gmail.com', 'MALE', '2019-05-10 19:18:24', '2019-05-10 19:18:24'),
(751, 18291, 'Vivek Negi', 1, 5, 'vivz881@gmail.com', 'MALE', '2019-05-10 19:18:24', '2019-05-10 19:18:24'),
(750, 18040, 'Vishwajit Singh', 1, 5, 'vishwajitsingh27051999@gmail.com', 'MALE', '2019-05-10 19:18:24', '2019-05-10 19:18:24'),
(749, 18249, 'Vimaleshwar Karuppiah Krishnamurthy', 1, 5, 'eeshwark2000@gmail.com', 'MALE', '2019-05-10 19:18:24', '2019-05-10 19:18:24'),
(748, 18072, 'Vijender', 1, 5, 'vijuc895@gmail.com', 'MALE', '2019-05-10 19:18:24', '2019-05-10 19:18:24'),
(747, 18118, 'Vijay Singh Tomar', 1, 5, 'vijaysinghtoma@gmail.com', 'MALE', '2019-05-10 19:18:24', '2019-05-10 19:18:24'),
(746, 18064, 'Vanshraj Seth', 1, 5, 'sethvanshraj@yahoo.in', 'MALE', '2019-05-10 19:18:24', '2019-05-10 19:18:24'),
(745, 18203, 'Udit Chaudhary', 1, 5, 'uditschoolboy@gmail.com', 'MALE', '2019-05-10 19:18:24', '2019-05-10 19:18:24'),
(744, 18275, 'Swapnil Singh', 1, 5, 'shishu_082@yahoo.co.in', 'MALE', '2019-05-10 19:18:24', '2019-05-10 19:18:24'),
(743, 18145, 'Suraj Singh Kanyal', 1, 5, 'surajkanyal2412@gmail.com', 'MALE', '2019-05-10 19:18:24', '2019-05-10 19:18:24'),
(742, 18296, 'Srikant Pani', 1, 5, 'sricool1999@gmail.com', 'MALE', '2019-05-10 19:18:24', '2019-05-10 19:18:24'),
(741, 18255, 'Sourabh Mandal', 1, 5, 'sourabh.mandal.ait@gmail.com', 'MALE', '2019-05-10 19:18:24', '2019-05-10 19:18:24'),
(740, 18242, 'Shubham Yadav', 1, 5, 'vinodkr1463@gmail.com', 'MALE', '2019-05-10 19:18:24', '2019-05-10 19:18:24'),
(739, 18105, 'Shikha Reddy Mothe', 1, 5, 'venkat_major@rediffmail.com', 'FEMALE', '2019-05-10 19:18:24', '2019-05-10 19:18:24'),
(738, 18182, 'Shardul Palhania', 1, 5, 'shardulpalhania@gmail.com', 'MALE', '2019-05-10 19:18:24', '2019-05-10 19:18:24'),
(737, 18312, 'Shaik Aftab', 1, 5, 'shaikaftab0921@gmail.com', 'MALE', '2019-05-10 19:18:24', '2019-05-10 19:18:24'),
(736, 18178, 'Satya Prakash', 1, 5, 'satya.prakash9500@gmail.com', 'MALE', '2019-05-10 19:18:24', '2019-05-10 19:18:24'),
(735, 18091, 'Sanju Singh', 1, 5, 'sanjushekhawat57@gmail.com', 'MALE', '2019-05-10 19:18:24', '2019-05-10 19:18:24'),
(734, 18280, 'Sachin Bisht', 1, 5, 'sachinbisht37604@gmail.com', 'MALE', '2019-05-10 19:18:24', '2019-05-10 19:18:24'),
(733, 18260, 'Rustom Singh Yadav', 1, 5, 'rustom272000@gmail.com', 'MALE', '2019-05-10 19:18:23', '2019-05-10 19:18:23'),
(732, 18209, 'Rohit Godara', 1, 5, 'rohitgodara777@gmail.com', 'MALE', '2019-05-10 19:18:23', '2019-05-10 19:18:23'),
(731, 18305, 'Rohan Thakur', 1, 5, 'rohanthakurarmy@gmail.com', 'MALE', '2019-05-10 19:18:23', '2019-05-10 19:18:23'),
(730, 18309, 'Rishav Sharma', 1, 5, 'vedprakash.sharma76@yahoo.com', 'MALE', '2019-05-10 19:18:23', '2019-05-10 19:18:23'),
(729, 18263, 'Ravi Budania', 1, 5, 'sjehosteljjn@gmail.com', 'MALE', '2019-05-10 19:18:23', '2019-05-10 19:18:23'),
(728, 18270, 'Pushpendra Kumar', 1, 5, 'pkc3766@gmail.com', 'MALE', '2019-05-10 19:18:23', '2019-05-10 19:18:23'),
(726, 18171, 'Pranay Pandurang Gaikwad', 1, 5, 'pranaygaikwad1820@gmail.com', 'MALE', '2019-05-10 19:18:23', '2019-05-10 19:18:23'),
(727, 18162, 'Pudi Siva Raj', 1, 5, 'sivarajpudi2000@gmail.com', 'MALE', '2019-05-10 19:18:23', '2019-05-10 19:18:23'),
(725, 18092, 'Pranay Mishra', 1, 5, 'quizpranay@gmail.com', 'MALE', '2019-05-10 19:18:23', '2019-05-10 19:18:23'),
(724, 18130, 'Pawan Kumar Dixit', 1, 5, 'pawan585dixit@gmail.com', 'MALE', '2019-05-10 19:18:23', '2019-05-10 19:18:23'),
(723, 18017, 'Navjeet Singh', 1, 5, 'navjeetshekhawat5555@gmail.com', 'MALE', '2019-05-10 19:18:23', '2019-05-10 19:18:23'),
(722, 18228, 'Mujammil Khan', 1, 5, 'mujammilkhan321@gmail.com', 'MALE', '2019-05-10 19:18:23', '2019-05-10 19:18:23'),
(721, 18322, 'Meghaj Singh', 1, 5, 'meghajsingh13@gmail.com', 'MALE', '2019-05-10 19:18:23', '2019-05-10 19:18:23'),
(720, 18273, 'Krunal Ramesh Patil', 1, 5, 'patilkrunal1198@gmail.com', 'MALE', '2019-05-10 19:18:23', '2019-05-10 19:18:23'),
(715, 18271, 'Ayush Shukla', 1, 5, 'ayushsuklapbh945@gmail.com', 'MALE', '2019-05-10 19:18:23', '2019-05-10 19:18:23'),
(716, 18201, 'Devansh Sharma', 1, 5, 'devansh9011@gmail.com', 'MALE', '2019-05-10 19:18:23', '2019-05-10 19:18:23'),
(717, 18211, 'Himanshu Guleria', 1, 5, 'himanshuguleria0694@gmail.com', 'MALE', '2019-05-10 19:18:23', '2019-05-10 19:18:23'),
(718, 18220, 'Himanshu Shekhar Padhi', 1, 5, 'himanshupadhi0@gmail.com', 'MALE', '2019-05-10 19:18:23', '2019-05-10 19:18:23'),
(719, 18288, 'Kapil Daulat', 1, 5, 'kapilchaudharykapil74@gmail.com', 'MALE', '2019-05-10 19:18:23', '2019-05-10 19:18:23'),
(707, 18206, 'Aravind', 1, 5, 'ravi271999@gmail.com', 'MALE', '2019-05-10 19:18:23', '2019-05-10 19:18:23'),
(708, 18119, 'Arya Kushwah', 1, 5, 'aryakushwah6@gmail.com', 'FEMALE', '2019-05-10 19:18:23', '2019-05-10 19:18:23'),
(709, 18239, 'Ashish Ahlawat', 1, 5, 'ashishahlawat98122@gmail.com', 'MALE', '2019-05-10 19:18:23', '2019-05-10 19:18:23'),
(1295, 18199, 'Aashish Kumar Singh', 1, 5, 'ak628966@gmail.com', 'MALE', '2019-05-11 23:14:23', '2019-05-11 23:14:23'),
(711, 18300, 'Ashok Kumar', 1, 5, 'akkumar0069@gmail.com', 'MALE', '2019-05-10 19:18:23', '2019-05-10 19:18:23'),
(712, 18011, 'Ashutosh Singh', 1, 5, 'ashu22111999@gmail.com', 'MALE', '2019-05-10 19:18:23', '2019-05-10 19:18:23'),
(713, 18294, 'Ashutosh Kumar Singh', 1, 5, 'ashucr7singh@gmail.com', 'MALE', '2019-05-10 19:18:23', '2019-05-10 19:18:23'),
(714, 18174, 'Ayush Negi', 1, 5, 'ayushnegi18769@gmail.com', 'MALE', '2019-05-10 19:18:23', '2019-05-10 19:18:23'),
(706, 18149, 'Anmol Majhi', 1, 5, '237anmol@gmail.com', 'MALE', '2019-05-10 19:18:23', '2019-05-10 19:18:23'),
(705, 18287, 'Anjali', 1, 5, 'anjali29081999@gmail.com', 'FEMALE', '2019-05-10 19:18:23', '2019-05-10 19:18:23'),
(704, 18325, 'Amandeep Rawat', 1, 5, 'rawatshubham464@gmail.com', 'MALE', '2019-05-10 19:18:23', '2019-05-10 19:18:23'),
(703, 18087, 'Aman Semwal', 1, 5, 'amansemwal9872@gmail.com', 'MALE', '2019-05-10 19:18:23', '2019-05-10 19:18:23'),
(702, 18136, 'Akash Singh', 1, 5, 'aakashsinghdude@gmail.com', 'MALE', '2019-05-10 19:18:23', '2019-05-10 19:18:23'),
(701, 18197, 'Ajay Kumar Dangi', 1, 5, 'mukeshdangi72694@gmail.com', 'MALE', '2019-05-10 19:18:23', '2019-05-10 19:18:23'),
(700, 18144, 'Ajay Kahlan', 1, 5, 'ajaykahlan@gmail.com', 'MALE', '2019-05-10 19:18:23', '2019-05-10 19:18:23'),
(699, 18236, 'Abhishek Kumar Yadav', 1, 5, 'akylenovo2018@gmail.com', 'MALE', '2019-05-10 19:18:23', '2019-05-10 19:18:23'),
(698, 18046, 'Abhishek Kumar Singh', 1, 5, 'nitusingh1546@gmail.com', 'MALE', '2019-05-10 19:18:23', '2019-05-10 19:18:23'),
(697, 18158, 'Abhishek Kumar', 1, 5, 'abhishek901k@gmail.com', 'MALE', '2019-05-10 19:18:23', '2019-05-10 19:18:23'),
(695, 18222, 'Aashish Ramesh Koshti', 1, 5, 'aashishkoshti99@gmail.com', 'MALE', '2019-05-10 19:18:23', '2019-05-10 19:18:23'),
(696, 18196, 'Abhishek Bisht', 1, 5, 'ab06032000@gmail.com', 'MALE', '2019-05-10 19:18:23', '2019-05-10 19:18:23'),
(692, 18956, 'Ayush Koul', 1, 6, 'koulronak@gmail.com', 'MALE', '2019-05-10 19:18:22', '2019-05-10 19:18:22'),
(693, 18333, 'Sourav Roy', 1, 6, 'souravsr@hotmail.com', 'MALE', '2019-05-10 19:18:22', '2019-05-10 19:18:22'),
(694, 18334, 'Rahul Kumar Ojha', 1, 6, 'rahulkumarojha27@gmail.com', 'MALE', '2019-05-10 19:18:22', '2019-05-10 19:18:22'),
(691, 18331, 'Vamsi Krishna Shahukaru', 1, 6, 'svamsikrishna07012001@gmail.com', 'MALE', '2019-05-10 19:18:22', '2019-05-10 19:18:22'),
(689, 18143, 'Zaid Khan', 1, 6, 'zaidkhanxdxd@gmail.com', 'MALE', '2019-05-10 19:18:22', '2019-05-10 19:18:22'),
(690, 18390, 'Nikhil Singh Kotwal', 1, 6, 'nikhilkotwalcoc@gmail.com', 'MALE', '2019-05-10 19:18:22', '2019-05-10 19:18:22'),
(686, 18234, 'Yash Chaudhary', 1, 6, 'yashflorida@gmail.com', 'MALE', '2019-05-10 19:18:22', '2019-05-10 19:18:22'),
(687, 18163, 'Yashvardhan Singh Negi', 1, 6, 'priyarnegi@gmail.com', 'MALE', '2019-05-10 19:18:22', '2019-05-10 19:18:22'),
(688, 18033, 'Yashwant Singh Chauhan', 1, 6, 'yashwantyash123456789@gmail.com', 'MALE', '2019-05-10 19:18:22', '2019-05-10 19:18:22'),
(685, 18184, 'Vimal Kumar', 1, 6, 'vimalmatrix5@gmail.com', 'MALE', '2019-05-10 19:18:22', '2019-05-10 19:18:22'),
(684, 18195, 'Vikas Singh', 1, 6, 'vikas9592531723@gmail.com', 'MALE', '2019-05-10 19:18:22', '2019-05-10 19:18:22'),
(681, 18210, 'Subham Jena', 1, 6, 'subhamjena12@gmail.com', 'MALE', '2019-05-10 19:18:22', '2019-05-10 19:18:22'),
(682, 18204, 'Sumit Singh', 1, 6, 'sumitsingh78630@gmail.com', 'MALE', '2019-05-10 19:18:22', '2019-05-10 19:18:22'),
(683, 18151, 'SWAPNIL PANDEY', 1, 6, 'praveenp8870@gmail.com', 'MALE', '2019-05-10 19:18:22', '2019-05-10 19:18:22'),
(679, 18232, 'Siddharth Singh', 1, 6, 'siddharthsiddhu899@gmail.com', 'MALE', '2019-05-10 19:18:22', '2019-05-10 19:18:22'),
(680, 18099, 'Sohardh Bhandari', 1, 6, 'sohardh.sunny@gmail.com', 'MALE', '2019-05-10 19:18:22', '2019-05-10 19:18:22'),
(678, 18272, 'Shubham Raghav', 1, 6, 'shubham3raghav@gmail.com', 'MALE', '2019-05-10 19:18:22', '2019-05-10 19:18:22'),
(677, 18047, 'Shreya Dubey', 1, 6, 'shreyadubey1802@gmail.com', 'MALE', '2019-05-10 19:18:22', '2019-05-10 19:18:22'),
(676, 18013, 'Shaikh Naeem', 1, 6, 'nshaikh99622@gmail.com', 'MALE', '2019-05-10 19:18:22', '2019-05-10 19:18:22'),
(675, 18266, 'Sehej Singh Bakshi', 1, 6, 'sehej.bakshi@yahoo.in', 'MALE', '2019-05-10 19:18:22', '2019-05-10 19:18:22'),
(673, 18289, 'Sanjay Rawat', 1, 6, 'anishrawatsanjay@gmail.com', 'MALE', '2019-05-10 19:18:22', '2019-05-10 19:18:22'),
(674, 18111, 'Satish Kumar Patra', 1, 6, 'psatishkumar720@gmail.com', 'MALE', '2019-05-10 19:18:22', '2019-05-10 19:18:22'),
(672, 18295, 'Sagar', 1, 6, 'indianocean24x7@gmail.com', 'MALE', '2019-05-10 19:18:22', '2019-05-10 19:18:22'),
(671, 18205, 'Sachin Keshav', 1, 6, 'anilk7080@gmail.com', 'MALE', '2019-05-10 19:18:22', '2019-05-10 19:18:22'),
(670, 18202, 'S Suryanarayanan', 1, 6, 'surya91521@gmail.com', 'MALE', '2019-05-10 19:18:22', '2019-05-10 19:18:22'),
(669, 18124, 'Rutvik N', 1, 6, 'rutviknmarvania@gmail.com', 'MALE', '2019-05-10 19:18:22', '2019-05-10 19:18:22'),
(668, 18217, 'Ritik', 1, 6, 'ritikresonance@gmail.com', 'MALE', '2019-05-10 19:18:22', '2019-05-10 19:18:22'),
(667, 18159, 'Reena', 1, 6, 'ssingh153956@gmail.com', 'FEMALE', '2019-05-10 19:18:22', '2019-05-10 19:18:22'),
(666, 18227, 'Prakarsh Bhardwaj', 1, 6, 'vishnusunita@yahoo.com', 'MALE', '2019-05-10 19:18:22', '2019-05-10 19:18:22'),
(665, 18286, 'P HEMALATA', 1, 6, 'hemalatapotireddy1@gmail.com', 'FEMALE', '2019-05-10 19:18:22', '2019-05-10 19:18:22'),
(664, 18251, 'P Deepak Raj', 1, 6, 'deepakrajj.28@gmail.com', 'MALE', '2019-05-10 19:18:22', '2019-05-10 19:18:22'),
(663, 18304, 'Nitin Siradhana', 1, 6, 'nitinsiradhana4207@gmail.com', 'MALE', '2019-05-10 19:18:22', '2019-05-10 19:18:22'),
(662, 18132, 'Nikhil Bhatt', 1, 6, 'nikhilbhatt688@gmail.com', 'MALE', '2019-05-10 19:18:22', '2019-05-10 19:18:22'),
(661, 18028, 'Manish Kumar', 1, 6, 'mk718939880802@gmail.com', 'MALE', '2019-05-10 19:18:21', '2019-05-10 19:18:21'),
(660, 18041, 'Mahima Yadav', 1, 6, 'mahimayadav8550@gmail.com', 'FEMALE', '2019-05-10 19:18:21', '2019-05-10 19:18:21'),
(659, 18112, 'Krishnanunni R S', 1, 6, 'krishnanunni710@gmail.com', 'MALE', '2019-05-10 19:18:21', '2019-05-10 19:18:21'),
(658, 18314, 'Kishan Maharaj', 1, 6, 'kishanmaharaj780@gmail.com', 'MALE', '2019-05-10 19:18:21', '2019-05-10 19:18:21'),
(657, 18150, 'Jasbir Singh', 1, 6, 'kulbeersinghbhati@gmail.com', 'MALE', '2019-05-10 19:18:21', '2019-05-10 19:18:21'),
(656, 18198, 'Harritik Sharma', 1, 6, 'ritiksharma5247@gmail.com', 'MALE', '2019-05-10 19:18:21', '2019-05-10 19:18:21'),
(655, 18090, 'Hariom', 1, 6, 'hariom12062000@gmail.com', 'MALE', '2019-05-10 19:18:21', '2019-05-10 19:18:21'),
(654, 18183, 'Diwaker Singh', 1, 6, 'devthegreat711@gmail.com', 'MALE', '2019-05-10 19:18:21', '2019-05-10 19:18:21'),
(653, 18277, 'Diwakar Singh', 1, 6, 'diwakarsingh8737@gmail.com', 'MALE', '2019-05-10 19:18:21', '2019-05-10 19:18:21'),
(652, 18267, 'Devesh Joshi', 1, 6, 'iitianaspirantdevesh@gmail.com', 'MALE', '2019-05-10 19:18:21', '2019-05-10 19:18:21'),
(651, 18254, 'Bijay Singh', 1, 6, 'dididivya999@gmail.com', 'MALE', '2019-05-10 19:18:21', '2019-05-10 19:18:21'),
(650, 18278, 'Ayush Kumar Tiwari', 1, 6, 'yoakt2000@gmail.com', 'MALE', '2019-05-10 19:18:21', '2019-05-10 19:18:21'),
(649, 18284, 'Ayush Pawar', 1, 6, 'ayushpawar1501@gmail.com', 'MALE', '2019-05-10 19:18:21', '2019-05-10 19:18:21'),
(648, 18274, 'Ashwira Bhaskar', 1, 6, 'bhaskarashwira55@gmail.com', 'FEMALE', '2019-05-10 19:18:21', '2019-05-10 19:18:21'),
(647, 18293, 'Arun', 1, 6, 'kaushikarun2000@gmail.com', 'MALE', '2019-05-10 19:18:21', '2019-05-10 19:18:21'),
(646, 18318, 'Arjun Singh', 1, 6, 'arjun9770288@gmail.com', 'MALE', '2019-05-10 19:18:21', '2019-05-10 19:18:21'),
(645, 18221, 'Anutosh Kumar', 1, 6, 'anutoshkumar586@gmail.com', 'MALE', '2019-05-10 19:18:21', '2019-05-10 19:18:21'),
(644, 18207, 'Anurag Rawat', 1, 6, 'anuragrawat.088@gmail.com', 'MALE', '2019-05-10 19:18:21', '2019-05-10 19:18:21'),
(643, 18152, 'Anil Kumar', 1, 6, 'anilkumar12012016@gmail.com', 'MALE', '2019-05-10 19:18:21', '2019-05-10 19:18:21'),
(642, 18237, 'Amtul Maswara Ahmed', 1, 6, 'amtulmaswaraahmed@gmail.com', 'FEMALE', '2019-05-10 19:18:21', '2019-05-10 19:18:21'),
(641, 18297, 'Amandeep Singh', 1, 6, 'amanrandhawa1999@gmail.com', 'MALE', '2019-05-10 19:18:21', '2019-05-10 19:18:21'),
(640, 18054, 'Aman Kumar Ojha', 1, 6, 'ojhaaman189@gmail.com', 'MALE', '2019-05-10 19:18:21', '2019-05-10 19:18:21'),
(639, 18193, 'Aman Singh', 1, 6, 'amansingh95077@gmail.com', 'MALE', '2019-05-10 19:18:21', '2019-05-10 19:18:21'),
(638, 18245, 'Aman Sharma', 1, 6, 'amanbhardwaj6547321@gmail.com', 'MALE', '2019-05-10 19:18:21', '2019-05-10 19:18:21'),
(637, 18326, 'Akshit Mamgain', 1, 6, 'mamgain.mohan5@gmail.com', 'MALE', '2019-05-10 19:18:21', '2019-05-10 19:18:21'),
(636, 18323, 'Akshay Singh Rawat', 1, 6, 'dsrawat2709@yahoo.com', 'MALE', '2019-05-10 19:18:21', '2019-05-10 19:18:21'),
(635, 18307, 'Akshay Sharma', 1, 6, 'akshaysharma30121999@gmail.com', 'MALE', '2019-05-10 19:18:21', '2019-05-10 19:18:21'),
(634, 18179, 'Akhil J Nair', 1, 6, 'targetakhil@gmail.com', 'MALE', '2019-05-10 19:18:21', '2019-05-10 19:18:21'),
(923, 18257, 'SUMIT KUMAR', 1, 3, 'sumit818105@gmail.com', 'MALE', '2019-05-10 19:18:29', '2019-05-10 19:18:29'),
(924, 18437, 'Vishvajeet Singh Chandrawat', 1, 3, 'vishvajeetsinghchandrawat@gmail.com', 'MALE', '2019-05-10 19:18:29', '2019-05-10 19:18:29'),
(925, 18446, 'Yasbir Singh', 1, 3, 'yasbir.hisar@gmail.com', 'MALE', '2019-05-10 19:18:29', '2019-05-10 19:18:29'),
(926, 18953, 'SANJU BALORIA', 1, 3, 'sanjubaloria12@gmail.com', 'MALE', '2019-05-10 19:18:29', '2019-05-10 19:18:29'),
(927, 18473, 'Alok Jhajhria', 1, 3, 'indra_singh71@rediffmail.com', 'MALE', '2019-05-10 19:18:29', '2019-05-10 19:18:29'),
(928, 18471, 'Supriya Negi', 1, 3, 'supriya.negi.5@gmail.com', 'FEMALE', '2019-05-10 19:18:29', '2019-05-10 19:18:29'),
(929, 18475, 'Mayank Kumar', 1, 3, 'kmayank277@gmail.com', 'MALE', '2019-05-10 19:18:29', '2019-05-10 19:18:29'),
(930, 18958, 'SACHIN DOGRA', 1, 3, 'digra.sachinsd@gmail.com', 'MALE', '2019-05-10 19:18:29', '2019-05-10 19:18:29'),
(931, 18476, 'Abhishek Kulhari', 1, 3, 'abhishekkulhari53@gmail.com', 'MALE', '2019-05-10 19:18:29', '2019-05-10 19:18:29'),
(932, 18478, 'Deepshikha Tripathi', 1, 3, 'sktdeepshikha999@gmail.com', 'FEMALE', '2019-05-10 19:18:29', '2019-05-10 19:18:29'),
(933, 18487, 'Shubham Kumar', 1, 3, 'shubham8863004347@gmail.com', 'MALE', '2019-05-10 19:18:29', '2019-05-10 19:18:29'),
(934, 16819, 'A Rahul', 3, 2, 'raul97rahul@gmail.com', 'MALE', '2019-05-11 13:15:37', '2019-05-11 13:15:37'),
(935, 17917, 'AKSHAY TIWARI', 3, 2, 'tiwari.akshay111998@gmail.com', 'MALE', '2019-05-11 13:15:37', '2019-05-11 13:15:37'),
(936, 16817, 'JITENDRA GUPTA', 3, 2, 'gupta02041999@gmail.com', 'MALE', '2019-05-11 13:15:37', '2019-05-11 13:15:37'),
(937, 17919, 'Mukesh Kumar Lohani', 3, 2, 'manmuk10@gmail.com', 'MALE', '2019-05-11 13:15:37', '2019-05-11 13:15:37'),
(938, 16749, 'Nitesh Kumar', 3, 2, 'nite0sh@gmail.com', 'MALE', '2019-05-11 13:15:37', '2019-05-11 13:15:37'),
(939, 17933, 'p suraj kumar', 3, 2, 'sur976267@gmail.com', 'MALE', '2019-05-11 13:15:37', '2019-05-11 13:15:37'),
(940, 16674, 'Paila Srinivasa Rao', 3, 2, 'srinivaspaila555@gmail.com', 'MALE', '2019-05-11 13:15:37', '2019-05-11 13:15:37'),
(941, 17916, 'PANDURANG T PAWAR', 3, 2, 'pandurangpawar1303@gmail.com', 'MALE', '2019-05-11 13:15:37', '2019-05-11 13:15:37'),
(942, 16629, 'Pankaj Yadav', 3, 2, 'pykumar997@gmail.com', 'MALE', '2019-05-11 13:15:37', '2019-05-11 13:15:37'),
(943, 16714, 'Parwinder Singh', 3, 2, 'parwinder.009@rediffmail.com', 'MALE', '2019-05-11 13:15:37', '2019-05-11 13:15:37'),
(944, 16693, 'Pawan Kumar', 3, 2, 'ipawan.ky@gmail.com', 'MALE', '2019-05-11 13:15:37', '2019-05-11 13:15:37'),
(945, 16603, 'Pooja Gangola', 3, 2, 'poojagangola02@gmail.com', 'FEMALE', '2019-05-11 13:15:37', '2019-05-11 13:15:37'),
(946, 16767, 'Pooja Kumari', 3, 2, 'pkchahal97@gmail.com', 'FEMALE', '2019-05-11 13:15:37', '2019-05-11 13:15:37'),
(947, 16769, 'Prateek Singh', 3, 2, 'psc3018@gmail.com', 'MALE', '2019-05-11 13:15:37', '2019-05-11 13:15:37'),
(948, 16751, 'Prerna Singh', 3, 2, 'prernampvm002@gmail.com', 'FEMALE', '2019-05-11 13:15:37', '2019-05-11 13:15:37'),
(949, 16500, 'Raashik Kariappa', 3, 2, 'rashikkariappa@gmail.com', 'MALE', '2019-05-11 13:15:37', '2019-05-11 13:15:37'),
(950, 16607, 'Rahul Singh', 3, 2, 'jsrahul70@gmail.com', 'MALE', '2019-05-11 13:15:37', '2019-05-11 13:15:37'),
(951, 17926, 'Rajeshwar Raosaheb S', 3, 2, 'rajeshwar.r.shinde1091998@gmail.com', 'MALE', '2019-05-11 13:15:37', '2019-05-11 13:15:37'),
(952, 16670, 'Raunak Pandey', 3, 2, 'pandeyraunak143@gmail.com', 'MALE', '2019-05-11 13:15:37', '2019-05-11 13:15:37'),
(953, 16668, 'Richa TIWARI', 3, 2, 'richatiwarikv3@gmail.com', 'FEMALE', '2019-05-11 13:15:37', '2019-05-11 13:15:37'),
(954, 16793, 'Rishab Tiwari', 3, 2, 'prezrishabh005@gmail.com', 'MALE', '2019-05-11 13:15:37', '2019-05-11 13:15:37'),
(955, 16592, 'Rishabh singh', 3, 2, 'rslucky21@gmail.com', 'MALE', '2019-05-11 13:15:37', '2019-05-11 13:15:37'),
(956, 16712, 'Ritika Nagarkoti', 3, 2, 'riyanagarkoti3112@gmail.com', 'FEMALE', '2019-05-11 13:15:37', '2019-05-11 13:15:37'),
(957, 16597, 'Ritika Rain', 3, 2, 'ritikarain1807@gmail.com', 'FEMALE', '2019-05-11 13:15:37', '2019-05-11 13:15:37'),
(958, 16798, 'Sachin Chauhan', 3, 2, 's9675701@gmail.com', 'MALE', '2019-05-11 13:15:37', '2019-05-11 13:15:37'),
(959, 16820, 'SACHIN GAUR', 3, 2, 'sachingaur820@gmail.com', 'MALE', '2019-05-11 13:15:37', '2019-05-11 13:15:37'),
(960, 17929, 'SACHIN KAUSHIK', 3, 2, 'kaushiksachin864@gmail.com', 'MALE', '2019-05-11 13:15:37', '2019-05-11 13:15:37'),
(961, 16616, 'SACHIN KUMAR', 3, 2, 'sk2478676@gmail.com', 'MALE', '2019-05-11 13:15:37', '2019-05-11 13:15:37'),
(962, 16671, 'Sahil Sachan', 3, 2, 'SAHILSACHAN420@GMAIL.COM', 'MALE', '2019-05-11 13:15:37', '2019-05-11 13:15:37'),
(963, 16633, 'Sahil Sharma', 3, 2, 'sahilkushsharma@gmail.com', 'MALE', '2019-05-11 13:15:37', '2019-05-11 13:15:37'),
(964, 16543, 'Sakshi Kulhari', 3, 2, 'sakshikulhari1@gmail.com', 'FEMALE', '2019-05-11 13:15:37', '2019-05-11 13:15:37'),
(965, 16610, 'Sharad Singh Bisht', 3, 2, 'sharadbisht3@gmail.com', 'MALE', '2019-05-11 13:15:38', '2019-05-11 13:15:38'),
(966, 16623, 'Shashank Sharma', 3, 2, 'sonusharma67890@gmail.com', 'MALE', '2019-05-11 13:15:38', '2019-05-11 13:15:38'),
(967, 16664, 'SHIVA PAL', 3, 2, 'shivapal128@gmail.com', 'MALE', '2019-05-11 13:15:38', '2019-05-11 13:15:38'),
(968, 16755, 'SHIVANI BHANDARI', 3, 2, 'shivanibhandari27@gmail.com', 'FEMALE', '2019-05-11 13:15:38', '2019-05-11 13:15:38'),
(969, 16409, 'SHIVANI VERMA', 3, 2, 'sv8218166@gmail.com', 'FEMALE', '2019-05-11 13:15:38', '2019-05-11 13:15:38'),
(970, 16830, 'Shobhan Nath', 3, 2, 'nathshobhan@gmail.com', 'MALE', '2019-05-11 13:15:38', '2019-05-11 13:15:38'),
(971, 16631, 'SIMON SINGH', 3, 2, '9simonsingh19@gmail.com', 'FEMALE', '2019-05-11 13:15:38', '2019-05-11 13:15:38'),
(972, 16709, 'SUBHADIP MAITY', 3, 2, 'subhadipinsmpm99@gmail.com', 'MALE', '2019-05-11 13:15:38', '2019-05-11 13:15:38'),
(973, 16639, 'SUDHA', 3, 2, 'sudhasinghindian97@gmail.com', 'FEMALE', '2019-05-11 13:15:38', '2019-05-11 13:15:38'),
(974, 16727, 'SUFI ALI', 3, 2, 'sufiali699@gmail.com', 'MALE', '2019-05-11 13:15:38', '2019-05-11 13:15:38'),
(975, 16721, 'SUNIL KUMAR', 3, 2, 'sunilkumarbly990@gmail.com', 'MALE', '2019-05-11 13:15:38', '2019-05-11 13:15:38'),
(976, 16770, 'SUNIL SINGH MANOLA', 3, 2, 'sunil4565804@gmail.com', 'MALE', '2019-05-11 13:15:38', '2019-05-11 13:15:38'),
(977, 16736, 'SUPRABHA KUNDU', 3, 2, 'suprabhakundu12@gmail.com', 'FEMALE', '2019-05-11 13:15:38', '2019-05-11 13:15:38'),
(978, 16594, 'SURBHI SHARMA', 3, 2, 'surbhisharmarit.42@gmail.com', 'FEMALE', '2019-05-11 13:15:38', '2019-05-11 13:15:38'),
(979, 16365, 'SWATI JHA', 3, 2, 'jhaswati5798@gmail.com', 'FEMALE', '2019-05-11 13:15:38', '2019-05-11 13:15:38'),
(980, 17918, 'Uma Kumari', 3, 2, 'umak77884@gmail.com', 'FEMALE', '2019-05-11 13:15:38', '2019-05-11 13:15:38'),
(981, 16803, 'Utkarsh Mishra', 3, 2, 'utkarshmishra2210@gmail.com', 'MALE', '2019-05-11 13:15:38', '2019-05-11 13:15:38'),
(982, 16517, 'Vatsal Rai', 3, 2, 'vatsalrai12091997@gmail.com', 'MALE', '2019-05-11 13:15:38', '2019-05-11 13:15:38'),
(983, 16548, 'Venkateshwar Tiwary', 3, 2, 'bittamtiwary@gmail.com', 'MALE', '2019-05-11 13:15:38', '2019-05-11 13:15:38'),
(984, 16739, 'Vichitar Singh', 3, 2, 'raghavvichitar123456@gmail.com', 'MALE', '2019-05-11 13:15:38', '2019-05-11 13:15:38'),
(985, 16715, 'VICKY PACHORI', 3, 2, 'vickypachori6525@gmail.com', 'MALE', '2019-05-11 13:15:38', '2019-05-11 13:15:38'),
(986, 16733, 'VIKAS MISHRA', 3, 2, 'vkmishra210198@gmail.com', 'MALE', '2019-05-11 13:15:38', '2019-05-11 13:15:38'),
(987, 16705, 'VIKSHIT SINGH RATHOR', 3, 2, 'vikshit06rathor@gmail.com', 'MALE', '2019-05-11 13:15:38', '2019-05-11 13:15:38'),
(988, 17924, 'VINAY KUMAR', 3, 2, 'vinaykumar77760@gmail.com', 'MALE', '2019-05-11 13:15:38', '2019-05-11 13:15:38'),
(989, 16801, 'Vinish Kumar', 3, 2, 'sharma.vinish13498@gmail.com', 'MALE', '2019-05-11 13:15:38', '2019-05-11 13:15:38'),
(990, 16795, 'Yashveer Singh', 3, 2, 'yashveersingh2781997@gmail.com', 'MALE', '2019-05-11 13:15:38', '2019-05-11 13:15:38'),
(991, 18976, 'Akash Auti', 3, 2, 'akashauti02@gmail.com', 'MALE', '2019-05-11 13:15:38', '2019-05-11 13:15:38'),
(992, 18977, 'ASHWINI RAJKUMAR PATIL', 3, 2, 'ashwinip309@gmail.com', 'FEMALE', '2019-05-11 13:15:38', '2019-05-11 13:15:38'),
(993, 18980, 'Shamal Sambhaji Patil', 3, 2, 'shamal_patil98@rediffmail.com', 'FEMALE', '2019-05-11 13:15:38', '2019-05-11 13:15:38'),
(994, 17915, 'ABHIJIT BHOSLE', 3, 1, 'abhijit.bhosle11@gmail.com', 'MALE', '2019-05-11 13:15:38', '2019-05-11 13:15:38'),
(995, 16642, 'ABHISHEK', 3, 1, 'abhishekchoudhary5131@gmail.com', 'MALE', '2019-05-11 13:15:38', '2019-05-11 13:15:38'),
(996, 16577, 'ABHISHEK Kumar SINGH', 3, 1, 'abhishek.phoenix19@gmail.com', 'MALE', '2019-05-11 13:15:38', '2019-05-11 13:15:38'),
(997, 16539, 'Abhishek Kushwaha', 3, 1, 'kushwahaabhishek63@gmail.com', 'MALE', '2019-05-11 13:15:38', '2019-05-11 13:15:38'),
(998, 16640, 'ABHISHEK Yadav', 3, 1, 'abhishekkhorea@gmail.com', 'MALE', '2019-05-11 13:15:38', '2019-05-11 13:15:38'),
(999, 16672, 'ABHISHEK Yadav', 3, 1, 'abhishekyadav2498@gmail.com', 'MALE', '2019-05-11 13:15:38', '2019-05-11 13:15:38'),
(1000, 16738, 'Aditya SINGH', 3, 1, 'adityaoo.as5@gmail.com', 'MALE', '2019-05-11 13:15:38', '2019-05-11 13:15:38'),
(1001, 16807, 'ADRASH SINGH', 3, 1, 'adrash2601singh@gmail.com', 'MALE', '2019-05-11 13:15:38', '2019-05-11 13:15:38'),
(1002, 16787, 'Akash Bhadoria', 3, 1, 'akash8085851357@gmail.com', 'MALE', '2019-05-11 13:15:38', '2019-05-11 13:15:38'),
(1003, 16455, 'Akash Tandle', 3, 1, 'akashtandle1111@gmail.com', 'MALE', '2019-05-11 13:15:38', '2019-05-11 13:15:38'),
(1004, 16700, 'Aman SINGH', 3, 1, 'amantomar20@gmail.com', 'MALE', '2019-05-11 13:15:38', '2019-05-11 13:15:38'),
(1005, 16609, 'Amarjeet Saini', 3, 1, 'amarjeets167@gmail.com', 'MALE', '2019-05-11 13:15:38', '2019-05-11 13:15:38'),
(1006, 16685, 'Amit Joshi', 3, 1, 'ajstyl2.4.2@gmail.com', 'MALE', '2019-05-11 13:15:38', '2019-05-11 13:15:38'),
(1007, 16772, 'Ananya Shyamal', 3, 1, 'shyamalananya18@gmail.com', 'FEMALE', '2019-05-11 13:15:38', '2019-05-11 13:15:38'),
(1008, 16654, 'Ananya Tewari', 3, 1, 'ananyatewari10@gmail.com', 'FEMALE', '2019-05-11 13:15:38', '2019-05-11 13:15:38'),
(1009, 16703, 'Anil Kumar', 3, 1, 'anil999897@gmail.com', 'MALE', '2019-05-11 13:15:38', '2019-05-11 13:15:38'),
(1010, 16702, 'ANISH KUMAR', 3, 1, 'anishkumar2230@gmail.com', 'MALE', '2019-05-11 13:15:38', '2019-05-11 13:15:38'),
(1011, 16799, 'Anjani kumar dubey', 3, 1, 'anjanidubey181198@gmail.com', 'MALE', '2019-05-11 13:15:38', '2019-05-11 13:15:38'),
(1012, 16791, 'ANKIT', 3, 1, 'ankityadavga5@outlook.com', 'MALE', '2019-05-11 13:15:38', '2019-05-11 13:15:38'),
(1013, 16677, 'Ankit Bisht', 3, 1, 'dilonapsl41@gmail.com', 'MALE', '2019-05-11 13:15:38', '2019-05-11 13:15:38'),
(1014, 16576, 'ANKIT YADAV', 3, 1, 'novelmaniac1999@gmail.com', 'MALE', '2019-05-11 13:15:38', '2019-05-11 13:15:38'),
(1015, 16456, 'Ankur Chopra', 3, 1, 'ankur.chopsy@gmail.com', 'MALE', '2019-05-11 13:15:38', '2019-05-11 13:15:38'),
(1016, 16464, 'ANKUSH MANDAL', 3, 1, 'ankushmondal@yahoo.com', 'MALE', '2019-05-11 13:15:38', '2019-05-11 13:15:38'),
(1017, 16383, 'Anshu Banerjee', 3, 1, 'anshu.banerjee17@gmail.com', 'FEMALE', '2019-05-11 13:15:38', '2019-05-11 13:15:38'),
(1018, 16729, 'Aravinda Hati', 3, 1, 'hatiaravinda1998@gmail.com', 'MALE', '2019-05-11 13:15:38', '2019-05-11 13:15:38'),
(1019, 16219, 'ASHISH MISHRA', 3, 1, 'ashishmishrapcm@gmail.com', 'MALE', '2019-05-11 13:15:38', '2019-05-11 13:15:38'),
(1020, 17913, 'ATHARVA MANGESH WANKHADE', 3, 1, 'atharvawankh@gmail.com', 'MALE', '2019-05-11 13:15:38', '2019-05-11 13:15:38'),
(1021, 16701, 'Bharat Prasad Dixit', 3, 1, 'bpdprasaddixit8387@gmail.com', 'MALE', '2019-05-11 13:15:38', '2019-05-11 13:15:38'),
(1022, 16756, 'DAYA SHANKAR VIDYARTHI', 3, 1, 'dayagsshankar@gmail.com', 'MALE', '2019-05-11 13:15:38', '2019-05-11 13:15:38'),
(1023, 16657, 'Deepak Kumar', 3, 1, 'dkj1999420@gmail.com', 'MALE', '2019-05-11 13:15:38', '2019-05-11 13:15:38'),
(1024, 16761, 'Deepak Kumar', 3, 1, 'dk6636725@gmail.com', 'MALE', '2019-05-11 13:15:38', '2019-05-11 13:15:38'),
(1025, 16812, 'deepak kumar', 3, 1, 'ydeepak.22031998@gmail.com', 'MALE', '2019-05-11 13:15:38', '2019-05-11 13:15:38'),
(1026, 16686, 'Deepak Kumar Yadav', 3, 1, 'deepakkumaryadav_16686@aitpune.edu.in', 'MALE', '2019-05-11 13:15:38', '2019-05-11 13:15:38'),
(1027, 16619, 'Deepak Yadav', 3, 1, 'deepak16619@gmail.com', 'MALE', '2019-05-11 13:15:38', '2019-05-11 13:15:38'),
(1028, 16659, 'Dhiraj sharma', 3, 1, 'dhirajcoolssharma@gmail.com', 'MALE', '2019-05-11 13:15:38', '2019-05-11 13:15:38'),
(1029, 16320, 'Gaurav Manoj Salaskar', 3, 1, 'salaskargaurav@gmail.com', 'MALE', '2019-05-11 13:15:38', '2019-05-11 13:15:38'),
(1030, 16652, 'Govind Kumar Mishra', 3, 1, 'govindkm.sv@gmail.com', 'MALE', '2019-05-11 13:15:38', '2019-05-11 13:15:38'),
(1031, 16757, 'Hitabrata Nath', 3, 1, 'hitabratanath@gmail.com', 'MALE', '2019-05-11 13:15:38', '2019-05-11 13:15:38'),
(1032, 16656, 'Kanika Manhas', 3, 1, 'kanikamanhas27@gmail.com', 'FEMALE', '2019-05-11 13:15:38', '2019-05-11 13:15:38'),
(1033, 16413, 'Manish Shakya', 3, 1, 'manishshakya1907@gmail.com', 'MALE', '2019-05-11 13:15:38', '2019-05-11 13:15:38'),
(1034, 16637, 'Manjit Singh', 3, 1, 'singhisking23111997@gmail.com', 'MALE', '2019-05-11 13:15:38', '2019-05-11 13:15:38'),
(1035, 16780, 'Megha darshani Swain', 3, 1, 'meghapendu17@gmail.com', 'FEMALE', '2019-05-11 13:15:38', '2019-05-11 13:15:38'),
(1036, 16589, 'Mohit Yadav', 3, 1, 'mohityadav273@gmail.com', 'MALE', '2019-05-11 13:15:38', '2019-05-11 13:15:38'),
(1037, 16763, 'Mritunjay Kumar Singh', 3, 1, 'mritunjaysingh045@gmail.com', 'MALE', '2019-05-11 13:15:38', '2019-05-11 13:15:38'),
(1038, 16831, 'Nawab Alam', 3, 1, 'ahmadraja32@gmail.com', 'MALE', '2019-05-11 13:15:38', '2019-05-11 13:15:38'),
(1039, 16692, 'Neeraj Kumar Singh', 3, 1, 'neerajks241@gmail.com', 'MALE', '2019-05-11 13:15:38', '2019-05-11 13:15:38'),
(1040, 17932, 'NIKHIL RAJULE', 3, 1, 'rajulenikhil@yahoo.com', 'MALE', '2019-05-11 13:15:38', '2019-05-11 13:15:38'),
(1041, 16632, 'Pavan Kumar Nangi Reddy', 3, 1, 'nangireddy.pavankumar791@gmail.com', 'MALE', '2019-05-11 13:15:38', '2019-05-11 13:15:38'),
(1042, 16815, 'Rana Sourav Kumar Singh', 3, 1, 'sorreu99@gmail.com', 'MALE', '2019-05-11 13:15:38', '2019-05-11 13:15:38'),
(1043, 16678, 'saikiran donkana', 3, 1, 'saikirandonkana@32gmail.com', 'MALE', '2019-05-11 13:15:38', '2019-05-11 13:15:38'),
(1044, 17911, 'Sanjeevani Sawant', 3, 1, 'sanjeevani040698@gmail.com', 'FEMALE', '2019-05-11 13:15:38', '2019-05-11 13:15:38'),
(1045, 16810, 'Sushil Bapurao Dhembare', 3, 1, 'sushildhembare95@gmail.com', 'MALE', '2019-05-11 13:15:38', '2019-05-11 13:15:38'),
(1046, 16829, 'VARSHIT YADAV', 3, 1, 'vrshtdv64@gmail.com', 'MALE', '2019-05-11 13:15:38', '2019-05-11 13:15:38'),
(1047, 16744, 'Vijayakrishna Rao Kurra', 3, 1, 'vijayakrishnarao.kurra@gmail.com', 'MALE', '2019-05-11 13:15:38', '2019-05-11 13:15:38'),
(1048, 15534, 'Shreya Sharma', 3, 1, 'shreyawsmc@gmail.com', 'FEMALE', '2019-05-11 13:15:39', '2019-05-11 13:15:39'),
(1049, 15672, 'Avinash Kumar', 3, 1, 'vickeykmr95@gmail.com', 'MALE', '2019-05-11 13:15:39', '2019-05-11 13:15:39'),
(1050, 15651, 'Sandeep Kumar', 3, 1, 'sandeepkumar100696@gmail.com', 'MALE', '2019-05-11 13:15:39', '2019-05-11 13:15:39'),
(1051, 18975, 'SARTHAK VASUDEVA', 3, 1, 'sarthakvasudeva@yahoo.com', 'MALE', '2019-05-11 13:15:39', '2019-05-11 13:15:39'),
(1052, 18978, 'PRANJALI DONGARE', 3, 1, 'dongarepranjali1599@gmail.com', 'FEMALE', '2019-05-11 13:15:39', '2019-05-11 13:15:39'),
(1053, 16308, 'ABHILASHA KUMARI', 3, 5, 'abhilashak2k@gmail.com', 'FEMALE', '2019-05-11 13:15:39', '2019-05-11 13:15:39'),
(1054, 16121, 'ABHINAY', 3, 5, 'chauhan.abhinay.singh@gmail.com', 'MALE', '2019-05-11 13:15:39', '2019-05-11 13:15:39');
INSERT INTO `user_data` (`id`, `regno`, `name`, `year`, `branch`, `email`, `sex`, `created_at`, `updated_at`) VALUES
(1055, 16328, 'Abhishek kumar singh', 3, 5, 'abhishekagni521@gmail.com', 'MALE', '2019-05-11 13:15:39', '2019-05-11 13:15:39'),
(1056, 16227, 'ABHISHEK CHAUHAN', 3, 5, 'rabhishekc@gamil.com', 'MALE', '2019-05-11 13:15:39', '2019-05-11 13:15:39'),
(1057, 16333, 'Abhishek Srivastava', 3, 5, 'myidas98@gmail.com', 'MALE', '2019-05-11 13:15:39', '2019-05-11 13:15:39'),
(1058, 16246, 'Ajay chand', 3, 5, 'ajchand6286@gmail.com', 'MALE', '2019-05-11 13:15:39', '2019-05-11 13:15:39'),
(1059, 16077, 'Ajay Singh Negi', 3, 5, 'ajaysingh9022@gmail.com', 'MALE', '2019-05-11 13:15:39', '2019-05-11 13:15:39'),
(1060, 16316, 'Akash Kumar Singh', 3, 5, 'akashKumar19107@gmail.com', 'MALE', '2019-05-11 13:15:39', '2019-05-11 13:15:39'),
(1061, 16096, 'Akash Ramdev', 3, 5, 'akashramdev@gmail.com', 'MALE', '2019-05-11 13:15:39', '2019-05-11 13:15:39'),
(1062, 16156, 'Akshay Ramdev', 3, 5, 'akshay.ramdev@yahoo.com', 'MALE', '2019-05-11 13:15:39', '2019-05-11 13:15:39'),
(1063, 16215, 'Amit Kaswan', 3, 5, 'kaswanamit00@gmail.com', 'MALE', '2019-05-11 13:15:39', '2019-05-11 13:15:39'),
(1064, 16201, 'Amit Kumar Yadav', 3, 5, 'amit5841468@gmail.com', 'MALE', '2019-05-11 13:15:39', '2019-05-11 13:15:39'),
(1065, 16102, 'Anjali Chaudhary', 3, 5, 'anjalichaudhary671@gmail.com', 'FEMALE', '2019-05-11 13:15:39', '2019-05-11 13:15:39'),
(1066, 16072, 'ANUJ SINGH', 3, 5, 'anujsingh9710@gmail.com', 'MALE', '2019-05-11 13:15:39', '2019-05-11 13:15:39'),
(1067, 16093, 'Anurag', 3, 5, 'anurag.malhan10@gmail.com', 'MALE', '2019-05-11 13:15:39', '2019-05-11 13:15:39'),
(1068, 16844, 'Arjun Gangwar', 3, 5, 'arjungangwar@gmail.com', 'MALE', '2019-05-11 13:15:39', '2019-05-11 13:15:39'),
(1069, 16243, 'Arvind Bhatt', 3, 5, 'arvindbhatt066@gmail.com', 'MALE', '2019-05-11 13:15:39', '2019-05-11 13:15:39'),
(1070, 16256, 'Ashish Kumar Kuwar', 3, 5, 'ashishkuwar007@gmail.com', 'MALE', '2019-05-11 13:15:39', '2019-05-11 13:15:39'),
(1071, 16226, 'Ashish Seth', 3, 5, 'ramsagar6670@gmail.com', 'MALE', '2019-05-11 13:15:39', '2019-05-11 13:15:39'),
(1072, 16339, 'Ashok Kumar', 3, 5, 'ASHOKNEHRALODIPURA@GMAIL.COM', 'MALE', '2019-05-11 13:15:39', '2019-05-11 13:15:39'),
(1073, 16323, 'Avinash Yadav', 3, 5, 'raoyadavavi@gmail.com', 'MALE', '2019-05-11 13:15:39', '2019-05-11 13:15:39'),
(1074, 16170, 'BHANU KARI', 3, 5, 'bhanuchoudary1999@gmail.com', 'MALE', '2019-05-11 13:15:39', '2019-05-11 13:15:39'),
(1075, 16040, 'BHANU PARTAP SINGH', 3, 5, 'bhanupartap510@gmail.com', 'MALE', '2019-05-11 13:15:39', '2019-05-11 13:15:39'),
(1076, 16358, 'CHANDRA SHEKHAR RAWAT', 3, 5, 'cs215100@gmail.com', 'MALE', '2019-05-11 13:15:39', '2019-05-11 13:15:39'),
(1077, 16074, 'Deepanshu Jha', 3, 5, 'deeps24jha@gmail.com', 'MALE', '2019-05-11 13:15:39', '2019-05-11 13:15:39'),
(1078, 16286, 'divakar singh', 3, 5, 'divakarsingh1818@gmail.com', 'MALE', '2019-05-11 13:15:39', '2019-05-11 13:15:39'),
(1079, 16085, 'Durgeswore Prasad Mohanty', 3, 5, 'durgeshp589@gmail.com', 'MALE', '2019-05-11 13:15:39', '2019-05-11 13:15:39'),
(1080, 16315, 'G KRANTHI KIRAN', 3, 5, 'gkranthi.kiran.99@gmail.com', 'MALE', '2019-05-11 13:15:39', '2019-05-11 13:15:39'),
(1081, 16134, 'G MOTHY', 3, 5, 'gobillamothy85@gmail.com', 'MALE', '2019-05-11 13:15:39', '2019-05-11 13:15:39'),
(1082, 16318, 'GARIMA', 3, 5, 'garimasingh201297@gmail.com', 'FEMALE', '2019-05-11 13:15:39', '2019-05-11 13:15:39'),
(1083, 16331, 'Gurpreet kamboj', 3, 5, 'kambojgurpreet32@gmail.com', 'MALE', '2019-05-11 13:15:39', '2019-05-11 13:15:39'),
(1084, 16312, 'GURPREET SINGH', 3, 5, 'gurpreetsingh160199@gmail.com', 'MALE', '2019-05-11 13:15:39', '2019-05-11 13:15:39'),
(1085, 16317, 'Jaya Rai', 3, 5, 'jayarai241998@gmail.com', 'FEMALE', '2019-05-11 13:15:39', '2019-05-11 13:15:39'),
(1086, 16278, 'Jayrajsinh B Gohil', 3, 5, 'jayrajgohil23@gmail.com', 'MALE', '2019-05-11 13:15:39', '2019-05-11 13:15:39'),
(1087, 16311, 'Juhi', 3, 5, 'juhijha27@gmail.com', 'FEMALE', '2019-05-11 13:15:39', '2019-05-11 13:15:39'),
(1088, 16223, 'Kamal Singh Mehra', 3, 5, 'krrish.mehra6@gmail.com', 'MALE', '2019-05-11 13:15:39', '2019-05-11 13:15:39'),
(1089, 17920, 'kirtee kushwaha', 3, 5, 'kirtee720@gmail.com', 'FEMALE', '2019-05-11 13:15:39', '2019-05-11 13:15:39'),
(1090, 16247, 'KULDEEP SINGH', 3, 5, 'singhkuldeep4556@gmail.com', 'MALE', '2019-05-11 13:15:39', '2019-05-11 13:15:39'),
(1091, 16276, 'kumari garima', 3, 5, 'garimanov15@gmail.com', 'FEMALE', '2019-05-11 13:15:39', '2019-05-11 13:15:39'),
(1092, 16338, 'LOKENDER CHOUHAN', 3, 5, 'lokenderajdpr@gmail.com', 'MALE', '2019-05-11 13:15:39', '2019-05-11 13:15:39'),
(1093, 16177, 'Maneesh Singh Bhakuni', 3, 5, 'maneeshbhakoni_16177@aitpune.edu.in', 'MALE', '2019-05-11 13:15:39', '2019-05-11 13:15:39'),
(1094, 16018, 'Manish omraj kumar', 3, 5, '1998manishmks@gmail.com', 'MALE', '2019-05-11 13:15:39', '2019-05-11 13:15:39'),
(1095, 16238, 'manjeet k raj', 3, 5, 'manjeetrajlakshman@gmail.com', 'MALE', '2019-05-11 13:15:39', '2019-05-11 13:15:39'),
(1096, 16110, 'MD JESHAN ALI KHAN', 3, 5, 'jeshankhn6@gmail.com', 'MALE', '2019-05-11 13:15:39', '2019-05-11 13:15:39'),
(1097, 16281, 'MOHIT KUMAR', 3, 5, 'MOHITKUMAR121297@GMAIL.COM', 'MALE', '2019-05-11 13:15:39', '2019-05-11 13:15:39'),
(1098, 16235, 'Mukul Tyagi', 3, 5, 'cool.tyagi4@gmail.com', 'MALE', '2019-05-11 13:15:39', '2019-05-11 13:15:39'),
(1099, 16262, 'Naman Agarwal', 3, 5, 'namanagarwal1997@gmail.com', 'MALE', '2019-05-11 13:15:39', '2019-05-11 13:15:39'),
(1100, 16257, 'Nandan Kumar', 3, 5, 'rockernandu1997@gmail.com', 'MALE', '2019-05-11 13:15:39', '2019-05-11 13:15:39'),
(1101, 16255, 'Narendra Singh', 3, 5, 'narendrasingh2036@gmail.com', 'MALE', '2019-05-11 13:15:39', '2019-05-11 13:15:39'),
(1102, 16107, 'Niket Kumar', 3, 5, 'niketkumar968@gmail.com', 'MALE', '2019-05-11 13:15:39', '2019-05-11 13:15:39'),
(1103, 16253, 'Nikhilesh Chandra Dorbi', 3, 5, 'dorbinikhilesh@gmail.com', 'MALE', '2019-05-11 13:15:39', '2019-05-11 13:15:39'),
(1104, 16189, 'PALRIKA MOHAN', 3, 5, 'pmpalrika@gmail.com', 'FEMALE', '2019-05-11 13:15:39', '2019-05-11 13:15:39'),
(1105, 16216, 'PANKAJ KUMAR MALIK', 3, 5, 'pankajmalik562@gmail.com', 'MALE', '2019-05-11 13:15:39', '2019-05-11 13:15:39'),
(1106, 16207, 'Param Satyam Pandey', 3, 5, 'thestarpsp004@gmail.com', 'MALE', '2019-05-11 13:15:39', '2019-05-11 13:15:39'),
(1107, 16114, 'Pooja Singh', 3, 5, 'oooiampooja18@gmail.com', 'FEMALE', '2019-05-11 13:15:39', '2019-05-11 13:15:39'),
(1108, 16357, 'Pramod Dnyandeo Mhalaskar', 3, 5, 'pramodmhalaskar99@gmail.com', 'MALE', '2019-05-11 13:15:39', '2019-05-11 13:15:39'),
(1109, 17923, 'Ritesh Kumar', 3, 5, 'lambaritesh01@gmail.com', 'MALE', '2019-05-11 13:15:39', '2019-05-11 13:15:39'),
(1110, 16502, 'SHWETA KUMARI', 3, 5, '25shwetakshasha@gmail.com', 'FEMALE', '2019-05-11 13:15:39', '2019-05-11 13:15:39'),
(1111, 16384, 'Suraj Singh Bisht', 3, 5, 'srjbisht857@gmail.com', 'MALE', '2019-05-11 13:15:40', '2019-05-11 13:15:40'),
(1112, 16555, 'Bijendra Singh', 3, 6, 'bijender360@outlook.com', 'MALE', '2019-05-11 13:15:40', '2019-05-11 13:15:40'),
(1113, 17928, 'Chandan Yadav', 3, 6, 'yadavchandan8808@gmail.com', 'MALE', '2019-05-11 13:15:40', '2019-05-11 13:15:40'),
(1114, 16364, 'Dev Karan Pradhan', 3, 6, 'dvpradhan312@gmail.com', 'MALE', '2019-05-11 13:15:40', '2019-05-11 13:15:40'),
(1115, 16730, 'keshav kumar', 3, 6, 'keshav00734@gmail.com', 'MALE', '2019-05-11 13:15:40', '2019-05-11 13:15:40'),
(1116, 16182, 'Manvitha Tamma', 3, 6, 'manvithatamma88@gmail.com', 'FEMALE', '2019-05-11 13:15:40', '2019-05-11 13:15:40'),
(1117, 16658, 'Pankaj Kumar Singh', 3, 6, 'me4pankaj456@gmail.com', 'MALE', '2019-05-11 13:15:40', '2019-05-11 13:15:40'),
(1118, 16269, 'Paramvir Singh', 3, 6, 'singhparamvirpratap@gmail.com', 'MALE', '2019-05-11 13:15:40', '2019-05-11 13:15:40'),
(1119, 16260, 'Pradeep Singh', 3, 6, 'pradeeprocks1999@gmail.com', 'MALE', '2019-05-11 13:15:40', '2019-05-11 13:15:40'),
(1120, 16263, 'Pradip Kumar', 3, 6, 'praddy2698@gmail.com', 'MALE', '2019-05-11 13:15:40', '2019-05-11 13:15:40'),
(1121, 16199, 'Prashant Kumar Golay', 3, 6, 'prashkg007@gmail.com', 'MALE', '2019-05-11 13:15:40', '2019-05-11 13:15:40'),
(1122, 16092, 'Prashant Singh Negi', 3, 6, 'snegiprashant@gmail.com', 'MALE', '2019-05-11 13:15:40', '2019-05-11 13:15:40'),
(1123, 16251, 'Prince Yadav', 3, 6, 'princey876yy@gmail.com', 'MALE', '2019-05-11 13:15:40', '2019-05-11 13:15:40'),
(1124, 16228, 'Pritam Singh', 3, 6, 'pritamsinghchauhan0802@gmail.com', 'MALE', '2019-05-11 13:15:40', '2019-05-11 13:15:40'),
(1125, 16062, 'Priya Chauhan', 3, 6, 'pcpriyachauhan933@gmail.com', 'FEMALE', '2019-05-11 13:15:40', '2019-05-11 13:15:40'),
(1126, 16291, 'Priya Gupta', 3, 6, 'chasetheworld.4698@gmail.com', 'FEMALE', '2019-05-11 13:15:40', '2019-05-11 13:15:40'),
(1127, 16313, 'Priya Singh', 3, 6, 'swtpriya8765@gmail.com', 'FEMALE', '2019-05-11 13:15:40', '2019-05-11 13:15:40'),
(1128, 16336, 'Rahul', 3, 6, '98rahuldalal@gmail.com', 'MALE', '2019-05-11 13:15:40', '2019-05-11 13:15:40'),
(1129, 16163, 'Rahul Kumar Singh', 3, 6, 'rahulsingh9390@yahoo.in', 'MALE', '2019-05-11 13:15:40', '2019-05-11 13:15:40'),
(1130, 16095, 'Rahul Yadav', 3, 6, 'rahulyadav142857@gmail.com', 'MALE', '2019-05-11 13:15:40', '2019-05-11 13:15:40'),
(1131, 16254, 'Raj Kumar', 3, 6, 'suryabhai.raj@gmail.com', 'MALE', '2019-05-11 13:15:40', '2019-05-11 13:15:40'),
(1132, 16268, 'Ranjeet Kumar Shukla', 3, 6, 'ranjeet.kumarshukla999@gmail.com', 'MALE', '2019-05-11 13:15:40', '2019-05-11 13:15:40'),
(1133, 16191, 'RAVI KUMAR VARUDU', 3, 6, 'royalravi2630@gmail.com', 'MALE', '2019-05-11 13:15:40', '2019-05-11 13:15:40'),
(1134, 16337, 'Ravi Mudgal', 3, 6, 'ravi96mudgal@gmail.com', 'MALE', '2019-05-11 13:15:40', '2019-05-11 13:15:40'),
(1135, 16202, 'Rishu Kumar Roy', 3, 6, 'rishuray123@gmail.com', 'MALE', '2019-05-11 13:15:40', '2019-05-11 13:15:40'),
(1136, 16161, 'Rohan Datta', 3, 6, 'rohandatt@gmail.com', 'MALE', '2019-05-11 13:15:40', '2019-05-11 13:15:40'),
(1137, 16206, 'Rohit Mishra', 3, 6, 'rohitmishra4780@gmail.com', 'MALE', '2019-05-11 13:15:40', '2019-05-11 13:15:40'),
(1138, 16348, 'Rohit Raj', 3, 6, 'rraj05029@gmail.com', 'MALE', '2019-05-11 13:15:40', '2019-05-11 13:15:40'),
(1139, 16158, 'Sachin Kumar Singh', 3, 6, 'sachinsingh758@gmail.com', 'MALE', '2019-05-11 13:15:40', '2019-05-11 13:15:40'),
(1140, 16176, 'Saloni Verma', 3, 6, 'sal.verma48@gmail.com', 'FEMALE', '2019-05-11 13:15:40', '2019-05-11 13:15:40'),
(1141, 16091, 'Sandesh Sahebrao Salunkhe', 3, 6, 'sandy.decoder@gmail.com', 'MALE', '2019-05-11 13:15:40', '2019-05-11 13:15:40'),
(1142, 16197, 'Sanjay Singh', 3, 6, 'sanjaythakur1729@gmail.com', 'MALE', '2019-05-11 13:15:40', '2019-05-11 13:15:40'),
(1143, 16132, 'Sanjay Singh Rathoure', 3, 6, 'aitsanjay6129@gmail.com', 'MALE', '2019-05-11 13:15:40', '2019-05-11 13:15:40'),
(1144, 16240, 'Sanjeev Kumar', 3, 6, 'sanjeevkumarait16240@gmail.com', 'MALE', '2019-05-11 13:15:40', '2019-05-11 13:15:40'),
(1145, 16120, 'Sarvesh Kumar', 3, 6, 'sarvesh11498@gmail.com', 'MALE', '2019-05-11 13:15:40', '2019-05-11 13:15:40'),
(1146, 16277, 'Satinder Singh', 3, 6, 'science.reactor85@gmail.com', 'MALE', '2019-05-11 13:15:40', '2019-05-11 13:15:40'),
(1147, 16342, 'Satyender Choudhary', 3, 6, 'satyender1111@gmail.com', 'MALE', '2019-05-11 13:15:40', '2019-05-11 13:15:40'),
(1148, 16172, 'Saubhagaya Sahoo', 3, 6, 'saubhagyasahoo2@gmail.com', 'MALE', '2019-05-11 13:15:40', '2019-05-11 13:15:40'),
(1149, 16279, 'Saurabh Nagar', 3, 6, 'saurabhnagar_16279@aitpune.edu.in', 'MALE', '2019-05-11 13:15:40', '2019-05-11 13:15:40'),
(1150, 16139, 'Saurav Joshi', 3, 6, 'sauravjoshi91197@gmail.com', 'MALE', '2019-05-11 13:15:40', '2019-05-11 13:15:40'),
(1151, 16271, 'Saurav Kumar', 3, 6, 'svkrclg@gmail.com', 'MALE', '2019-05-11 13:15:40', '2019-05-11 13:15:40'),
(1152, 16145, 'Shashank Singh', 3, 6, 'shashanksinghrathore57@gamil.com', 'MALE', '2019-05-11 13:15:40', '2019-05-11 13:15:40'),
(1153, 16266, 'shivam kumar', 3, 6, 'shivamkumarrajput56789@gmail.com', 'MALE', '2019-05-11 13:15:40', '2019-05-11 13:15:40'),
(1154, 16230, 'SHIVAM MISHRA', 3, 6, 'shivamnonmed@gmail.com', 'MALE', '2019-05-11 13:15:40', '2019-05-11 13:15:40'),
(1155, 16282, 'Shivam Sharma', 3, 6, '177shivamss@gmail.com', 'MALE', '2019-05-11 13:15:40', '2019-05-11 13:15:40'),
(1156, 16063, 'Shreya Singh', 3, 6, 'shreyasingh53461999@gmail.com', 'FEMALE', '2019-05-11 13:15:40', '2019-05-11 13:15:40'),
(1157, 16353, 'Shweta Yadav', 3, 6, 'shwetay1508@gmail.com', 'FEMALE', '2019-05-11 13:15:40', '2019-05-11 13:15:40'),
(1158, 16076, 'SOUGATA GHOSH', 3, 6, 'sougataghosh314@gmail.com', 'MALE', '2019-05-11 13:15:40', '2019-05-11 13:15:40'),
(1159, 16165, 'Srishti Sachan', 3, 6, 'srishti.98.sachan@gmail.com', 'FEMALE', '2019-05-11 13:15:40', '2019-05-11 13:15:40'),
(1160, 16299, 'SUDHANSHU JOSHI', 3, 6, 'sjoshise7@gmail.com', 'MALE', '2019-05-11 13:15:40', '2019-05-11 13:15:40'),
(1161, 16146, 'Sumit Chandra JOSHI', 3, 6, 'sumit151997@gmail.com', 'MALE', '2019-05-11 13:15:40', '2019-05-11 13:15:40'),
(1162, 16329, 'Tanu kumar', 3, 6, 'tanukumarkvofdd@gmail.com', 'MALE', '2019-05-11 13:15:40', '2019-05-11 13:15:40'),
(1163, 16144, 'Tarun Sarkar', 3, 6, 'tarunsarkar_16144@aitpune.edu', 'MALE', '2019-05-11 13:15:40', '2019-05-11 13:15:40'),
(1164, 16198, 'Ujjwal Kumar Singh', 3, 6, 'brilliant.ujjwalkumar@gmail.com', 'MALE', '2019-05-11 13:15:41', '2019-05-11 13:15:41'),
(1165, 16211, 'Utkarsh Mishra', 3, 6, 'anmolmohit09@gmail.com', 'MALE', '2019-05-11 13:15:41', '2019-05-11 13:15:41'),
(1166, 16224, 'Vaibhav Solanki', 3, 6, 'vbhvsolanki7500@gmail.com', 'MALE', '2019-05-11 13:15:41', '2019-05-11 13:15:41'),
(1167, 16294, 'Vikram Singh', 3, 6, 'vinodvikrampoonia@gmail.com', 'MALE', '2019-05-11 13:15:41', '2019-05-11 13:15:41'),
(1168, 16284, 'Tanvi Singh', 3, 6, 'tanvisingh231@yahoo.in', 'FEMALE', '2019-05-11 13:15:41', '2019-05-11 13:15:41'),
(1169, 16334, 'Vikrant Kumar Mahto', 3, 6, 'vikrantmahtostarts@gmail.com', 'MALE', '2019-05-11 13:15:41', '2019-05-11 13:15:41'),
(1170, 16136, 'VIRENDRA SINGH SHEKHAWAT', 3, 6, 'vpsingh12157@gmail.com', 'MALE', '2019-05-11 13:15:41', '2019-05-11 13:15:41'),
(1171, 16490, 'Aakash', 3, 3, 'aakasheoran@gmail.com', 'MALE', '2019-05-11 13:15:41', '2019-05-11 13:15:41'),
(1172, 16689, 'Abhijeet Singh', 3, 3, 'abhijeetsinghraj2345@gmail.com', 'MALE', '2019-05-11 13:15:41', '2019-05-11 13:15:41'),
(1173, 16498, 'Abhishek Kumar', 3, 3, 'abhishekmcp123@gmail.com', 'MALE', '2019-05-11 13:15:41', '2019-05-11 13:15:41'),
(1174, 16437, 'Aditi', 3, 3, 'aditi410n@gmail.com', 'FEMALE', '2019-05-11 13:15:41', '2019-05-11 13:15:41'),
(1175, 16411, 'Ajay Singh', 3, 3, 'ajaynehrasikar@gmail.com', 'MALE', '2019-05-11 13:15:41', '2019-05-11 13:15:41'),
(1176, 16408, 'Amit Kumar Singh', 3, 3, 'amit220698@gmail.com', 'MALE', '2019-05-11 13:15:41', '2019-05-11 13:15:41'),
(1177, 16394, 'Anjali Singh', 3, 3, '12anjalisingh66@gmail.com', 'FEMALE', '2019-05-11 13:15:41', '2019-05-11 13:15:41'),
(1178, 16484, 'Ankita Kumari', 3, 3, 'ankuasingh69@gmail.com', 'FEMALE', '2019-05-11 13:15:41', '2019-05-11 13:15:41'),
(1179, 16550, 'Anshaj Upadhyay', 3, 3, 'appu.anshaj@gmail.com', 'MALE', '2019-05-11 13:15:41', '2019-05-11 13:15:41'),
(1180, 17930, 'Apurva Nandkumar Patne', 3, 3, 'apoorv.patne10@gmail.com', 'MALE', '2019-05-11 13:15:41', '2019-05-11 13:15:41'),
(1181, 16477, 'Arun Kumar Kushawaha', 3, 3, 'arunkk3127@gmail.com', 'MALE', '2019-05-11 13:15:41', '2019-05-11 13:15:41'),
(1182, 16533, 'ASHWINI LAXMAN BHOJANE', 3, 3, 'ashwinilb12@gmail.com', 'FEMALE', '2019-05-11 13:15:41', '2019-05-11 13:15:41'),
(1183, 16425, 'Astha Shukla', 3, 3, 'erasthashukla@gmail.com', 'FEMALE', '2019-05-11 13:15:41', '2019-05-11 13:15:41'),
(1184, 16373, 'Bharat Swaroop Sharma', 3, 3, 'bharat007sharma7@gmail.com', 'MALE', '2019-05-11 13:15:41', '2019-05-11 13:15:41'),
(1185, 16401, 'Bikrant Latwal', 3, 3, 'bikrantgeorgian6@gmail.com', 'MALE', '2019-05-11 13:15:41', '2019-05-11 13:15:41'),
(1186, 16512, 'Deepa Yadav', 3, 3, 'yadav.deepa1997@gmail.com', 'FEMALE', '2019-05-11 13:15:41', '2019-05-11 13:15:41'),
(1187, 16412, 'Deepak Kulhar', 3, 3, 'deepakkulhar4@gmail.com', 'MALE', '2019-05-11 13:15:41', '2019-05-11 13:15:41'),
(1188, 16506, 'Devendra Singh', 3, 3, 'devendersingh4524@gmail.com', 'MALE', '2019-05-11 13:15:41', '2019-05-11 13:15:41'),
(1189, 16371, 'Dilip Kumar', 3, 3, '9905935343dilip@gmail.com', 'MALE', '2019-05-11 13:15:41', '2019-05-11 13:15:41'),
(1190, 16446, 'Durgendra Nath Upadhyay', 3, 3, 'durgendra12345@gmail.com', 'MALE', '2019-05-11 13:15:41', '2019-05-11 13:15:41'),
(1191, 16469, 'Gaurav Singh', 3, 3, 'gsait469@gmail.com', 'MALE', '2019-05-11 13:15:41', '2019-05-11 13:15:41'),
(1192, 16521, 'Gayatri Basera', 3, 3, 'baseraanjali2@gmail.com', 'FEMALE', '2019-05-11 13:15:41', '2019-05-11 13:15:41'),
(1193, 16476, 'Harsimrat Kaur', 3, 3, 'harsimratsekhon98@gmail.com', 'FEMALE', '2019-05-11 13:15:41', '2019-05-11 13:15:41'),
(1194, 16458, 'Himanshu Chandel', 3, 3, 'himchandel1999@gmail.com', 'MALE', '2019-05-11 13:15:41', '2019-05-11 13:15:41'),
(1195, 16414, 'Jay Bahadur Pandey', 3, 3, 'jaybahadur1210@gmail.com', 'MALE', '2019-05-11 13:15:41', '2019-05-11 13:15:41'),
(1196, 16430, 'Kritika Suman', 3, 3, 'kritikasuman2016@gmail.com', 'FEMALE', '2019-05-11 13:15:41', '2019-05-11 13:15:41'),
(1197, 16465, 'Kulwinder Singh', 3, 3, 'ksingh6083@gmail.com', 'MALE', '2019-05-11 13:15:41', '2019-05-11 13:15:41'),
(1198, 16466, 'Lalit Kumar', 3, 3, 'lalitgurgaon23899@gmail.com', 'MALE', '2019-05-11 13:15:41', '2019-05-11 13:15:41'),
(1199, 16509, 'Mahesh Chandra', 3, 3, 'chanda.leo00@gmail.com', 'MALE', '2019-05-11 13:15:41', '2019-05-11 13:15:41'),
(1200, 16236, 'Md. Maniruzzaman', 3, 3, 'maniruzzaman64@gmail.com', 'MALE', '2019-05-11 13:15:41', '2019-05-11 13:15:41'),
(1201, 16415, 'Munesh Kumar Yadav', 3, 3, 'muneshy14@gmail.com', 'MALE', '2019-05-11 13:15:41', '2019-05-11 13:15:41'),
(1202, 16481, 'Naveen', 3, 3, 'naveenyadav2154@gmail.com', 'MALE', '2019-05-11 13:15:41', '2019-05-11 13:15:41'),
(1203, 16404, 'Neeraj Singh Chamyal', 3, 3, 'singh10neeraj@gmail.com', 'MALE', '2019-05-11 13:15:41', '2019-05-11 13:15:41'),
(1204, 16420, 'Pankaj Solanki', 3, 3, 'kajpan0709@gmail.com', 'MALE', '2019-05-11 13:15:41', '2019-05-11 13:15:41'),
(1205, 17927, 'Pawan Ashok Phalak', 3, 3, 'pawanphalak777@gmail.com', 'MALE', '2019-05-11 13:15:41', '2019-05-11 13:15:41'),
(1206, 16397, 'Prachi Dwivedi', 3, 3, 'prachidd1234@gmail.com', 'FEMALE', '2019-05-11 13:15:41', '2019-05-11 13:15:41'),
(1207, 16451, 'Puneet Kumar Mishra', 3, 3, 'puneetm16451@gmail.com', 'MALE', '2019-05-11 13:15:41', '2019-05-11 13:15:41'),
(1208, 16372, 'Pushpender Singh', 3, 3, 'pushpender117singh@gmail.com', 'MALE', '2019-05-11 13:15:41', '2019-05-11 13:15:41'),
(1209, 16496, 'Rahul Chauhan', 3, 3, 'rahulsp30101@gmail.com', 'MALE', '2019-05-11 13:15:41', '2019-05-11 13:15:41'),
(1210, 16340, 'Rajesh Kumar', 3, 3, 'meritrajesh.a1@gmail.com', 'MALE', '2019-05-11 13:15:41', '2019-05-11 13:15:41'),
(1211, 16376, 'Rekita Supyal', 3, 3, 'rukja2014@gmail.com', 'FEMALE', '2019-05-11 13:15:41', '2019-05-11 13:15:41'),
(1212, 16395, 'Rohit Kumar', 3, 3, 'rohitshandilya82@gmail.com', 'MALE', '2019-05-11 13:15:41', '2019-05-11 13:15:41'),
(1213, 16472, 'Sarthak Rajneesh', 3, 3, 'mebesilent@gmail.com', 'MALE', '2019-05-11 13:15:41', '2019-05-11 13:15:41'),
(1214, 16428, 'Satyajit Singh', 3, 3, 'xinus404@gmail.com', 'MALE', '2019-05-11 13:15:41', '2019-05-11 13:15:41'),
(1215, 16416, 'Saurav', 3, 3, 'sainisantosh73@gmail.com', 'MALE', '2019-05-11 13:15:41', '2019-05-11 13:15:41'),
(1216, 16504, 'Shahid Maula Kamirkar', 3, 3, 'kamirkars@gmail.com', 'MALE', '2019-05-11 13:15:41', '2019-05-11 13:15:41'),
(1217, 16386, 'A Shiva Krishna', 3, 3, 'shivakrishna215199@gmail.com', 'MALE', '2019-05-11 13:15:41', '2019-05-11 13:15:41'),
(1218, 16486, 'Shweta Dhanajirao Patil', 3, 3, 'shwetapatil_16486@aitpune.edu.in', 'FEMALE', '2019-05-11 13:15:41', '2019-05-11 13:15:41'),
(1219, 16525, 'Somesh', 3, 3, 'somesh.yadav13@gmail.com', 'MALE', '2019-05-11 13:15:41', '2019-05-11 13:15:41'),
(1220, 16367, 'Sourav Sharma', 3, 3, 'rjsourav@outlook.com', 'MALE', '2019-05-11 13:15:41', '2019-05-11 13:15:41'),
(1221, 16740, 'Subhendu Das Mohapatra', 3, 3, 'subhendu.bapu@gmail.com', 'MALE', '2019-05-11 13:15:41', '2019-05-11 13:15:41'),
(1222, 16392, 'Sumit Kumar', 3, 3, 'skvd07@gmail.com', 'MALE', '2019-05-11 13:15:41', '2019-05-11 13:15:41'),
(1223, 16536, 'Sunny Sarma', 3, 3, 'sunnysarma007@yahoo.com', 'MALE', '2019-05-11 13:15:41', '2019-05-11 13:15:41'),
(1224, 16529, 'Swaraj Surendra Patel', 3, 3, 'swarajpatel001@gmail.com', 'MALE', '2019-05-11 13:15:41', '2019-05-11 13:15:41'),
(1225, 16439, 'Ujjal Pal', 3, 3, 'ujjalpal04091997@gmail.com', 'MALE', '2019-05-11 13:15:41', '2019-05-11 13:15:41'),
(1226, 16493, 'Varsha Kanwar', 3, 3, 'varshakanwar7@gmail.com', 'FEMALE', '2019-05-11 13:15:41', '2019-05-11 13:15:41'),
(1227, 16449, 'Veer Abhimanyu Singh', 3, 3, 'veerabhimanyu127@gmail.com', 'MALE', '2019-05-11 13:15:41', '2019-05-11 13:15:41'),
(1228, 16377, 'Vighnesh Tiwari', 3, 3, 'vighneshtiwari16377@gmail.com', 'MALE', '2019-05-11 13:15:41', '2019-05-11 13:15:41'),
(1229, 16584, 'Vishal Krishan', 3, 3, 'vishalkrishan4542@gmail.com', 'MALE', '2019-05-11 13:15:41', '2019-05-11 13:15:41'),
(1230, 16492, 'Y Anusha', 3, 3, 'anushareddyrocks16@gmail.com', 'FEMALE', '2019-05-11 13:15:41', '2019-05-11 13:15:41'),
(1231, 16402, 'Abhishek Kumar', 3, 4, 'luaaks.abhi@gmail.com', 'MALE', '2019-05-11 13:15:41', '2019-05-11 13:15:41'),
(1232, 16604, 'Abhishek Pundir', 3, 4, 'abhishekpundir346357@gmail.com', 'MALE', '2019-05-11 13:15:41', '2019-05-11 13:15:41'),
(1233, 16546, 'Ajay Devan', 3, 4, 'ajaysofficialid@gmail.com', 'MALE', '2019-05-11 13:15:41', '2019-05-11 13:15:41'),
(1234, 16424, 'Amit Kumar', 3, 4, 'amit67890dgf@gmail.com', 'MALE', '2019-05-11 13:15:41', '2019-05-11 13:15:41'),
(1235, 16535, 'Anuj Singh', 3, 4, 'anujchauhan149@gmail.com', 'MALE', '2019-05-11 13:15:41', '2019-05-11 13:15:41'),
(1236, 16540, 'Anurudh Kodoth', 3, 4, 'anurudhkodoth@gmail.com', 'MALE', '2019-05-11 13:15:41', '2019-05-11 13:15:41'),
(1237, 16586, 'ARCHIT BAJPAI', 3, 4, 'architbajpai72@gmail.com', 'MALE', '2019-05-11 13:15:41', '2019-05-11 13:15:41'),
(1238, 16483, 'Arun Kumar Saraswat', 3, 4, 'arunkumarsaraswat_16483@aitpune.edu.in', 'MALE', '2019-05-11 13:15:41', '2019-05-11 13:15:41'),
(1239, 16508, 'Avinov Ashish', 3, 4, 'avinov004@gmail.com', 'MALE', '2019-05-11 13:15:41', '2019-05-11 13:15:41'),
(1240, 16618, 'B Nitin Kumar', 3, 4, 'nitinkumar.kumar14@gmail.com', 'MALE', '2019-05-11 13:15:41', '2019-05-11 13:15:41'),
(1241, 16511, 'Bhanu Pratap Singh', 3, 4, 'madhevkumar.maruti@gmail.com', 'MALE', '2019-05-11 13:15:41', '2019-05-11 13:15:41'),
(1242, 16519, 'Bishal Kashyap', 3, 4, 'bishalkashyap1@gmail.com', 'MALE', '2019-05-11 13:15:41', '2019-05-11 13:15:41'),
(1243, 16385, 'BRIJESH SINGH', 3, 4, 'BRIJESH794@GMAIL.COM', 'MALE', '2019-05-11 13:15:41', '2019-05-11 13:15:41'),
(1244, 17914, 'Deepak Singh Bora', 3, 4, 'deepakbora1997@gmail.com', 'MALE', '2019-05-11 13:15:41', '2019-05-11 13:15:41'),
(1245, 16524, 'Dikshant Bisht', 3, 4, 'dikshantbisht_16524@aitpune.edu.in', 'MALE', '2019-05-11 13:15:41', '2019-05-11 13:15:41'),
(1246, 16258, 'G Akhil', 3, 4, 'gakhil625@gmail.com', 'MALE', '2019-05-11 13:15:41', '2019-05-11 13:15:41'),
(1247, 16360, 'Ganesh Rajendra Udar', 3, 4, 'ganeshudar3@gmail.com', 'MALE', '2019-05-11 13:15:41', '2019-05-11 13:15:41'),
(1248, 16250, 'Himanshu', 3, 4, 'Himanshurancho@gmail.com', 'MALE', '2019-05-11 13:15:41', '2019-05-11 13:15:41'),
(1249, 16547, 'Himanshu Singh', 3, 4, 'himanshusingh_16547@aitpune.edu.in', 'MALE', '2019-05-11 13:15:41', '2019-05-11 13:15:41'),
(1250, 16301, 'Jagat Jyoti Das', 3, 4, 'jjdas17@gmail.com', 'MALE', '2019-05-11 13:15:41', '2019-05-11 13:15:41'),
(1251, 16375, 'Kumar Saundarya', 3, 4, 'krsaundarya1698@gmail.com', 'MALE', '2019-05-11 13:15:41', '2019-05-11 13:15:41'),
(1252, 16538, 'Loveneet Rajawat', 3, 4, 'loveneetr398@gmail.com', 'MALE', '2019-05-11 13:15:41', '2019-05-11 13:15:41'),
(1253, 17925, 'Malay Mishra', 3, 4, 'malaymishra164@gmail.com', 'MALE', '2019-05-11 13:15:41', '2019-05-11 13:15:41'),
(1254, 16374, 'Malaya Ranjan Sahoo', 3, 4, 'ranjanmalaya1998@gmail.com', 'MALE', '2019-05-11 13:15:41', '2019-05-11 13:15:41'),
(1255, 16362, 'Mandeep Singh', 3, 4, 'mandeep0702@yahoo.com', 'MALE', '2019-05-11 13:15:41', '2019-05-11 13:15:41'),
(1256, 17921, 'Manoj Kale', 3, 4, 'im.manojkale@gmail.com', 'MALE', '2019-05-11 13:15:42', '2019-05-11 13:15:42'),
(1257, 16567, 'Mehul kumar', 3, 4, 'mehulkr9560@gmail.com', 'MALE', '2019-05-11 13:15:42', '2019-05-11 13:15:42'),
(1258, 16571, 'Mohit Negi', 3, 4, 'negimohit360@gmail.com', 'MALE', '2019-05-11 13:15:42', '2019-05-11 13:15:42'),
(1259, 16608, 'Mohit Singh', 3, 4, 'mohitsingh122134@yahoo.com', 'MALE', '2019-05-11 13:15:42', '2019-05-11 13:15:42'),
(1260, 16622, 'Niraj Kumar', 3, 4, 'nk229468@gmail.com', 'MALE', '2019-05-11 13:15:42', '2019-05-11 13:15:42'),
(1261, 16363, 'O R N KARTHIK', 3, 4, 'karthikonteddu036@gmail.com', 'MALE', '2019-05-11 13:15:42', '2019-05-11 13:15:42'),
(1262, 16289, 'PANKAJ KUMAR CHAURASIA', 3, 4, 'ppankajj0123@gmail.com', 'MALE', '2019-05-11 13:15:42', '2019-05-11 13:15:42'),
(1263, 16624, 'Pankaj kumar Yadav', 3, 4, 'pankajyadav270727@gmail.com', 'MALE', '2019-05-11 13:15:42', '2019-05-11 13:15:42'),
(1264, 16590, 'PAVULURI BHARADWAJA', 3, 4, 'pavuluri_16590@aitpune.edu.in', 'MALE', '2019-05-11 13:15:42', '2019-05-11 13:15:42'),
(1265, 16387, 'PAWAN KUMAR', 3, 4, 'GURURANIPAWAN123@GMAIL.COM', 'MALE', '2019-05-11 13:15:42', '2019-05-11 13:15:42'),
(1266, 16205, 'pramod kumar saini', 3, 4, 'pkponkh82@gmail.com', 'MALE', '2019-05-11 13:15:42', '2019-05-11 13:15:42'),
(1267, 16562, 'PRASHANT SINGH', 3, 4, 'smstopprashant@gmail.com', 'MALE', '2019-05-11 13:15:42', '2019-05-11 13:15:42'),
(1268, 16457, 'Rahul Singh', 3, 4, 'rahulsis2012@gmail.com', 'MALE', '2019-05-11 13:15:42', '2019-05-11 13:15:42'),
(1269, 16370, 'Raja Kushwaha', 3, 4, 'rajakushwaha0823@gmail.com', 'MALE', '2019-05-11 13:15:42', '2019-05-11 13:15:42'),
(1270, 16513, 'Rohit Bisht', 3, 4, 'rb13071998@gmail.com', 'MALE', '2019-05-11 13:15:42', '2019-05-11 13:15:42'),
(1271, 16185, 'Rohit Chauhan', 3, 4, 'RAHUL.ARVIND.CHAUHAN.7@GMAIL.COM', 'MALE', '2019-05-11 13:15:42', '2019-05-11 13:15:42'),
(1272, 16574, 'Rohit Kumar', 3, 4, 'rohit141242@gmail.com', 'MALE', '2019-05-11 13:15:42', '2019-05-11 13:15:42'),
(1273, 16572, 'Rohit Patel', 3, 4, 'rohit20013@gmail.com', 'MALE', '2019-05-11 13:15:42', '2019-05-11 13:15:42'),
(1274, 16553, 'Rohit Prasad', 3, 4, '17rohit.prasad@gmail.com', 'MALE', '2019-05-11 13:15:42', '2019-05-11 13:15:42'),
(1275, 16267, 'Saanu Abraham Mathew', 3, 4, 'saanu.mathew@gmail.com', 'MALE', '2019-05-11 13:15:42', '2019-05-11 13:15:42'),
(1276, 16174, 'Sangam Kumar Padhi', 3, 4, 'skp12kumar@gmail.com', 'MALE', '2019-05-11 13:15:42', '2019-05-11 13:15:42'),
(1277, 16575, 'Shailesh Kushwaha', 3, 4, 'shaileshkushwaha777@gmail.com', 'MALE', '2019-05-11 13:15:42', '2019-05-11 13:15:42'),
(1278, 16482, 'Shivam Singh Tomar', 3, 4, 'shivamtomar0124@gmail.com', 'MALE', '2019-05-11 13:15:42', '2019-05-11 13:15:42'),
(1279, 16494, 'Shubham Kumar', 3, 4, 'guyshubham2013@gmail.com', 'MALE', '2019-05-11 13:15:42', '2019-05-11 13:15:42'),
(1280, 16515, 'Souvik Chatterjee', 3, 4, 'souvikchatterjee2789@gmail.com', 'MALE', '2019-05-11 13:15:42', '2019-05-11 13:15:42'),
(1281, 16272, 'Subhash Chandra', 3, 4, 'subhash56462@gmail.com', 'MALE', '2019-05-11 13:15:42', '2019-05-11 13:15:42'),
(1282, 16186, 'Swadesh Suman', 3, 4, 'swadesh.ni@gmail.com', 'MALE', '2019-05-11 13:15:42', '2019-05-11 13:15:42'),
(1283, 17922, 'Swati Singh', 3, 4, 'vijaysingh73w@gmail.com', 'FEMALE', '2019-05-11 13:15:42', '2019-05-11 13:15:42'),
(1284, 16445, 'Vinay kumar Tiwari', 3, 4, 'tii21209051yaniv@gmail.com', 'MALE', '2019-05-11 13:15:42', '2019-05-11 13:15:42'),
(1285, 16380, 'Vineeth Uppada', 3, 4, 'uvreddy.1998@gmail.com', 'MALE', '2019-05-11 13:15:42', '2019-05-11 13:15:42'),
(1286, 16407, 'Vishal Salaria', 3, 4, 'salariavishal786@gmail.com', 'MALE', '2019-05-11 13:15:42', '2019-05-11 13:15:42'),
(1287, 16280, 'PRAJAY VIJAY BOLDHANE', 3, 4, 'prajay1536.pb@gmail.com', 'MALE', '2019-05-11 13:15:42', '2019-05-11 13:15:42'),
(1288, 16292, 'Yogendra Sharma', 3, 4, 'yogendra1999sharma@gmail.com', 'MALE', '2019-05-11 13:15:42', '2019-05-11 13:15:42'),
(1289, 15267, 'Gaurav Shahi', 3, 4, 'gauravshahi48@gmail.com', 'MALE', '2019-05-11 13:15:42', '2019-05-11 13:15:42'),
(1290, 15411, 'Niranjana Nair', 3, 4, 'niranjansanair@gmail.com', 'FEMALE', '2019-05-11 13:15:42', '2019-05-11 13:15:42'),
(1291, 15139, 'Suggu vaikuntham hemantreddy', 3, 4, 'sugguhemant@gmail.com', 'MALE', '2019-05-11 13:15:42', '2019-05-11 13:15:42'),
(1292, 15285, 'Rachit Chandrashekhar Bandale', 3, 4, 'rachit.sasuke@gmail.com', 'MALE', '2019-05-11 13:15:42', '2019-05-11 13:15:42'),
(1293, 18982, 'santosh vasant bandgar', 3, 4, 'vsantoshbandgar@gmail.com', 'MALE', '2019-05-11 13:15:42', '2019-05-11 13:15:42'),
(1294, 18464, 'Abhilash Kumar Trivedi', 1, 3, 'abhilashtrivedi99@gmail.com', 'MALE', '2019-05-11 17:47:31', '2019-05-11 17:47:31');

-- --------------------------------------------------------

--
-- Table structure for table `years`
--

CREATE TABLE `years` (
  `id` int(10) UNSIGNED NOT NULL,
  `year` int(10) UNSIGNED NOT NULL,
  `name` varchar(10) COLLATE utf8mb4_unicode_ci NOT NULL,
  `created_at` timestamp NULL DEFAULT NULL,
  `updated_at` timestamp NULL DEFAULT NULL
) ENGINE=MyISAM DEFAULT CHARSET=utf8mb4 COLLATE=utf8mb4_unicode_ci;

--
-- Dumping data for table `years`
--

INSERT INTO `years` (`id`, `year`, `name`, `created_at`, `updated_at`) VALUES
(1, 1, 'FE', NULL, NULL),
(2, 2, 'SE', NULL, NULL),
(3, 3, 'TE', NULL, NULL),
(4, 4, 'BE', NULL, NULL);

--
-- Indexes for dumped tables
--

--
-- Indexes for table `admins`
--
ALTER TABLE `admins`
  ADD PRIMARY KEY (`id`),
  ADD UNIQUE KEY `admins_email_unique` (`email`);

--
-- Indexes for table `admin_role`
--
ALTER TABLE `admin_role`
  ADD PRIMARY KEY (`id`),
  ADD KEY `admin_role_admin_id_foreign` (`admin_id`);

--
-- Indexes for table `applications`
--
ALTER TABLE `applications`
  ADD PRIMARY KEY (`id`),
  ADD UNIQUE KEY `applications_regno_unique` (`regno`);

--
-- Indexes for table `boyshostels`
--
ALTER TABLE `boyshostels`
  ADD PRIMARY KEY (`id`);

--
-- Indexes for table `branches`
--
ALTER TABLE `branches`
  ADD PRIMARY KEY (`id`);

--
-- Indexes for table `capacities`
--
ALTER TABLE `capacities`
  ADD PRIMARY KEY (`id`);

--
-- Indexes for table `feedback`
--
ALTER TABLE `feedback`
  ADD PRIMARY KEY (`id`);

--
-- Indexes for table `floors`
--
ALTER TABLE `floors`
  ADD PRIMARY KEY (`id`);

--
-- Indexes for table `hostelcategories`
--
ALTER TABLE `hostelcategories`
  ADD PRIMARY KEY (`id`);

--
-- Indexes for table `hostels`
--
ALTER TABLE `hostels`
  ADD PRIMARY KEY (`id`),
  ADD KEY `hostels_hostel_id_foreign` (`hostel_id`);

--
-- Indexes for table `merits`
--
ALTER TABLE `merits`
  ADD PRIMARY KEY (`id`);

--
-- Indexes for table `migrations`
--
ALTER TABLE `migrations`
  ADD PRIMARY KEY (`id`);

--
-- Indexes for table `password_resets`
--
ALTER TABLE `password_resets`
  ADD KEY `password_resets_email_index` (`email`);

--
-- Indexes for table `roles`
--
ALTER TABLE `roles`
  ADD PRIMARY KEY (`id`),
  ADD UNIQUE KEY `roles_name_unique` (`name`);

--
-- Indexes for table `roomtypes`
--
ALTER TABLE `roomtypes`
  ADD PRIMARY KEY (`id`);

--
-- Indexes for table `studenthostels`
--
ALTER TABLE `studenthostels`
  ADD PRIMARY KEY (`id`);

--
-- Indexes for table `studentmerits`
--
ALTER TABLE `studentmerits`
  ADD PRIMARY KEY (`id`);

--
-- Indexes for table `users`
--
ALTER TABLE `users`
  ADD PRIMARY KEY (`id`),
  ADD UNIQUE KEY `users_email_unique` (`email`);

--
-- Indexes for table `user_data`
--
ALTER TABLE `user_data`
  ADD PRIMARY KEY (`id`);

--
-- Indexes for table `years`
--
ALTER TABLE `years`
  ADD PRIMARY KEY (`id`);

--
-- AUTO_INCREMENT for dumped tables
--

--
-- AUTO_INCREMENT for table `admins`
--
ALTER TABLE `admins`
  MODIFY `id` int(10) UNSIGNED NOT NULL AUTO_INCREMENT, AUTO_INCREMENT=6;

--
-- AUTO_INCREMENT for table `admin_role`
--
ALTER TABLE `admin_role`
  MODIFY `id` int(10) UNSIGNED NOT NULL AUTO_INCREMENT, AUTO_INCREMENT=6;

--
-- AUTO_INCREMENT for table `applications`
--
ALTER TABLE `applications`
  MODIFY `id` int(10) UNSIGNED NOT NULL AUTO_INCREMENT, AUTO_INCREMENT=347;

--
-- AUTO_INCREMENT for table `boyshostels`
--
ALTER TABLE `boyshostels`
  MODIFY `id` int(10) UNSIGNED NOT NULL AUTO_INCREMENT, AUTO_INCREMENT=437;

--
-- AUTO_INCREMENT for table `branches`
--
ALTER TABLE `branches`
  MODIFY `id` int(10) UNSIGNED NOT NULL AUTO_INCREMENT, AUTO_INCREMENT=12;

--
-- AUTO_INCREMENT for table `capacities`
--
ALTER TABLE `capacities`
  MODIFY `id` int(10) UNSIGNED NOT NULL AUTO_INCREMENT, AUTO_INCREMENT=4;

--
-- AUTO_INCREMENT for table `feedback`
--
ALTER TABLE `feedback`
  MODIFY `id` int(10) UNSIGNED NOT NULL AUTO_INCREMENT, AUTO_INCREMENT=28;

--
-- AUTO_INCREMENT for table `floors`
--
ALTER TABLE `floors`
  MODIFY `id` int(10) UNSIGNED NOT NULL AUTO_INCREMENT, AUTO_INCREMENT=5;

--
-- AUTO_INCREMENT for table `hostelcategories`
--
ALTER TABLE `hostelcategories`
  MODIFY `id` int(10) UNSIGNED NOT NULL AUTO_INCREMENT, AUTO_INCREMENT=3;

--
-- AUTO_INCREMENT for table `hostels`
--
ALTER TABLE `hostels`
  MODIFY `id` int(10) UNSIGNED NOT NULL AUTO_INCREMENT, AUTO_INCREMENT=8;

--
-- AUTO_INCREMENT for table `merits`
--
ALTER TABLE `merits`
  MODIFY `id` int(10) UNSIGNED NOT NULL AUTO_INCREMENT;

--
-- AUTO_INCREMENT for table `migrations`
--
ALTER TABLE `migrations`
  MODIFY `id` int(10) UNSIGNED NOT NULL AUTO_INCREMENT, AUTO_INCREMENT=22;

--
-- AUTO_INCREMENT for table `roles`
--
ALTER TABLE `roles`
  MODIFY `id` int(10) UNSIGNED NOT NULL AUTO_INCREMENT, AUTO_INCREMENT=6;

--
-- AUTO_INCREMENT for table `roomtypes`
--
ALTER TABLE `roomtypes`
  MODIFY `id` int(10) UNSIGNED NOT NULL AUTO_INCREMENT, AUTO_INCREMENT=5;

--
-- AUTO_INCREMENT for table `studenthostels`
--
ALTER TABLE `studenthostels`
  MODIFY `id` int(10) UNSIGNED NOT NULL AUTO_INCREMENT;

--
-- AUTO_INCREMENT for table `studentmerits`
--
ALTER TABLE `studentmerits`
  MODIFY `id` int(10) UNSIGNED NOT NULL AUTO_INCREMENT, AUTO_INCREMENT=1597;

--
-- AUTO_INCREMENT for table `users`
--
ALTER TABLE `users`
  MODIFY `id` int(10) UNSIGNED NOT NULL AUTO_INCREMENT, AUTO_INCREMENT=440;

--
-- AUTO_INCREMENT for table `user_data`
--
ALTER TABLE `user_data`
  MODIFY `id` int(10) UNSIGNED NOT NULL AUTO_INCREMENT, AUTO_INCREMENT=1296;

--
-- AUTO_INCREMENT for table `years`
--
ALTER TABLE `years`
  MODIFY `id` int(10) UNSIGNED NOT NULL AUTO_INCREMENT, AUTO_INCREMENT=5;
COMMIT;

/*!40101 SET CHARACTER_SET_CLIENT=@OLD_CHARACTER_SET_CLIENT */;
/*!40101 SET CHARACTER_SET_RESULTS=@OLD_CHARACTER_SET_RESULTS */;
/*!40101 SET COLLATION_CONNECTION=@OLD_COLLATION_CONNECTION */;
